filePath,pointSize,styleItemName,styleItemCategory,styleItemTags,notes
{Symbols_Root}\Appendices\SigInt\52110100.emf,32,Signal Intercept (Space) : Communications,Signals Intelligence - Space : Main Icon,Signals Intelligence - Space;Signal Intercept;Communications;Appendices\SigInt\52110100.svg;Point;Signal Intercept (Space) : Communications;50110100,icon is MAIN;image file does not exist;
{Symbols_Root}\Appendices\SigInt\52110200.emf,32,Signal Intercept (Space) : Jammer,Signals Intelligence - Space : Main Icon,Signals Intelligence - Space;Signal Intercept;Jammer;Appendices\SigInt\52110200.svg;Point;Signal Intercept (Space) : Jammer;50110200,icon is MAIN;image file does not exist;
{Symbols_Root}\Appendices\SigInt\52110300.emf,32,Signal Intercept (Space) : Radar,Signals Intelligence - Space : Main Icon,Signals Intelligence - Space;Signal Intercept;Radar;Appendices\SigInt\52110300.svg;Point;Signal Intercept (Space) : Radar;50110300,icon is MAIN;image file does not exist;
{Symbols_Root}\Appendices\SigInt\51110100.emf,32,Signal Intercept (Air) : Communications,Signals Intelligence - Air : Main Icon,Signals Intelligence - Air;Signal Intercept;Communications;Appendices\SigInt\51110100.svg;Point;Signal Intercept (Air) : Communications;51110100,icon is MAIN;image file does not exist;
{Symbols_Root}\Appendices\SigInt\51110200.emf,32,Signal Intercept (Air) : Jammer,Signals Intelligence - Air : Main Icon,Signals Intelligence - Air;Signal Intercept;Jammer;Appendices\SigInt\51110200.svg;Point;Signal Intercept (Air) : Jammer;51110200,icon is MAIN;image file does not exist;
{Symbols_Root}\Appendices\SigInt\51110300.emf,32,Signal Intercept (Air) : Radar,Signals Intelligence - Air : Main Icon,Signals Intelligence - Air;Signal Intercept;Radar;Appendices\SigInt\51110300.svg;Point;Signal Intercept (Air) : Radar;51110300,icon is MAIN;image file does not exist;
{Symbols_Root}\Appendices\SigInt\52110100.emf,32,Signal Intercept (Land) : Communications,Signals Intelligence - Land : Main Icon,Signals Intelligence - Land;Signal Intercept;Communications;Appendices\SigInt\52110100.svg;Point;Signal Intercept (Land) : Communications;52110100,icon is MAIN;image file does not exist;
{Symbols_Root}\Appendices\SigInt\52110200.emf,32,Signal Intercept (Land) : Jammer,Signals Intelligence - Land : Main Icon,Signals Intelligence - Land;Signal Intercept;Jammer;Appendices\SigInt\52110200.svg;Point;Signal Intercept (Land) : Jammer;52110200,icon is MAIN;image file does not exist;
{Symbols_Root}\Appendices\SigInt\52110300.emf,32,Signal Intercept (Land) : Radar,Signals Intelligence - Land : Main Icon,Signals Intelligence - Land;Signal Intercept;Radar;Appendices\SigInt\52110300.svg;Point;Signal Intercept (Land) : Radar;52110300,icon is MAIN;image file does not exist;
{Symbols_Root}\Appendices\SigInt\52110100.emf,32,Signal Intercept (Sea Surface) : Communications,Signals Intelligence - Surface : Main Icon,Signals Intelligence - Surface;Signal Intercept;Communications;Appendices\SigInt\52110100.svg;Point;Signal Intercept (Sea Surface) : Communications;53110100,icon is MAIN;image file does not exist;
{Symbols_Root}\Appendices\SigInt\52110200.emf,32,Signal Intercept (Sea Surface) : Jammer,Signals Intelligence - Surface : Main Icon,Signals Intelligence - Surface;Signal Intercept;Jammer;Appendices\SigInt\52110200.svg;Point;Signal Intercept (Sea Surface) : Jammer;53110200,icon is MAIN;image file does not exist;
{Symbols_Root}\Appendices\SigInt\52110300.emf,32,Signal Intercept (Sea Surface) : Radar,Signals Intelligence - Surface : Main Icon,Signals Intelligence - Surface;Signal Intercept;Radar;Appendices\SigInt\52110300.svg;Point;Signal Intercept (Sea Surface) : Radar;53110300,icon is MAIN;image file does not exist;
{Symbols_Root}\Appendices\SigInt\52110100.emf,32,Signal Intercept (Sea Subsurface) : Communications,Signals Intelligence - Subsurface : Main Icon,Signals Intelligence - Subsurface;Signal Intercept;Communications;Appendices\SigInt\52110100.svg;Point;Signal Intercept (Sea Subsurface) : Communications;54110100,icon is MAIN;image file does not exist;
{Symbols_Root}\Appendices\SigInt\52110200.emf,32,Signal Intercept (Sea Subsurface) : Jammer,Signals Intelligence - Subsurface : Main Icon,Signals Intelligence - Subsurface;Signal Intercept;Jammer;Appendices\SigInt\52110200.svg;Point;Signal Intercept (Sea Subsurface) : Jammer;54110200,icon is MAIN;image file does not exist;
{Symbols_Root}\Appendices\SigInt\52110300.emf,32,Signal Intercept (Sea Subsurface) : Radar,Signals Intelligence - Subsurface : Main Icon,Signals Intelligence - Subsurface;Signal Intercept;Radar;Appendices\SigInt\52110300.svg;Point;Signal Intercept (Sea Subsurface) : Radar;54110300,icon is MAIN;image file does not exist;
{Symbols_Root}\Appendices\SigInt\mod1\52141.emf,32,Space/Air/Land/Sea Surface/Subsurface Radar : Data Transmission (Space),Signals Intelligence - Space : Modifier 1,Signals Intelligence - Space;Modifier 1;Data Transmission;Appendices\SigInt\mod1\52141.svg;Point;Space/Air/Land/Sea Surface/Subsurface Radar : Data Transmission (Space);50141,image file does not exist;
{Symbols_Root}\Appendices\SigInt\mod1\52151.emf,32,Space Radar : Earth Surveillance,Signals Intelligence - Space : Modifier 1,Signals Intelligence - Space;Modifier 1;Earth Surveillance;Appendices\SigInt\mod1\52151.svg;Point;Space Radar : Earth Surveillance;50151,image file does not exist;
{Symbols_Root}\Appendices\SigInt\mod1\52211.emf,32,Space/Air/Land/Sea Surface/Subsurface Radar : Identification Friend or Foe (Interrogator) (Space),Signals Intelligence - Space : Modifier 1,Signals Intelligence - Space;Modifier 1;Identification Friend or Foe (Interrogator);Appendices\SigInt\mod1\52211.svg;Point;Space/Air/Land/Sea Surface/Subsurface Radar : Identification Friend or Foe (Interrogator) (Space);50211,image file does not exist;
{Symbols_Root}\Appendices\SigInt\mod1\52241.emf,32,Space/Air/Land/Sea Surface/Subsurface Radar : Identification Friend or Foe (Transponder) (Space),Signals Intelligence - Space : Modifier 1,Signals Intelligence - Space;Modifier 1;Identification Friend or Foe (Transponder);Appendices\SigInt\mod1\52241.svg;Point;Space/Air/Land/Sea Surface/Subsurface Radar : Identification Friend or Foe (Transponder) (Space);50241,image file does not exist;
{Symbols_Root}\Appendices\SigInt\mod1\52251.emf,32,Space/Air/Land/Sea Surface/Subsurface Jammer : Barrage Jammer (Space),Signals Intelligence - Space : Modifier 1,Signals Intelligence - Space;Modifier 1;Barrage Jammer;Appendices\SigInt\mod1\52251.svg;Point;Space/Air/Land/Sea Surface/Subsurface Jammer : Barrage Jammer (Space);50251,image file does not exist;
{Symbols_Root}\Appendices\SigInt\mod1\52261.emf,32,Space/Air/Land/Sea Surface/Subsurface Jammer : Click Jammer (Space),Signals Intelligence - Space : Modifier 1,Signals Intelligence - Space;Modifier 1;Click Jammer;Appendices\SigInt\mod1\52261.svg;Point;Space/Air/Land/Sea Surface/Subsurface Jammer : Click Jammer (Space);50261,image file does not exist;
{Symbols_Root}\Appendices\SigInt\mod1\52271.emf,32,Space/Air/Land/Sea Surface/Subsurface Jammer : Deceptive Jammer (Space),Signals Intelligence - Space : Modifier 1,Signals Intelligence - Space;Modifier 1;Deceptive Jammer;Appendices\SigInt\mod1\52271.svg;Point;Space/Air/Land/Sea Surface/Subsurface Jammer : Deceptive Jammer (Space);50271,image file does not exist;
{Symbols_Root}\Appendices\SigInt\mod1\52281.emf,32,Space/Air/Land/Sea Surface/Subsurface Jammer : Frequency Swept Jammer (Space),Signals Intelligence - Space : Modifier 1,Signals Intelligence - Space;Modifier 1;Frequency Swept Jammer;Appendices\SigInt\mod1\52281.svg;Point;Space/Air/Land/Sea Surface/Subsurface Jammer : Frequency Swept Jammer (Space);50281,image file does not exist;
{Symbols_Root}\Appendices\SigInt\mod1\52291.emf,32,Space/Air/Land/Sea Surface/Subsurface Jammer : Jammer (General) (Space),Signals Intelligence - Space : Modifier 1,Signals Intelligence - Space;Modifier 1;Jammer (General);Appendices\SigInt\mod1\52291.svg;Point;Space/Air/Land/Sea Surface/Subsurface Jammer : Jammer (General) (Space);50291,image file does not exist;
{Symbols_Root}\Appendices\SigInt\mod1\52301.emf,32,Space/Air/Land/Sea Surface/Subsurface Jammer : Noise Jammer (Space),Signals Intelligence - Space : Modifier 1,Signals Intelligence - Space;Modifier 1;Noise Jammer;Appendices\SigInt\mod1\52301.svg;Point;Space/Air/Land/Sea Surface/Subsurface Jammer : Noise Jammer (Space);50301,image file does not exist;
{Symbols_Root}\Appendices\SigInt\mod1\52311.emf,32,Space/Air/Land/Sea Surface/Subsurface Jammer : Pulsed Jammer (Space),Signals Intelligence - Space : Modifier 1,Signals Intelligence - Space;Modifier 1;Pulsed Jammer;Appendices\SigInt\mod1\52311.svg;Point;Space/Air/Land/Sea Surface/Subsurface Jammer : Pulsed Jammer (Space);50311,image file does not exist;
{Symbols_Root}\Appendices\SigInt\mod1\52321.emf,32,Space/Air/Land/Sea Surface/Subsurface Jammer : Repeater Jammer (Space),Signals Intelligence - Space : Modifier 1,Signals Intelligence - Space;Modifier 1;Repeater Jammer;Appendices\SigInt\mod1\52321.svg;Point;Space/Air/Land/Sea Surface/Subsurface Jammer : Repeater Jammer (Space);50321,image file does not exist;
{Symbols_Root}\Appendices\SigInt\mod1\52331.emf,32,Space/Air/Land/Sea Surface/Subsurface Jammer : Spot Noise Jammer (Space),Signals Intelligence - Space : Modifier 1,Signals Intelligence - Space;Modifier 1;Spot Noise Jammer;Appendices\SigInt\mod1\52331.svg;Point;Space/Air/Land/Sea Surface/Subsurface Jammer : Spot Noise Jammer (Space);50331,image file does not exist;
{Symbols_Root}\Appendices\SigInt\mod1\52341.emf,32,Space/Air/Land/Sea Surface/Subsurface Jammer : Transponder Jammer (Space),Signals Intelligence - Space : Modifier 1,Signals Intelligence - Space;Modifier 1;Transponder Jammer;Appendices\SigInt\mod1\52341.svg;Point;Space/Air/Land/Sea Surface/Subsurface Jammer : Transponder Jammer (Space);50341,image file does not exist;
{Symbols_Root}\Appendices\SigInt\mod1\52361.emf,32,Space/Air/Land/Sea Surface/Subsurface Jammer : Missile Control (Space),Signals Intelligence - Space : Modifier 1,Signals Intelligence - Space;Modifier 1;Missile Control;Appendices\SigInt\mod1\52361.svg;Point;Space/Air/Land/Sea Surface/Subsurface Jammer : Missile Control (Space);50361,image file does not exist;
{Symbols_Root}\Appendices\SigInt\mod1\52391.emf,32,Space/Air/Land/Sea Surface/Subsurface Jammer : Multi-Function (Space),Signals Intelligence - Space : Modifier 1,Signals Intelligence - Space;Modifier 1;Multi-Function;Appendices\SigInt\mod1\52391.svg;Point;Space/Air/Land/Sea Surface/Subsurface Jammer : Multi-Function (Space);50391,image file does not exist;
{Symbols_Root}\Appendices\SigInt\mod1\52421.emf,32,Space/Air/Land/Sea Surface/Subsurface Jammer : Missile Tracking (Space),Signals Intelligence - Space : Modifier 1,Signals Intelligence - Space;Modifier 1;Missile Tracking;Appendices\SigInt\mod1\52421.svg;Point;Space/Air/Land/Sea Surface/Subsurface Jammer : Missile Tracking (Space);50421,image file does not exist;
{Symbols_Root}\Appendices\SigInt\mod1\52431.emf,32,Space/Air/Land/Sea Surface/Subsurface Jammer : Navigational/General (Space),Signals Intelligence - Space : Modifier 1,Signals Intelligence - Space;Modifier 1;Navigational/General;Appendices\SigInt\mod1\52431.svg;Point;Space/Air/Land/Sea Surface/Subsurface Jammer : Navigational/General (Space);50431,image file does not exist;
{Symbols_Root}\Appendices\SigInt\mod1\52441.emf,32,Space/Air/Land/Sea Surface/Subsurface Jammer : Navigational/Distance Measuring Equipment (Space),Signals Intelligence - Space : Modifier 1,Signals Intelligence - Space;Modifier 1;Navigational/Distance Measuring Equipment;Appendices\SigInt\mod1\52441.svg;Point;Space/Air/Land/Sea Surface/Subsurface Jammer : Navigational/Distance Measuring Equipment (Space);50441,image file does not exist;
{Symbols_Root}\Appendices\SigInt\mod1\52451.emf,32,Space/Air/Land/Sea Surface/Subsurface Jammer : Navigation/Terrain Following (Space),Signals Intelligence - Space : Modifier 1,Signals Intelligence - Space;Modifier 1;Navigation/Terrain Following;Appendices\SigInt\mod1\52451.svg;Point;Space/Air/Land/Sea Surface/Subsurface Jammer : Navigation/Terrain Following (Space);50451,image file does not exist;
{Symbols_Root}\Appendices\SigInt\mod1\52491.emf,32,Space/Air/Land/Sea Surface/Subsurface Communications : Point-to-Point Line of Sight (LOS) (Space),Signals Intelligence - Space : Modifier 1,Signals Intelligence - Space;Modifier 1;Point-to-Point Line of Sight (LOS);Appendices\SigInt\mod1\52491.svg;Point;Space/Air/Land/Sea Surface/Subsurface Communications : Point-to-Point Line of Sight (LOS) (Space);50491,image file does not exist;
{Symbols_Root}\Appendices\SigInt\mod1\52501.emf,32,Space/Air/Land/Sea Surface/Subsurface Radar : Instrumentation (Space),Signals Intelligence - Space : Modifier 1,Signals Intelligence - Space;Modifier 1;Instrumentation;Appendices\SigInt\mod1\52501.svg;Point;Space/Air/Land/Sea Surface/Subsurface Radar : Instrumentation (Space);50501,image file does not exist;
{Symbols_Root}\Appendices\SigInt\mod1\52511.emf,32,Space/Air/Land/Sea Surface/Subsurface Radar : Range Only (Space),Signals Intelligence - Space : Modifier 1,Signals Intelligence - Space;Modifier 1;Range Only;Appendices\SigInt\mod1\52511.svg;Point;Space/Air/Land/Sea Surface/Subsurface Radar : Range Only (Space);50511,image file does not exist;
{Symbols_Root}\Appendices\SigInt\mod1\52531.emf,32,Space Communications : Satellite Downlink (Space),Signals Intelligence - Space : Modifier 1,Signals Intelligence - Space;Modifier 1;Satellite Downlink;Appendices\SigInt\mod1\52531.svg;Point;Space Communications : Satellite Downlink (Space);50531,image file does not exist;
{Symbols_Root}\Appendices\SigInt\mod1\52541.emf,32,Space/Air/Land/Sea Surface/Subsurface Radar : Space (Space),Signals Intelligence - Space : Modifier 1,Signals Intelligence - Space;Modifier 1;Space;Appendices\SigInt\mod1\52541.svg;Point;Space/Air/Land/Sea Surface/Subsurface Radar : Space (Space);50541,image file does not exist;
{Symbols_Root}\Appendices\SigInt\mod1\52551.emf,32,Space/Air/Land/Sea Surface/Subsurface Radar : Surface Search (Space),Signals Intelligence - Space : Modifier 1,Signals Intelligence - Space;Modifier 1;Surface Search;Appendices\SigInt\mod1\52551.svg;Point;Space/Air/Land/Sea Surface/Subsurface Radar : Surface Search (Space);50551,image file does not exist;
{Symbols_Root}\Appendices\SigInt\mod1\52581.emf,32,Space/Air/Land/Sea Surface/Subsurface Jammer : Target Acquisition (Space),Signals Intelligence - Space : Modifier 1,Signals Intelligence - Space;Modifier 1;Target Acquisition;Appendices\SigInt\mod1\52581.svg;Point;Space/Air/Land/Sea Surface/Subsurface Jammer : Target Acquisition (Space);50581,image file does not exist;
{Symbols_Root}\Appendices\SigInt\mod1\52611.emf,32,Space/Air/Land/Sea Surface/Subsurface Radar : Target Tracking (Space),Signals Intelligence - Space : Modifier 1,Signals Intelligence - Space;Modifier 1;Target Tracking;Appendices\SigInt\mod1\52611.svg;Point;Space/Air/Land/Sea Surface/Subsurface Radar : Target Tracking (Space);50611,image file does not exist;
{Symbols_Root}\Appendices\SigInt\mod1\52621.emf,32,Space/Air/Land/Sea Surface/Subsurface Radar : Unknown (Space),Signals Intelligence - Space : Modifier 1,Signals Intelligence - Space;Modifier 1;Unknown;Appendices\SigInt\mod1\52621.svg;Point;Space/Air/Land/Sea Surface/Subsurface Radar : Unknown (Space);50621,image file does not exist;
{Symbols_Root}\Appendices\SigInt\mod1\52631.emf,32,Space/Air/Land/Sea Surface/Subsurface Radar : Video Remoting (Space),Signals Intelligence - Space : Modifier 1,Signals Intelligence - Space;Modifier 1;Video Remoting;Appendices\SigInt\mod1\52631.svg;Point;Space/Air/Land/Sea Surface/Subsurface Radar : Video Remoting (Space);50631,image file does not exist;
{Symbols_Root}\Appendices\SigInt\mod1\52641.emf,32,Space/Air/Land/Sea Surface/Subsurface Radar : Experimental (Space),Signals Intelligence - Space : Modifier 1,Signals Intelligence - Space;Modifier 1;Experimental;Appendices\SigInt\mod1\52641.svg;Point;Space/Air/Land/Sea Surface/Subsurface Radar : Experimental (Space);50641,image file does not exist;
{Symbols_Root}\Appendices\SigInt\mod1\51021.emf,32,Air Radar : Airborne Search and Bombing,Signals Intelligence - Air : Modifier 1,Signals Intelligence - Air;Modifier 1;Airborne Search and Bombing;Appendices\SigInt\mod1\51021.svg;Point;Air Radar : Airborne Search and Bombing;51021,image file does not exist;
{Symbols_Root}\Appendices\SigInt\mod1\51031.emf,32,Air Radar : Airborne Intercept,Signals Intelligence - Air : Modifier 1,Signals Intelligence - Air;Modifier 1;Airborne Intercept;Appendices\SigInt\mod1\51031.svg;Point;Air Radar : Airborne Intercept;51031,image file does not exist;
{Symbols_Root}\Appendices\SigInt\mod1\51041.emf,32,Air Radar : Altimeter,Signals Intelligence - Air : Modifier 1,Signals Intelligence - Air;Modifier 1;Altimeter;Appendices\SigInt\mod1\51041.svg;Point;Air Radar : Altimeter;51041,image file does not exist;
{Symbols_Root}\Appendices\SigInt\mod1\51051.emf,32,Air Radar : Airborne Reconnaissance and Mapping,Signals Intelligence - Air : Modifier 1,Signals Intelligence - Air;Modifier 1;Airborne Reconnaissance and Mapping;Appendices\SigInt\mod1\51051.svg;Point;Air Radar : Airborne Reconnaissance and Mapping;51051,image file does not exist;
{Symbols_Root}\Appendices\SigInt\mod1\51061.emf,32,Air/Land/Sea Surface Radar : Air Traffic Control (Air),Signals Intelligence - Air : Modifier 1,Signals Intelligence - Air;Modifier 1;Air Traffic Control;Appendices\SigInt\mod1\51061.svg;Point;Air/Land/Sea Surface Radar : Air Traffic Control (Air);51061,image file does not exist;
{Symbols_Root}\Appendices\SigInt\mod1\51071.emf,32,Air/Land/Sea Surface/Subsurface Radar : Beacon Transponder (not IFF) (Air),Signals Intelligence - Air : Modifier 1,Signals Intelligence - Air;Modifier 1;Beacon Transponder (not IFF);Appendices\SigInt\mod1\51071.svg;Point;Air/Land/Sea Surface/Subsurface Radar : Beacon Transponder (not IFF) (Air);51071,image file does not exist;
{Symbols_Root}\Appendices\SigInt\mod1\51081.emf,32,Air/Land Radar : Battlefield Surveillance (Air),Signals Intelligence - Air : Modifier 1,Signals Intelligence - Air;Modifier 1;Battlefield Surveillance;Appendices\SigInt\mod1\51081.svg;Point;Air/Land Radar : Battlefield Surveillance (Air);51081,image file does not exist;
{Symbols_Root}\Appendices\SigInt\mod1\51101.emf,32,Air/Land/Sea Surface Radar : Controlled Intercept (Air),Signals Intelligence - Air : Modifier 1,Signals Intelligence - Air;Modifier 1;Controlled Intercept;Appendices\SigInt\mod1\51101.svg;Point;Air/Land/Sea Surface Radar : Controlled Intercept (Air);51101,image file does not exist;
{Symbols_Root}\Appendices\SigInt\mod1\51111.emf,32,Air/Land/Sea Surface/Subsurface Communications : Cellular/Mobile (Air),Signals Intelligence - Air : Modifier 1,Signals Intelligence - Air;Modifier 1;Cellular/Mobile;Appendices\SigInt\mod1\51111.svg;Point;Air/Land/Sea Surface/Subsurface Communications : Cellular/Mobile (Air);51111,image file does not exist;
{Symbols_Root}\Appendices\SigInt\mod1\51121.emf,32,Land Radar : Coastal Surveillance,Signals Intelligence - Air : Modifier 1,Signals Intelligence - Air;Modifier 1;Coastal Surveillance;Appendices\SigInt\mod1\51121.svg;Point;Land Radar : Coastal Surveillance;51121,image file does not exist;
{Symbols_Root}\Appendices\SigInt\mod1\51131.emf,32,Air/Land/Sea Surface/Subsurface Radar : Decoy/Mimic,Signals Intelligence - Air : Modifier 1,Signals Intelligence - Air;Modifier 1;Decoy/Mimic;Appendices\SigInt\mod1\51131.svg;Point;Air/Land/Sea Surface/Subsurface Radar : Decoy/Mimic;51131,image file does not exist;
{Symbols_Root}\Appendices\SigInt\mod1\51141.emf,32,Space/Air/Land/Sea Surface/Subsurface Radar : Data Transmission (Air),Signals Intelligence - Air : Modifier 1,Signals Intelligence - Air;Modifier 1;Data Transmission;Appendices\SigInt\mod1\51141.svg;Point;Space/Air/Land/Sea Surface/Subsurface Radar : Data Transmission (Air);51141,image file does not exist;
{Symbols_Root}\Appendices\SigInt\mod1\51161.emf,32,Air/Land/Sea Surface/Subsurface Radar : Early Warning (Air),Signals Intelligence - Air : Modifier 1,Signals Intelligence - Air;Modifier 1;Early Warning;Appendices\SigInt\mod1\51161.svg;Point;Air/Land/Sea Surface/Subsurface Radar : Early Warning (Air);51161,image file does not exist;
{Symbols_Root}\Appendices\SigInt\mod1\51171.emf,32,Air/Land/Sea Surface Radar : Fire Control (Air),Signals Intelligence - Air : Modifier 1,Signals Intelligence - Air;Modifier 1;Fire Control;Appendices\SigInt\mod1\51171.svg;Point;Air/Land/Sea Surface Radar : Fire Control (Air);51171,image file does not exist;
{Symbols_Root}\Appendices\SigInt\mod1\51181.emf,32,Air Radar : Ground Mapping,Signals Intelligence - Air : Modifier 1,Signals Intelligence - Air;Modifier 1;Ground Mapping;Appendices\SigInt\mod1\51181.svg;Point;Air Radar : Ground Mapping;51181,image file does not exist;
{Symbols_Root}\Appendices\SigInt\mod1\51211.emf,32,Space/Air/Land/Sea Surface/Subsurface Radar : Identification Friend or Foe (Interrogator) (Air),Signals Intelligence - Air : Modifier 1,Signals Intelligence - Air;Modifier 1;Identification Friend or Foe (Interrogator);Appendices\SigInt\mod1\51211.svg;Point;Space/Air/Land/Sea Surface/Subsurface Radar : Identification Friend or Foe (Interrogator) (Air);51211,image file does not exist;
{Symbols_Root}\Appendices\SigInt\mod1\51231.emf,32,Air/Land Radar : Ionospheric Sounding (Air),Signals Intelligence - Air : Modifier 1,Signals Intelligence - Air;Modifier 1;Ionospheric Sounding;Appendices\SigInt\mod1\51231.svg;Point;Air/Land Radar : Ionospheric Sounding (Air);51231,image file does not exist;
{Symbols_Root}\Appendices\SigInt\mod1\51241.emf,32,Space/Air/Land/Sea Surface/Subsurface Radar : Identification Friend or Foe (Transponder) (Air),Signals Intelligence - Air : Modifier 1,Signals Intelligence - Air;Modifier 1;Identification Friend or Foe (Transponder);Appendices\SigInt\mod1\51241.svg;Point;Space/Air/Land/Sea Surface/Subsurface Radar : Identification Friend or Foe (Transponder) (Air);51241,image file does not exist;
{Symbols_Root}\Appendices\SigInt\mod1\51251.emf,32,Space/Air/Land/Sea Surface/Subsurface Jammer : Barrage Jammer (Air),Signals Intelligence - Air : Modifier 1,Signals Intelligence - Air;Modifier 1;Barrage Jammer;Appendices\SigInt\mod1\51251.svg;Point;Space/Air/Land/Sea Surface/Subsurface Jammer : Barrage Jammer (Air);51251,image file does not exist;
{Symbols_Root}\Appendices\SigInt\mod1\51261.emf,32,Space/Air/Land/Sea Surface/Subsurface Jammer : Click Jammer (Air),Signals Intelligence - Air : Modifier 1,Signals Intelligence - Air;Modifier 1;Click Jammer;Appendices\SigInt\mod1\51261.svg;Point;Space/Air/Land/Sea Surface/Subsurface Jammer : Click Jammer (Air);51261,image file does not exist;
{Symbols_Root}\Appendices\SigInt\mod1\51271.emf,32,Space/Air/Land/Sea Surface/Subsurface Jammer : Deceptive Jammer (Air),Signals Intelligence - Air : Modifier 1,Signals Intelligence - Air;Modifier 1;Deceptive Jammer;Appendices\SigInt\mod1\51271.svg;Point;Space/Air/Land/Sea Surface/Subsurface Jammer : Deceptive Jammer (Air);51271,image file does not exist;
{Symbols_Root}\Appendices\SigInt\mod1\51281.emf,32,Space/Air/Land/Sea Surface/Subsurface Jammer : Frequency Swept Jammer (Air),Signals Intelligence - Air : Modifier 1,Signals Intelligence - Air;Modifier 1;Frequency Swept Jammer;Appendices\SigInt\mod1\51281.svg;Point;Space/Air/Land/Sea Surface/Subsurface Jammer : Frequency Swept Jammer (Air);51281,image file does not exist;
{Symbols_Root}\Appendices\SigInt\mod1\51291.emf,32,Space/Air/Land/Sea Surface/Subsurface Jammer : Jammer (General) (Air),Signals Intelligence - Air : Modifier 1,Signals Intelligence - Air;Modifier 1;Jammer (General);Appendices\SigInt\mod1\51291.svg;Point;Space/Air/Land/Sea Surface/Subsurface Jammer : Jammer (General) (Air);51291,image file does not exist;
{Symbols_Root}\Appendices\SigInt\mod1\51301.emf,32,Space/Air/Land/Sea Surface/Subsurface Jammer : Noise Jammer (Air),Signals Intelligence - Air : Modifier 1,Signals Intelligence - Air;Modifier 1;Noise Jammer;Appendices\SigInt\mod1\51301.svg;Point;Space/Air/Land/Sea Surface/Subsurface Jammer : Noise Jammer (Air);51301,image file does not exist;
{Symbols_Root}\Appendices\SigInt\mod1\51311.emf,32,Space/Air/Land/Sea Surface/Subsurface Jammer : Pulsed Jammer (Air),Signals Intelligence - Air : Modifier 1,Signals Intelligence - Air;Modifier 1;Pulsed Jammer;Appendices\SigInt\mod1\51311.svg;Point;Space/Air/Land/Sea Surface/Subsurface Jammer : Pulsed Jammer (Air);51311,image file does not exist;
{Symbols_Root}\Appendices\SigInt\mod1\51321.emf,32,Space/Air/Land/Sea Surface/Subsurface Jammer : Repeater Jammer (Air),Signals Intelligence - Air : Modifier 1,Signals Intelligence - Air;Modifier 1;Repeater Jammer;Appendices\SigInt\mod1\51321.svg;Point;Space/Air/Land/Sea Surface/Subsurface Jammer : Repeater Jammer (Air);51321,image file does not exist;
{Symbols_Root}\Appendices\SigInt\mod1\51331.emf,32,Space/Air/Land/Sea Surface/Subsurface Jammer : Spot Noise Jammer (Air),Signals Intelligence - Air : Modifier 1,Signals Intelligence - Air;Modifier 1;Spot Noise Jammer;Appendices\SigInt\mod1\51331.svg;Point;Space/Air/Land/Sea Surface/Subsurface Jammer : Spot Noise Jammer (Air);51331,image file does not exist;
{Symbols_Root}\Appendices\SigInt\mod1\51341.emf,32,Space/Air/Land/Sea Surface/Subsurface Jammer : Transponder Jammer (Air),Signals Intelligence - Air : Modifier 1,Signals Intelligence - Air;Modifier 1;Transponder Jammer;Appendices\SigInt\mod1\51341.svg;Point;Space/Air/Land/Sea Surface/Subsurface Jammer : Transponder Jammer (Air);51341,image file does not exist;
{Symbols_Root}\Appendices\SigInt\mod1\51351.emf,32,Air/Land/Sea Surface Radar : Missile Acquisition (Air),Signals Intelligence - Air : Modifier 1,Signals Intelligence - Air;Modifier 1;Missile Acquisition;Appendices\SigInt\mod1\51351.svg;Point;Air/Land/Sea Surface Radar : Missile Acquisition (Air);51351,image file does not exist;
{Symbols_Root}\Appendices\SigInt\mod1\51361.emf,32,Space/Air/Land/Sea Surface/Subsurface Radar : Missile Control (Air),Signals Intelligence - Air : Modifier 1,Signals Intelligence - Air;Modifier 1;Missile Control;Appendices\SigInt\mod1\51361.svg;Point;Space/Air/Land/Sea Surface/Subsurface Radar : Missile Control (Air);51361,image file does not exist;
{Symbols_Root}\Appendices\SigInt\mod1\51371.emf,32,Air Radar : Missile Downlink,Signals Intelligence - Air : Modifier 1,Signals Intelligence - Air;Modifier 1;Missile Downlink;Appendices\SigInt\mod1\51371.svg;Point;Air Radar : Missile Downlink;51371,image file does not exist;
{Symbols_Root}\Appendices\SigInt\mod1\51381.emf,32,Air/Land/Sea Surface Radar : Meteorological (Air),Signals Intelligence - Air : Modifier 1,Signals Intelligence - Air;Modifier 1;Meteorological;Appendices\SigInt\mod1\51381.svg;Point;Air/Land/Sea Surface Radar : Meteorological (Air);51381,image file does not exist;
{Symbols_Root}\Appendices\SigInt\mod1\51391.emf,32,Space/Air/Land/Sea Surface/Subsurface Jammer : Multi-Function (Air),Signals Intelligence - Air : Modifier 1,Signals Intelligence - Air;Modifier 1;Multi-Function;Appendices\SigInt\mod1\51391.svg;Point;Space/Air/Land/Sea Surface/Subsurface Jammer : Multi-Function (Air);51391,image file does not exist;
{Symbols_Root}\Appendices\SigInt\mod1\51401.emf,32,Air/Land/Sea Surface Radar : Missile Guidance (Air),Signals Intelligence - Air : Modifier 1,Signals Intelligence - Air;Modifier 1;Missile Guidance;Appendices\SigInt\mod1\51401.svg;Point;Air/Land/Sea Surface Radar : Missile Guidance (Air);51401,image file does not exist;
{Symbols_Root}\Appendices\SigInt\mod1\51411.emf,32,Air Radar : Missile Homing,Signals Intelligence - Air : Modifier 1,Signals Intelligence - Air;Modifier 1;Missile Homing;Appendices\SigInt\mod1\51411.svg;Point;Air Radar : Missile Homing;51411,image file does not exist;
{Symbols_Root}\Appendices\SigInt\mod1\51421.emf,32,Space/Air/Land/Sea Surface/Subsurface Jammer : Missile Tracking (Air),Signals Intelligence - Air : Modifier 1,Signals Intelligence - Air;Modifier 1;Missile Tracking;Appendices\SigInt\mod1\51421.svg;Point;Space/Air/Land/Sea Surface/Subsurface Jammer : Missile Tracking (Air);51421,image file does not exist;
{Symbols_Root}\Appendices\SigInt\mod1\51431.emf,32,Space/Air/Land/Sea Surface/Subsurface Jammer : Navigational/General (Air),Signals Intelligence - Air : Modifier 1,Signals Intelligence - Air;Modifier 1;Navigational/General;Appendices\SigInt\mod1\51431.svg;Point;Space/Air/Land/Sea Surface/Subsurface Jammer : Navigational/General (Air);51431,image file does not exist;
{Symbols_Root}\Appendices\SigInt\mod1\51441.emf,32,Space/Air/Land/Sea Surface/Subsurface Jammer : Navigational/Distance Measuring Equipment (Air),Signals Intelligence - Air : Modifier 1,Signals Intelligence - Air;Modifier 1;Navigational/Distance Measuring Equipment;Appendices\SigInt\mod1\51441.svg;Point;Space/Air/Land/Sea Surface/Subsurface Jammer : Navigational/Distance Measuring Equipment (Air);51441,image file does not exist;
{Symbols_Root}\Appendices\SigInt\mod1\51451.emf,32,Space/Air/Land/Sea Surface/Subsurface Jammer : Navigation/Terrain Following (Air),Signals Intelligence - Air : Modifier 1,Signals Intelligence - Air;Modifier 1;Navigation/Terrain Following;Appendices\SigInt\mod1\51451.svg;Point;Space/Air/Land/Sea Surface/Subsurface Jammer : Navigation/Terrain Following (Air);51451,image file does not exist;
{Symbols_Root}\Appendices\SigInt\mod1\51461.emf,32,Air/Land/Sea Surface/Subsurface Jammer : Navigational/Weather Avoidance (Air),Signals Intelligence - Air : Modifier 1,Signals Intelligence - Air;Modifier 1;Navigational/Weather Avoidance;Appendices\SigInt\mod1\51461.svg;Point;Air/Land/Sea Surface/Subsurface Jammer : Navigational/Weather Avoidance (Air);51461,image file does not exist;
{Symbols_Root}\Appendices\SigInt\mod1\51471.emf,32,Space/Air/Land/Sea Surface/Subsurface Communications : Omni-Line of Sight (LOS) (Air),Signals Intelligence - Air : Modifier 1,Signals Intelligence - Air;Modifier 1;Omni-Line of Sight (LOS);Appendices\SigInt\mod1\51471.svg;Point;Space/Air/Land/Sea Surface/Subsurface Communications : Omni-Line of Sight (LOS) (Air);51471,image file does not exist;
{Symbols_Root}\Appendices\SigInt\mod1\51481.emf,32,Air Radar : Proximity Use,Signals Intelligence - Air : Modifier 1,Signals Intelligence - Air;Modifier 1;Proximity Use;Appendices\SigInt\mod1\51481.svg;Point;Air Radar : Proximity Use;51481,image file does not exist;
{Symbols_Root}\Appendices\SigInt\mod1\51491.emf,32,Space/Air/Land/Sea Surface/Subsurface Communications : Point-to-Point Line of Sight (LOS) (Air),Signals Intelligence - Air : Modifier 1,Signals Intelligence - Air;Modifier 1;Point-to-Point Line of Sight (LOS);Appendices\SigInt\mod1\51491.svg;Point;Space/Air/Land/Sea Surface/Subsurface Communications : Point-to-Point Line of Sight (LOS) (Air);51491,image file does not exist;
{Symbols_Root}\Appendices\SigInt\mod1\51501.emf,32,Space/Air/Land/Sea Surface/Subsurface Radar : Instrumentation (Air),Signals Intelligence - Air : Modifier 1,Signals Intelligence - Air;Modifier 1;Instrumentation;Appendices\SigInt\mod1\51501.svg;Point;Space/Air/Land/Sea Surface/Subsurface Radar : Instrumentation (Air);51501,image file does not exist;
{Symbols_Root}\Appendices\SigInt\mod1\51511.emf,32,Space/Air/Land/Sea Surface/Subsurface Radar : Range Only (Air),Signals Intelligence - Air : Modifier 1,Signals Intelligence - Air;Modifier 1;Range Only;Appendices\SigInt\mod1\51511.svg;Point;Space/Air/Land/Sea Surface/Subsurface Radar : Range Only (Air);51511,image file does not exist;
{Symbols_Root}\Appendices\SigInt\mod1\51541.emf,32,Space/Air/Land/Sea Surface/Subsurface Radar : Space (Air),Signals Intelligence - Air : Modifier 1,Signals Intelligence - Air;Modifier 1;Space;Appendices\SigInt\mod1\51541.svg;Point;Space/Air/Land/Sea Surface/Subsurface Radar : Space (Air);51541,image file does not exist;
{Symbols_Root}\Appendices\SigInt\mod1\51551.emf,32,Space/Air/Land/Sea Surface/Subsurface Radar : Surface Search (Air),Signals Intelligence - Air : Modifier 1,Signals Intelligence - Air;Modifier 1;Surface Search;Appendices\SigInt\mod1\51551.svg;Point;Space/Air/Land/Sea Surface/Subsurface Radar : Surface Search (Air);51551,image file does not exist;
{Symbols_Root}\Appendices\SigInt\mod1\51571.emf,32,Air/Land/Sea Surface/Subsurface Radar : Satellite Uplink,Signals Intelligence - Air : Modifier 1,Signals Intelligence - Air;Modifier 1;Satellite Uplink;Appendices\SigInt\mod1\51571.svg;Point;Air/Land/Sea Surface/Subsurface Radar : Satellite Uplink;51571,image file does not exist;
{Symbols_Root}\Appendices\SigInt\mod1\51581.emf,32,Space/Air/Land/Sea Surface/Subsurface Radar : Target Acquisition,Signals Intelligence - Air : Modifier 1,Signals Intelligence - Air;Modifier 1;Target Acquisition;Appendices\SigInt\mod1\51581.svg;Point;Space/Air/Land/Sea Surface/Subsurface Radar : Target Acquisition;51581,image file does not exist;
{Symbols_Root}\Appendices\SigInt\mod1\51591.emf,32,Space/Air/Land/Sea Surface/Subsurface Radar : Target Illumination (Air),Signals Intelligence - Air : Modifier 1,Signals Intelligence - Air;Modifier 1;Target Illumination;Appendices\SigInt\mod1\51591.svg;Point;Space/Air/Land/Sea Surface/Subsurface Radar : Target Illumination (Air);51591,image file does not exist;
{Symbols_Root}\Appendices\SigInt\mod1\51611.emf,32,Space/Air/Land/Sea Surface/Subsurface Radar : Target Tracking (Air),Signals Intelligence - Air : Modifier 1,Signals Intelligence - Air;Modifier 1;Target Tracking;Appendices\SigInt\mod1\51611.svg;Point;Space/Air/Land/Sea Surface/Subsurface Radar : Target Tracking (Air);51611,image file does not exist;
{Symbols_Root}\Appendices\SigInt\mod1\51621.emf,32,Space/Air/Land/Sea Surface/Subsurface Radar : Unknown (Air),Signals Intelligence - Air : Modifier 1,Signals Intelligence - Air;Modifier 1;Unknown;Appendices\SigInt\mod1\51621.svg;Point;Space/Air/Land/Sea Surface/Subsurface Radar : Unknown (Air);51621,image file does not exist;
{Symbols_Root}\Appendices\SigInt\mod1\51631.emf,32,Space/Air/Land/Sea Surface/Subsurface Radar : Video Remoting (Air),Signals Intelligence - Air : Modifier 1,Signals Intelligence - Air;Modifier 1;Video Remoting;Appendices\SigInt\mod1\51631.svg;Point;Space/Air/Land/Sea Surface/Subsurface Radar : Video Remoting (Air);51631,image file does not exist;
{Symbols_Root}\Appendices\SigInt\mod1\51641.emf,32,Space/Air/Land/Sea Surface/Subsurface Radar : Experimental (Air),Signals Intelligence - Air : Modifier 1,Signals Intelligence - Air;Modifier 1;Experimental;Appendices\SigInt\mod1\51641.svg;Point;Space/Air/Land/Sea Surface/Subsurface Radar : Experimental (Air);51641,image file does not exist;
{Symbols_Root}\Appendices\SigInt\mod1\52011.emf,32,Land/Sea Surface Radar : Anti-Aircraft Fire Control (Land),Signals Intelligence - Land : Modifier 1,Signals Intelligence - Land;Modifier 1;Anti-Aircraft Fire Control;Appendices\SigInt\mod1\52011.svg;Point;Land/Sea Surface Radar : Anti-Aircraft Fire Control (Land);52011,image file does not exist;
{Symbols_Root}\Appendices\SigInt\mod1\52061.emf,32,Air/Land/Sea Surface Radar : Air Traffic Control (Land),Signals Intelligence - Land : Modifier 1,Signals Intelligence - Land;Modifier 1;Air Traffic Control;Appendices\SigInt\mod1\52061.svg;Point;Air/Land/Sea Surface Radar : Air Traffic Control (Land);52061,image file does not exist;
{Symbols_Root}\Appendices\SigInt\mod1\52071.emf,32,Air/Land/Sea Surface/Subsurface Radar : Beacon Transponder (not IFF) (Land),Signals Intelligence - Land : Modifier 1,Signals Intelligence - Land;Modifier 1;Beacon Transponder (not IFF);Appendices\SigInt\mod1\52071.svg;Point;Air/Land/Sea Surface/Subsurface Radar : Beacon Transponder (not IFF) (Land);52071,image file does not exist;
{Symbols_Root}\Appendices\SigInt\mod1\52081.emf,32,Air/Land Radar : Battlefield Surveillance (Land),Signals Intelligence - Land : Modifier 1,Signals Intelligence - Land;Modifier 1;Battlefield Surveillance;Appendices\SigInt\mod1\52081.svg;Point;Air/Land Radar : Battlefield Surveillance (Land);52081,image file does not exist;
{Symbols_Root}\Appendices\SigInt\mod1\52091.emf,32,Land/Sea Surface Radar : Controlled Approach (Land),Signals Intelligence - Land : Modifier 1,Signals Intelligence - Land;Modifier 1;Controlled Approach;Appendices\SigInt\mod1\52091.svg;Point;Land/Sea Surface Radar : Controlled Approach (Land);52091,image file does not exist;
{Symbols_Root}\Appendices\SigInt\mod1\52101.emf,32,Air/Land/Sea Surface Radar : Controlled Intercept (Land),Signals Intelligence - Land : Modifier 1,Signals Intelligence - Land;Modifier 1;Controlled Intercept;Appendices\SigInt\mod1\52101.svg;Point;Air/Land/Sea Surface Radar : Controlled Intercept (Land);52101,image file does not exist;
{Symbols_Root}\Appendices\SigInt\mod1\52111.emf,32,Air/Land/Sea Surface/Subsurface Communications : Cellular/Mobile (Land),Signals Intelligence - Land : Modifier 1,Signals Intelligence - Land;Modifier 1;Cellular/Mobile;Appendices\SigInt\mod1\52111.svg;Point;Air/Land/Sea Surface/Subsurface Communications : Cellular/Mobile (Land);52111,image file does not exist;
{Symbols_Root}\Appendices\SigInt\mod1\52131.emf,32,Space/Air/Land/Sea Surface/Subsurface Jammer : Decoy/Mimic (Land),Signals Intelligence - Land : Modifier 1,Signals Intelligence - Land;Modifier 1;Decoy/Mimic;Appendices\SigInt\mod1\52131.svg;Point;Space/Air/Land/Sea Surface/Subsurface Jammer : Decoy/Mimic (Land);52131,image file does not exist;
{Symbols_Root}\Appendices\SigInt\mod1\52141.emf,32,Space/Air/Land/Sea Surface/Subsurface Radar : Data Transmission (Land),Signals Intelligence - Land : Modifier 1,Signals Intelligence - Land;Modifier 1;Data Transmission;Appendices\SigInt\mod1\52141.svg;Point;Space/Air/Land/Sea Surface/Subsurface Radar : Data Transmission (Land);52141,image file does not exist;
{Symbols_Root}\Appendices\SigInt\mod1\52161.emf,32,Air/Land/Sea Surface/Subsurface Radar : Early Warning (Land),Signals Intelligence - Land : Modifier 1,Signals Intelligence - Land;Modifier 1;Early Warning;Appendices\SigInt\mod1\52161.svg;Point;Air/Land/Sea Surface/Subsurface Radar : Early Warning (Land);52161,image file does not exist;
{Symbols_Root}\Appendices\SigInt\mod1\52171.emf,32,Air/Land/Sea Surface Radar : Fire Control (Land),Signals Intelligence - Land : Modifier 1,Signals Intelligence - Land;Modifier 1;Fire Control;Appendices\SigInt\mod1\52171.svg;Point;Air/Land/Sea Surface Radar : Fire Control (Land);52171,image file does not exist;
{Symbols_Root}\Appendices\SigInt\mod1\52191.emf,32,Land/Sea Surface Radar : Height Finding (Land),Signals Intelligence - Land : Modifier 1,Signals Intelligence - Land;Modifier 1;Height Finding;Appendices\SigInt\mod1\52191.svg;Point;Land/Sea Surface Radar : Height Finding (Land);52191,image file does not exist;
{Symbols_Root}\Appendices\SigInt\mod1\52201.emf,32,Land Radar : Harbor Surveillance,Signals Intelligence - Land : Modifier 1,Signals Intelligence - Land;Modifier 1;Harbor Surveillance;Appendices\SigInt\mod1\52201.svg;Point;Land Radar : Harbor Surveillance;52201,image file does not exist;
{Symbols_Root}\Appendices\SigInt\mod1\52211.emf,32,Space/Air/Land/Sea Surface/Subsurface Radar : Identification Friend or Foe (Interrogator) (Land),Signals Intelligence - Land : Modifier 1,Signals Intelligence - Land;Modifier 1;Identification Friend or Foe (Interrogator);Appendices\SigInt\mod1\52211.svg;Point;Space/Air/Land/Sea Surface/Subsurface Radar : Identification Friend or Foe (Interrogator) (Land);52211,image file does not exist;
{Symbols_Root}\Appendices\SigInt\mod1\52221.emf,32,Land/Sea Surface Radar : Instrument Landing System (Land),Signals Intelligence - Land : Modifier 1,Signals Intelligence - Land;Modifier 1;Instrument Landing System;Appendices\SigInt\mod1\52221.svg;Point;Land/Sea Surface Radar : Instrument Landing System (Land);52221,image file does not exist;
{Symbols_Root}\Appendices\SigInt\mod1\52231.emf,32,Air/Land Radar : Ionospheric Sounding (Land),Signals Intelligence - Land : Modifier 1,Signals Intelligence - Land;Modifier 1;Ionospheric Sounding;Appendices\SigInt\mod1\52231.svg;Point;Air/Land Radar : Ionospheric Sounding (Land);52231,image file does not exist;
{Symbols_Root}\Appendices\SigInt\mod1\52241.emf,32,Space/Air/Land/Sea Surface/Subsurface Radar : Identification Friend or Foe (Transponder) (Land),Signals Intelligence - Land : Modifier 1,Signals Intelligence - Land;Modifier 1;Identification Friend or Foe (Transponder);Appendices\SigInt\mod1\52241.svg;Point;Space/Air/Land/Sea Surface/Subsurface Radar : Identification Friend or Foe (Transponder) (Land);52241,image file does not exist;
{Symbols_Root}\Appendices\SigInt\mod1\52251.emf,32,Space/Air/Land/Sea Surface/Subsurface Jammer : Barrage Jammer (Land),Signals Intelligence - Land : Modifier 1,Signals Intelligence - Land;Modifier 1;Barrage Jammer;Appendices\SigInt\mod1\52251.svg;Point;Space/Air/Land/Sea Surface/Subsurface Jammer : Barrage Jammer (Land);52251,image file does not exist;
{Symbols_Root}\Appendices\SigInt\mod1\52261.emf,32,Space/Air/Land/Sea Surface/Subsurface Jammer : Click Jammer (Land),Signals Intelligence - Land : Modifier 1,Signals Intelligence - Land;Modifier 1;Click Jammer;Appendices\SigInt\mod1\52261.svg;Point;Space/Air/Land/Sea Surface/Subsurface Jammer : Click Jammer (Land);52261,image file does not exist;
{Symbols_Root}\Appendices\SigInt\mod1\52271.emf,32,Space/Air/Land/Sea Surface/Subsurface Jammer : Deceptive Jammer (Land),Signals Intelligence - Land : Modifier 1,Signals Intelligence - Land;Modifier 1;Deceptive Jammer;Appendices\SigInt\mod1\52271.svg;Point;Space/Air/Land/Sea Surface/Subsurface Jammer : Deceptive Jammer (Land);52271,image file does not exist;
{Symbols_Root}\Appendices\SigInt\mod1\52281.emf,32,Space/Air/Land/Sea Surface/Subsurface Jammer : Frequency Swept Jammer (Land),Signals Intelligence - Land : Modifier 1,Signals Intelligence - Land;Modifier 1;Frequency Swept Jammer;Appendices\SigInt\mod1\52281.svg;Point;Space/Air/Land/Sea Surface/Subsurface Jammer : Frequency Swept Jammer (Land);52281,image file does not exist;
{Symbols_Root}\Appendices\SigInt\mod1\52291.emf,32,Space/Air/Land/Sea Surface/Subsurface Jammer : Jammer (General) (Land),Signals Intelligence - Land : Modifier 1,Signals Intelligence - Land;Modifier 1;Jammer (General);Appendices\SigInt\mod1\52291.svg;Point;Space/Air/Land/Sea Surface/Subsurface Jammer : Jammer (General) (Land);52291,image file does not exist;
{Symbols_Root}\Appendices\SigInt\mod1\52301.emf,32,Space/Air/Land/Sea Surface/Subsurface Jammer : Noise Jammer (Land),Signals Intelligence - Land : Modifier 1,Signals Intelligence - Land;Modifier 1;Noise Jammer;Appendices\SigInt\mod1\52301.svg;Point;Space/Air/Land/Sea Surface/Subsurface Jammer : Noise Jammer (Land);52301,image file does not exist;
{Symbols_Root}\Appendices\SigInt\mod1\52311.emf,32,Space/Air/Land/Sea Surface/Subsurface Jammer : Pulsed Jammer (Land),Signals Intelligence - Land : Modifier 1,Signals Intelligence - Land;Modifier 1;Pulsed Jammer;Appendices\SigInt\mod1\52311.svg;Point;Space/Air/Land/Sea Surface/Subsurface Jammer : Pulsed Jammer (Land);52311,image file does not exist;
{Symbols_Root}\Appendices\SigInt\mod1\52321.emf,32,Space/Air/Land/Sea Surface/Subsurface Jammer : Repeater Jammer (Land),Signals Intelligence - Land : Modifier 1,Signals Intelligence - Land;Modifier 1;Repeater Jammer;Appendices\SigInt\mod1\52321.svg;Point;Space/Air/Land/Sea Surface/Subsurface Jammer : Repeater Jammer (Land);52321,image file does not exist;
{Symbols_Root}\Appendices\SigInt\mod1\52331.emf,32,Space/Air/Land/Sea Surface/Subsurface Jammer : Spot Noise Jammer (Land),Signals Intelligence - Land : Modifier 1,Signals Intelligence - Land;Modifier 1;Spot Noise Jammer;Appendices\SigInt\mod1\52331.svg;Point;Space/Air/Land/Sea Surface/Subsurface Jammer : Spot Noise Jammer (Land);52331,image file does not exist;
{Symbols_Root}\Appendices\SigInt\mod1\52341.emf,32,Space/Air/Land/Sea Surface/Subsurface Jammer : Transponder Jammer (Land),Signals Intelligence - Land : Modifier 1,Signals Intelligence - Land;Modifier 1;Transponder Jammer;Appendices\SigInt\mod1\52341.svg;Point;Space/Air/Land/Sea Surface/Subsurface Jammer : Transponder Jammer (Land);52341,image file does not exist;
{Symbols_Root}\Appendices\SigInt\mod1\52351.emf,32,Air/Land/Sea Surface Radar : Missile Acquisition (Land),Signals Intelligence - Land : Modifier 1,Signals Intelligence - Land;Modifier 1;Missile Acquisition;Appendices\SigInt\mod1\52351.svg;Point;Air/Land/Sea Surface Radar : Missile Acquisition (Land);52351,image file does not exist;
{Symbols_Root}\Appendices\SigInt\mod1\52361.emf,32,Space/Air/Land/Sea Surface/Subsurface Jammer : Missile Control (Land),Signals Intelligence - Land : Modifier 1,Signals Intelligence - Land;Modifier 1;Missile Control;Appendices\SigInt\mod1\52361.svg;Point;Space/Air/Land/Sea Surface/Subsurface Jammer : Missile Control (Land);52361,image file does not exist;
{Symbols_Root}\Appendices\SigInt\mod1\52381.emf,32,Air/Land/Sea Surface Radar : Meteorological (Land),Signals Intelligence - Land : Modifier 1,Signals Intelligence - Land;Modifier 1;Meteorological;Appendices\SigInt\mod1\52381.svg;Point;Air/Land/Sea Surface Radar : Meteorological (Land);52381,image file does not exist;
{Symbols_Root}\Appendices\SigInt\mod1\52391.emf,32,Space/Air/Land/Sea Surface/Subsurface Jammer : Multi-Function (Land),Signals Intelligence - Land : Modifier 1,Signals Intelligence - Land;Modifier 1;Multi-Function;Appendices\SigInt\mod1\52391.svg;Point;Space/Air/Land/Sea Surface/Subsurface Jammer : Multi-Function (Land);52391,image file does not exist;
{Symbols_Root}\Appendices\SigInt\mod1\52401.emf,32,Air/Land/Sea Surface Radar : Missile Guidance (Land),Signals Intelligence - Land : Modifier 1,Signals Intelligence - Land;Modifier 1;Missile Guidance;Appendices\SigInt\mod1\52401.svg;Point;Air/Land/Sea Surface Radar : Missile Guidance (Land);52401,image file does not exist;
{Symbols_Root}\Appendices\SigInt\mod1\52421.emf,32,Space/Air/Land/Sea Surface/Subsurface Jammer : Missile Tracking (Land),Signals Intelligence - Land : Modifier 1,Signals Intelligence - Land;Modifier 1;Missile Tracking;Appendices\SigInt\mod1\52421.svg;Point;Space/Air/Land/Sea Surface/Subsurface Jammer : Missile Tracking (Land);52421,image file does not exist;
{Symbols_Root}\Appendices\SigInt\mod1\52431.emf,32,Space/Air/Land/Sea Surface/Subsurface Jammer : Navigational/General (Land),Signals Intelligence - Land : Modifier 1,Signals Intelligence - Land;Modifier 1;Navigational/General;Appendices\SigInt\mod1\52431.svg;Point;Space/Air/Land/Sea Surface/Subsurface Jammer : Navigational/General (Land);52431,image file does not exist;
{Symbols_Root}\Appendices\SigInt\mod1\52441.emf,32,Space/Air/Land/Sea Surface/Subsurface Jammer : Navigational/Distance Measuring Equipment (Land),Signals Intelligence - Land : Modifier 1,Signals Intelligence - Land;Modifier 1;Navigational/Distance Measuring Equipment;Appendices\SigInt\mod1\52441.svg;Point;Space/Air/Land/Sea Surface/Subsurface Jammer : Navigational/Distance Measuring Equipment (Land);52441,image file does not exist;
{Symbols_Root}\Appendices\SigInt\mod1\52451.emf,32,Space/Air/Land/Sea Surface/Subsurface Jammer : Navigation/Terrain Following (Land),Signals Intelligence - Land : Modifier 1,Signals Intelligence - Land;Modifier 1;Navigation/Terrain Following;Appendices\SigInt\mod1\52451.svg;Point;Space/Air/Land/Sea Surface/Subsurface Jammer : Navigation/Terrain Following (Land);52451,image file does not exist;
{Symbols_Root}\Appendices\SigInt\mod1\52461.emf,32,Air/Land/Sea Surface/Subsurface Jammer : Navigational/Weather Avoidance (Land),Signals Intelligence - Land : Modifier 1,Signals Intelligence - Land;Modifier 1;Navigational/Weather Avoidance;Appendices\SigInt\mod1\52461.svg;Point;Air/Land/Sea Surface/Subsurface Jammer : Navigational/Weather Avoidance (Land);52461,image file does not exist;
{Symbols_Root}\Appendices\SigInt\mod1\52471.emf,32,Air/Land/Sea Surface/Subsurface Communications : Omni-Line of Sight (LOS) (Land),Signals Intelligence - Land : Modifier 1,Signals Intelligence - Land;Modifier 1;Omni-Line of Sight (LOS);Appendices\SigInt\mod1\52471.svg;Point;Air/Land/Sea Surface/Subsurface Communications : Omni-Line of Sight (LOS) (Land);52471,image file does not exist;
{Symbols_Root}\Appendices\SigInt\mod1\52491.emf,32,Space/Air/Land/Sea Surface/Subsurface Communications : Point-to-Point Line of Sight (LOS) (Land),Signals Intelligence - Land : Modifier 1,Signals Intelligence - Land;Modifier 1;Point-to-Point Line of Sight (LOS);Appendices\SigInt\mod1\52491.svg;Point;Space/Air/Land/Sea Surface/Subsurface Communications : Point-to-Point Line of Sight (LOS) (Land);52491,image file does not exist;
{Symbols_Root}\Appendices\SigInt\mod1\52501.emf,32,Space/Air/Land/Sea Surface/Subsurface Radar : Instrumentation (Land),Signals Intelligence - Land : Modifier 1,Signals Intelligence - Land;Modifier 1;Instrumentation;Appendices\SigInt\mod1\52501.svg;Point;Space/Air/Land/Sea Surface/Subsurface Radar : Instrumentation (Land);52501,image file does not exist;
{Symbols_Root}\Appendices\SigInt\mod1\52511.emf,32,Space/Air/Land/Sea Surface/Subsurface Radar : Range Only (Land),Signals Intelligence - Land : Modifier 1,Signals Intelligence - Land;Modifier 1;Range Only;Appendices\SigInt\mod1\52511.svg;Point;Space/Air/Land/Sea Surface/Subsurface Radar : Range Only (Land);52511,image file does not exist;
{Symbols_Root}\Appendices\SigInt\mod1\52531.emf,32,Space Communications : Satellite Downlink (Land),Signals Intelligence - Land : Modifier 1,Signals Intelligence - Land;Modifier 1;Satellite Downlink;Appendices\SigInt\mod1\52531.svg;Point;Space Communications : Satellite Downlink (Land);52531,image file does not exist;
{Symbols_Root}\Appendices\SigInt\mod1\52541.emf,32,Space/Air/Land/Sea Surface/Subsurface Radar : Space (Land),Signals Intelligence - Land : Modifier 1,Signals Intelligence - Land;Modifier 1;Space;Appendices\SigInt\mod1\52541.svg;Point;Space/Air/Land/Sea Surface/Subsurface Radar : Space (Land);52541,image file does not exist;
{Symbols_Root}\Appendices\SigInt\mod1\52551.emf,32,Space/Air/Land/Sea Surface/Subsurface Radar : Surface Search (Land),Signals Intelligence - Land : Modifier 1,Signals Intelligence - Land;Modifier 1;Surface Search;Appendices\SigInt\mod1\52551.svg;Point;Space/Air/Land/Sea Surface/Subsurface Radar : Surface Search (Land);52551,image file does not exist;
{Symbols_Root}\Appendices\SigInt\mod1\52561.emf,32,Land Radar : Shell Tracking,Signals Intelligence - Land : Modifier 1,Signals Intelligence - Land;Modifier 1;Shell Tracking;Appendices\SigInt\mod1\52561.svg;Point;Land Radar : Shell Tracking;52561,image file does not exist;
{Symbols_Root}\Appendices\SigInt\mod1\52571.emf,32,Air/Land/Sea Surface/Subsurface Communications : Satellite Uplink (Land),Signals Intelligence - Land : Modifier 1,Signals Intelligence - Land;Modifier 1;Satellite Uplink;Appendices\SigInt\mod1\52571.svg;Point;Air/Land/Sea Surface/Subsurface Communications : Satellite Uplink (Land);52571,image file does not exist;
{Symbols_Root}\Appendices\SigInt\mod1\52581.emf,32,Space/Air/Land/Sea Surface/Subsurface Jammer : Target Acquisition (Land),Signals Intelligence - Land : Modifier 1,Signals Intelligence - Land;Modifier 1;Target Acquisition;Appendices\SigInt\mod1\52581.svg;Point;Space/Air/Land/Sea Surface/Subsurface Jammer : Target Acquisition (Land);52581,image file does not exist;
{Symbols_Root}\Appendices\SigInt\mod1\52591.emf,32,Air/Land/Sea Surface Radar : Target Illumination (Land),Signals Intelligence - Land : Modifier 1,Signals Intelligence - Land;Modifier 1;Target Illumination;Appendices\SigInt\mod1\52591.svg;Point;Air/Land/Sea Surface Radar : Target Illumination (Land);52591,image file does not exist;
{Symbols_Root}\Appendices\SigInt\mod1\52601.emf,32,Land Communications : Tropospheric Scatter,Signals Intelligence - Land : Modifier 1,Signals Intelligence - Land;Modifier 1;Tropospheric Scatter;Appendices\SigInt\mod1\52601.svg;Point;Land Communications : Tropospheric Scatter;52601,image file does not exist;
{Symbols_Root}\Appendices\SigInt\mod1\52611.emf,32,Space/Air/Land/Sea Surface/Subsurface Radar : Target Tracking (Land),Signals Intelligence - Land : Modifier 1,Signals Intelligence - Land;Modifier 1;Target Tracking;Appendices\SigInt\mod1\52611.svg;Point;Space/Air/Land/Sea Surface/Subsurface Radar : Target Tracking (Land);52611,image file does not exist;
{Symbols_Root}\Appendices\SigInt\mod1\52621.emf,32,Space/Air/Land/Sea Surface/Subsurface Radar : Unknown (Land),Signals Intelligence - Land : Modifier 1,Signals Intelligence - Land;Modifier 1;Unknown;Appendices\SigInt\mod1\52621.svg;Point;Space/Air/Land/Sea Surface/Subsurface Radar : Unknown (Land);52621,image file does not exist;
{Symbols_Root}\Appendices\SigInt\mod1\52631.emf,32,Space/Air/Land/Sea Surface/Subsurface Radar : Video Remoting (Land),Signals Intelligence - Land : Modifier 1,Signals Intelligence - Land;Modifier 1;Video Remoting;Appendices\SigInt\mod1\52631.svg;Point;Space/Air/Land/Sea Surface/Subsurface Radar : Video Remoting (Land);52631,image file does not exist;
{Symbols_Root}\Appendices\SigInt\mod1\52641.emf,32,Space/Air/Land/Sea Surface/Subsurface Radar : Experimental (Land),Signals Intelligence - Land : Modifier 1,Signals Intelligence - Land;Modifier 1;Experimental;Appendices\SigInt\mod1\52641.svg;Point;Space/Air/Land/Sea Surface/Subsurface Radar : Experimental (Land);52641,image file does not exist;
{Symbols_Root}\Appendices\SigInt\mod1\52011.emf,32,Land/Sea Surface Radar : Anti-Aircraft Fire Control (Sea Surface),Signals Intelligence - Surface : Modifier 1,Signals Intelligence - Surface;Modifier 1;Anti-Aircraft Fire Control;Appendices\SigInt\mod1\52011.svg;Point;Land/Sea Surface Radar : Anti-Aircraft Fire Control (Sea Surface);53011,image file does not exist;
{Symbols_Root}\Appendices\SigInt\mod1\52061.emf,32,Air/Land/Sea Surface Radar : Air Traffic Control (Sea Surface),Signals Intelligence - Surface : Modifier 1,Signals Intelligence - Surface;Modifier 1;Air Traffic Control;Appendices\SigInt\mod1\52061.svg;Point;Air/Land/Sea Surface Radar : Air Traffic Control (Sea Surface);53061,image file does not exist;
{Symbols_Root}\Appendices\SigInt\mod1\52071.emf,32,Air/Land/Sea Surface/Subsurface Radar : Beacon Transponder (not IFF) (Sea Surface),Signals Intelligence - Surface : Modifier 1,Signals Intelligence - Surface;Modifier 1;Beacon Transponder (not IFF);Appendices\SigInt\mod1\52071.svg;Point;Air/Land/Sea Surface/Subsurface Radar : Beacon Transponder (not IFF) (Sea Surface);53071,image file does not exist;
{Symbols_Root}\Appendices\SigInt\mod1\52091.emf,32,Land/Sea Surface Radar : Controlled Approach (Sea Surface),Signals Intelligence - Surface : Modifier 1,Signals Intelligence - Surface;Modifier 1;Controlled Approach;Appendices\SigInt\mod1\52091.svg;Point;Land/Sea Surface Radar : Controlled Approach (Sea Surface);53091,image file does not exist;
{Symbols_Root}\Appendices\SigInt\mod1\52101.emf,32,Air/Land/Sea Surface Radar : Controlled Intercept (Sea Surface),Signals Intelligence - Surface : Modifier 1,Signals Intelligence - Surface;Modifier 1;Controlled Intercept;Appendices\SigInt\mod1\52101.svg;Point;Air/Land/Sea Surface Radar : Controlled Intercept (Sea Surface);53101,image file does not exist;
{Symbols_Root}\Appendices\SigInt\mod1\52111.emf,32,Air/Land/Sea Surface/Subsurface Communications : Cellular/Mobile (Sea Surface),Signals Intelligence - Surface : Modifier 1,Signals Intelligence - Surface;Modifier 1;Cellular/Mobile;Appendices\SigInt\mod1\52111.svg;Point;Air/Land/Sea Surface/Subsurface Communications : Cellular/Mobile (Sea Surface);53111,image file does not exist;
{Symbols_Root}\Appendices\SigInt\mod1\52131.emf,32,Space/Air/Land/Sea Surface/Subsurface Jammer : Decoy/Mimic (Sea Surface),Signals Intelligence - Surface : Modifier 1,Signals Intelligence - Surface;Modifier 1;Decoy/Mimic;Appendices\SigInt\mod1\52131.svg;Point;Space/Air/Land/Sea Surface/Subsurface Jammer : Decoy/Mimic (Sea Surface);53131,image file does not exist;
{Symbols_Root}\Appendices\SigInt\mod1\52141.emf,32,Space/Air/Land/Sea Surface/Subsurface Radar : Data Transmission (Sea Surface),Signals Intelligence - Surface : Modifier 1,Signals Intelligence - Surface;Modifier 1;Data Transmission;Appendices\SigInt\mod1\52141.svg;Point;Space/Air/Land/Sea Surface/Subsurface Radar : Data Transmission (Sea Surface);53141,image file does not exist;
{Symbols_Root}\Appendices\SigInt\mod1\52161.emf,32,Air/Land/Sea Surface/Subsurface Radar : Early Warning (Sea Surface),Signals Intelligence - Surface : Modifier 1,Signals Intelligence - Surface;Modifier 1;Early Warning;Appendices\SigInt\mod1\52161.svg;Point;Air/Land/Sea Surface/Subsurface Radar : Early Warning (Sea Surface);53161,image file does not exist;
{Symbols_Root}\Appendices\SigInt\mod1\52171.emf,32,Air/Land/Sea Surface Radar : Fire Control (Sea Surface),Signals Intelligence - Surface : Modifier 1,Signals Intelligence - Surface;Modifier 1;Fire Control;Appendices\SigInt\mod1\52171.svg;Point;Air/Land/Sea Surface Radar : Fire Control (Sea Surface);53171,image file does not exist;
{Symbols_Root}\Appendices\SigInt\mod1\52191.emf,32,Land/Sea Surface Radar : Height Finding (Sea Surface),Signals Intelligence - Surface : Modifier 1,Signals Intelligence - Surface;Modifier 1;Height Finding;Appendices\SigInt\mod1\52191.svg;Point;Land/Sea Surface Radar : Height Finding (Sea Surface);53191,image file does not exist;
{Symbols_Root}\Appendices\SigInt\mod1\52211.emf,32,Space/Air/Land/Sea Surface/Subsurface Radar : Identification Friend or Foe (Interrogator) (Sea Surface),Signals Intelligence - Surface : Modifier 1,Signals Intelligence - Surface;Modifier 1;Identification Friend or Foe (Interrogator);Appendices\SigInt\mod1\52211.svg;Point;Space/Air/Land/Sea Surface/Subsurface Radar : Identification Friend or Foe (Interrogator) (Sea Surface);53211,image file does not exist;
{Symbols_Root}\Appendices\SigInt\mod1\52221.emf,32,Land/Sea Surface Radar : Instrument Landing System (Sea Surface),Signals Intelligence - Surface : Modifier 1,Signals Intelligence - Surface;Modifier 1;Instrument Landing System;Appendices\SigInt\mod1\52221.svg;Point;Land/Sea Surface Radar : Instrument Landing System (Sea Surface);53221,image file does not exist;
{Symbols_Root}\Appendices\SigInt\mod1\52241.emf,32,Space/Air/Land/Sea Surface/Subsurface Radar : Identification Friend or Foe (Transponder) (Sea Surface),Signals Intelligence - Surface : Modifier 1,Signals Intelligence - Surface;Modifier 1;Identification Friend or Foe (Transponder);Appendices\SigInt\mod1\52241.svg;Point;Space/Air/Land/Sea Surface/Subsurface Radar : Identification Friend or Foe (Transponder) (Sea Surface);53241,image file does not exist;
{Symbols_Root}\Appendices\SigInt\mod1\52251.emf,32,Space/Air/Land/Sea Surface/Subsurface Jammer : Barrage Jammer (Sea Surface),Signals Intelligence - Surface : Modifier 1,Signals Intelligence - Surface;Modifier 1;Barrage Jammer;Appendices\SigInt\mod1\52251.svg;Point;Space/Air/Land/Sea Surface/Subsurface Jammer : Barrage Jammer (Sea Surface);53251,image file does not exist;
{Symbols_Root}\Appendices\SigInt\mod1\52261.emf,32,Space/Air/Land/Sea Surface/Subsurface Jammer : Click Jammer (Sea Surface),Signals Intelligence - Surface : Modifier 1,Signals Intelligence - Surface;Modifier 1;Click Jammer;Appendices\SigInt\mod1\52261.svg;Point;Space/Air/Land/Sea Surface/Subsurface Jammer : Click Jammer (Sea Surface);53261,image file does not exist;
{Symbols_Root}\Appendices\SigInt\mod1\52271.emf,32,Space/Air/Land/Sea Surface/Subsurface Jammer : Deceptive Jammer (Sea Surface),Signals Intelligence - Surface : Modifier 1,Signals Intelligence - Surface;Modifier 1;Deceptive Jammer;Appendices\SigInt\mod1\52271.svg;Point;Space/Air/Land/Sea Surface/Subsurface Jammer : Deceptive Jammer (Sea Surface);53271,image file does not exist;
{Symbols_Root}\Appendices\SigInt\mod1\52281.emf,32,Space/Air/Land/Sea Surface/Subsurface Jammer : Frequency Swept Jammer (Sea Surface),Signals Intelligence - Surface : Modifier 1,Signals Intelligence - Surface;Modifier 1;Frequency Swept Jammer;Appendices\SigInt\mod1\52281.svg;Point;Space/Air/Land/Sea Surface/Subsurface Jammer : Frequency Swept Jammer (Sea Surface);53281,image file does not exist;
{Symbols_Root}\Appendices\SigInt\mod1\52291.emf,32,Space/Air/Land/Sea Surface/Subsurface Jammer : Jammer (General) (Sea Surface),Signals Intelligence - Surface : Modifier 1,Signals Intelligence - Surface;Modifier 1;Jammer (General);Appendices\SigInt\mod1\52291.svg;Point;Space/Air/Land/Sea Surface/Subsurface Jammer : Jammer (General) (Sea Surface);53291,image file does not exist;
{Symbols_Root}\Appendices\SigInt\mod1\52301.emf,32,Space/Air/Land/Sea Surface/Subsurface Jammer : Noise Jammer (Sea Surface),Signals Intelligence - Surface : Modifier 1,Signals Intelligence - Surface;Modifier 1;Noise Jammer;Appendices\SigInt\mod1\52301.svg;Point;Space/Air/Land/Sea Surface/Subsurface Jammer : Noise Jammer (Sea Surface);53301,image file does not exist;
{Symbols_Root}\Appendices\SigInt\mod1\52311.emf,32,Space/Air/Land/Sea Surface/Subsurface Jammer : Pulsed Jammer (Sea Surface),Signals Intelligence - Surface : Modifier 1,Signals Intelligence - Surface;Modifier 1;Pulsed Jammer;Appendices\SigInt\mod1\52311.svg;Point;Space/Air/Land/Sea Surface/Subsurface Jammer : Pulsed Jammer (Sea Surface);53311,image file does not exist;
{Symbols_Root}\Appendices\SigInt\mod1\52321.emf,32,Space/Air/Land/Sea Surface/Subsurface Jammer : Repeater Jammer (Sea Surface),Signals Intelligence - Surface : Modifier 1,Signals Intelligence - Surface;Modifier 1;Repeater Jammer;Appendices\SigInt\mod1\52321.svg;Point;Space/Air/Land/Sea Surface/Subsurface Jammer : Repeater Jammer (Sea Surface);53321,image file does not exist;
{Symbols_Root}\Appendices\SigInt\mod1\52331.emf,32,Space/Air/Land/Sea Surface/Subsurface Jammer : Spot Noise Jammer (Sea Surface),Signals Intelligence - Surface : Modifier 1,Signals Intelligence - Surface;Modifier 1;Spot Noise Jammer;Appendices\SigInt\mod1\52331.svg;Point;Space/Air/Land/Sea Surface/Subsurface Jammer : Spot Noise Jammer (Sea Surface);53331,image file does not exist;
{Symbols_Root}\Appendices\SigInt\mod1\52341.emf,32,Space/Air/Land/Sea Surface/Subsurface Jammer : Transponder Jammer (Sea Surface),Signals Intelligence - Surface : Modifier 1,Signals Intelligence - Surface;Modifier 1;Transponder Jammer;Appendices\SigInt\mod1\52341.svg;Point;Space/Air/Land/Sea Surface/Subsurface Jammer : Transponder Jammer (Sea Surface);53341,image file does not exist;
{Symbols_Root}\Appendices\SigInt\mod1\52351.emf,32,Air/Land/Sea Surface Radar : Missile Acquisition (Sea Surface),Signals Intelligence - Surface : Modifier 1,Signals Intelligence - Surface;Modifier 1;Missile Acquisition;Appendices\SigInt\mod1\52351.svg;Point;Air/Land/Sea Surface Radar : Missile Acquisition (Sea Surface);53351,image file does not exist;
{Symbols_Root}\Appendices\SigInt\mod1\52361.emf,32,Space/Air/Land/Sea Surface/Subsurface Jammer : Missile Control (Sea Surface),Signals Intelligence - Surface : Modifier 1,Signals Intelligence - Surface;Modifier 1;Missile Control;Appendices\SigInt\mod1\52361.svg;Point;Space/Air/Land/Sea Surface/Subsurface Jammer : Missile Control (Sea Surface);53361,image file does not exist;
{Symbols_Root}\Appendices\SigInt\mod1\52381.emf,32,Air/Land/Sea Surface Radar : Meteorological (Sea Surface),Signals Intelligence - Surface : Modifier 1,Signals Intelligence - Surface;Modifier 1;Meteorological;Appendices\SigInt\mod1\52381.svg;Point;Air/Land/Sea Surface Radar : Meteorological (Sea Surface);53381,image file does not exist;
{Symbols_Root}\Appendices\SigInt\mod1\52391.emf,32,Space/Air/Land/Sea Surface/Subsurface Jammer : Multi-Function (Sea Surface),Signals Intelligence - Surface : Modifier 1,Signals Intelligence - Surface;Modifier 1;Multi-Function;Appendices\SigInt\mod1\52391.svg;Point;Space/Air/Land/Sea Surface/Subsurface Jammer : Multi-Function (Sea Surface);53391,image file does not exist;
{Symbols_Root}\Appendices\SigInt\mod1\52401.emf,32,Air/Land/Sea Surface Radar : Missile Guidance (Sea Surface),Signals Intelligence - Surface : Modifier 1,Signals Intelligence - Surface;Modifier 1;Missile Guidance;Appendices\SigInt\mod1\52401.svg;Point;Air/Land/Sea Surface Radar : Missile Guidance (Sea Surface);53401,image file does not exist;
{Symbols_Root}\Appendices\SigInt\mod1\52421.emf,32,Space/Air/Land/Sea Surface/Subsurface Jammer : Missile Tracking (Sea Surface),Signals Intelligence - Surface : Modifier 1,Signals Intelligence - Surface;Modifier 1;Missile Tracking;Appendices\SigInt\mod1\52421.svg;Point;Space/Air/Land/Sea Surface/Subsurface Jammer : Missile Tracking (Sea Surface);53421,image file does not exist;
{Symbols_Root}\Appendices\SigInt\mod1\52431.emf,32,Space/Air/Land/Sea Surface/Subsurface Jammer : Navigational/General (Sea Surface),Signals Intelligence - Surface : Modifier 1,Signals Intelligence - Surface;Modifier 1;Navigational/General;Appendices\SigInt\mod1\52431.svg;Point;Space/Air/Land/Sea Surface/Subsurface Jammer : Navigational/General (Sea Surface);53431,image file does not exist;
{Symbols_Root}\Appendices\SigInt\mod1\52441.emf,32,Space/Air/Land/Sea Surface/Subsurface Jammer : Navigational/Distance Measuring Equipment (Sea Surface),Signals Intelligence - Surface : Modifier 1,Signals Intelligence - Surface;Modifier 1;Navigational/Distance Measuring Equipment;Appendices\SigInt\mod1\52441.svg;Point;Space/Air/Land/Sea Surface/Subsurface Jammer : Navigational/Distance Measuring Equipment (Sea Surface);53441,image file does not exist;
{Symbols_Root}\Appendices\SigInt\mod1\52451.emf,32,Space/Air/Land/Sea Surface/Subsurface Jammer : Navigation/Terrain Following (Sea Surface),Signals Intelligence - Surface : Modifier 1,Signals Intelligence - Surface;Modifier 1;Navigation/Terrain Following;Appendices\SigInt\mod1\52451.svg;Point;Space/Air/Land/Sea Surface/Subsurface Jammer : Navigation/Terrain Following (Sea Surface);53451,image file does not exist;
{Symbols_Root}\Appendices\SigInt\mod1\52461.emf,32,Air/Land/Sea Surface/Subsurface Jammer : Navigational/Weather Avoidance (Sea Surface),Signals Intelligence - Surface : Modifier 1,Signals Intelligence - Surface;Modifier 1;Navigational/Weather Avoidance;Appendices\SigInt\mod1\52461.svg;Point;Air/Land/Sea Surface/Subsurface Jammer : Navigational/Weather Avoidance (Sea Surface);53461,image file does not exist;
{Symbols_Root}\Appendices\SigInt\mod1\52471.emf,32,Air/Land/Sea Surface/Subsurface Communications : Omni-Line of Sight (LOS) (Sea Surface),Signals Intelligence - Surface : Modifier 1,Signals Intelligence - Surface;Modifier 1;Omni-Line of Sight (LOS);Appendices\SigInt\mod1\52471.svg;Point;Air/Land/Sea Surface/Subsurface Communications : Omni-Line of Sight (LOS) (Sea Surface);53471,image file does not exist;
{Symbols_Root}\Appendices\SigInt\mod1\52491.emf,32,Space/Air/Land/Sea Surface/Subsurface Communications : Point-to-Point Line of Sight (LOS) (Sea Surface),Signals Intelligence - Surface : Modifier 1,Signals Intelligence - Surface;Modifier 1;Point-to-Point Line of Sight (LOS);Appendices\SigInt\mod1\52491.svg;Point;Space/Air/Land/Sea Surface/Subsurface Communications : Point-to-Point Line of Sight (LOS) (Sea Surface);53491,image file does not exist;
{Symbols_Root}\Appendices\SigInt\mod1\52501.emf,32,Space/Air/Land/Sea Surface/Subsurface Radar : Instrumentation (Sea Surface),Signals Intelligence - Surface : Modifier 1,Signals Intelligence - Surface;Modifier 1;Instrumentation;Appendices\SigInt\mod1\52501.svg;Point;Space/Air/Land/Sea Surface/Subsurface Radar : Instrumentation (Sea Surface);53501,image file does not exist;
{Symbols_Root}\Appendices\SigInt\mod1\52511.emf,32,Space/Air/Land/Sea Surface/Subsurface Radar : Range Only (Sea Surface),Signals Intelligence - Surface : Modifier 1,Signals Intelligence - Surface;Modifier 1;Range Only;Appendices\SigInt\mod1\52511.svg;Point;Space/Air/Land/Sea Surface/Subsurface Radar : Range Only (Sea Surface);53511,image file does not exist;
{Symbols_Root}\Appendices\SigInt\mod1\52521.emf,32,Sea Surface/Subsurface Radar : Sonobuoy (Sea Surface),Signals Intelligence - Surface : Modifier 1,Signals Intelligence - Surface;Modifier 1;Sonobuoy;Appendices\SigInt\mod1\52521.svg;Point;Sea Surface/Subsurface Radar : Sonobuoy (Sea Surface);53521,image file does not exist;
{Symbols_Root}\Appendices\SigInt\mod1\52541.emf,32,Space/Air/Land/Sea Surface/Subsurface Radar : Space (Sea Surface),Signals Intelligence - Surface : Modifier 1,Signals Intelligence - Surface;Modifier 1;Space;Appendices\SigInt\mod1\52541.svg;Point;Space/Air/Land/Sea Surface/Subsurface Radar : Space (Sea Surface);53541,image file does not exist;
{Symbols_Root}\Appendices\SigInt\mod1\52551.emf,32,Space/Air/Land/Sea Surface/Subsurface Radar : Surface Search (Sea Surface),Signals Intelligence - Surface : Modifier 1,Signals Intelligence - Surface;Modifier 1;Surface Search;Appendices\SigInt\mod1\52551.svg;Point;Space/Air/Land/Sea Surface/Subsurface Radar : Surface Search (Sea Surface);53551,image file does not exist;
{Symbols_Root}\Appendices\SigInt\mod1\52571.emf,32,Air/Land/Sea Surface/Subsurface Communications : Satellite Uplink (Sea Surface),Signals Intelligence - Surface : Modifier 1,Signals Intelligence - Surface;Modifier 1;Satellite Uplink;Appendices\SigInt\mod1\52571.svg;Point;Air/Land/Sea Surface/Subsurface Communications : Satellite Uplink (Sea Surface);53571,image file does not exist;
{Symbols_Root}\Appendices\SigInt\mod1\52581.emf,32,Space/Air/Land/Sea Surface/Subsurface Jammer : Target Acquisition (Sea Surface),Signals Intelligence - Surface : Modifier 1,Signals Intelligence - Surface;Modifier 1;Target Acquisition;Appendices\SigInt\mod1\52581.svg;Point;Space/Air/Land/Sea Surface/Subsurface Jammer : Target Acquisition (Sea Surface);53581,image file does not exist;
{Symbols_Root}\Appendices\SigInt\mod1\52591.emf,32,Air/Land/Sea Surface Radar : Target Illumination (Sea Surface),Signals Intelligence - Surface : Modifier 1,Signals Intelligence - Surface;Modifier 1;Target Illumination;Appendices\SigInt\mod1\52591.svg;Point;Air/Land/Sea Surface Radar : Target Illumination (Sea Surface);53591,image file does not exist;
{Symbols_Root}\Appendices\SigInt\mod1\52611.emf,32,Space/Air/Land/Sea Surface/Subsurface Radar : Target Tracking (Sea Surface),Signals Intelligence - Surface : Modifier 1,Signals Intelligence - Surface;Modifier 1;Target Tracking;Appendices\SigInt\mod1\52611.svg;Point;Space/Air/Land/Sea Surface/Subsurface Radar : Target Tracking (Sea Surface);53611,image file does not exist;
{Symbols_Root}\Appendices\SigInt\mod1\52621.emf,32,Space/Air/Land/Sea Surface/Subsurface Radar : Unknown (Sea Surface),Signals Intelligence - Surface : Modifier 1,Signals Intelligence - Surface;Modifier 1;Unknown;Appendices\SigInt\mod1\52621.svg;Point;Space/Air/Land/Sea Surface/Subsurface Radar : Unknown (Sea Surface);53621,image file does not exist;
{Symbols_Root}\Appendices\SigInt\mod1\52631.emf,32,Space/Air/Land/Sea Surface/Subsurface Radar : Video Remoting (Sea Surface),Signals Intelligence - Surface : Modifier 1,Signals Intelligence - Surface;Modifier 1;Video Remoting;Appendices\SigInt\mod1\52631.svg;Point;Space/Air/Land/Sea Surface/Subsurface Radar : Video Remoting (Sea Surface);53631,image file does not exist;
{Symbols_Root}\Appendices\SigInt\mod1\52641.emf,32,Space/Air/Land/Sea Surface/Subsurface Radar : Experimental (Sea Surface),Signals Intelligence - Surface : Modifier 1,Signals Intelligence - Surface;Modifier 1;Experimental;Appendices\SigInt\mod1\52641.svg;Point;Space/Air/Land/Sea Surface/Subsurface Radar : Experimental (Sea Surface);53641,image file does not exist;
{Symbols_Root}\Appendices\SigInt\mod1\52071.emf,32,Air/Land/Sea Surface/Subsurface Radar : Beacon Transponder (not IFF) (Sea Subsurface),Signals Intelligence - Subsurface : Modifier 1,Signals Intelligence - Subsurface;Modifier 1;Beacon Transponder (not IFF);Appendices\SigInt\mod1\52071.svg;Point;Air/Land/Sea Surface/Subsurface Radar : Beacon Transponder (not IFF) (Sea Subsurface);54071,image file does not exist;
{Symbols_Root}\Appendices\SigInt\mod1\52111.emf,32,Air/Land/Sea Surface/Subsurface Communications : Cellular/Mobile (Sea Subsurface),Signals Intelligence - Subsurface : Modifier 1,Signals Intelligence - Subsurface;Modifier 1;Cellular/Mobile;Appendices\SigInt\mod1\52111.svg;Point;Air/Land/Sea Surface/Subsurface Communications : Cellular/Mobile (Sea Subsurface);54111,image file does not exist;
{Symbols_Root}\Appendices\SigInt\mod1\52131.emf,32,Space/Air/Land/Sea Surface/Subsurface Jammer : Decoy/Mimic (Sea Subsurface),Signals Intelligence - Subsurface : Modifier 1,Signals Intelligence - Subsurface;Modifier 1;Decoy/Mimic;Appendices\SigInt\mod1\52131.svg;Point;Space/Air/Land/Sea Surface/Subsurface Jammer : Decoy/Mimic (Sea Subsurface);54131,image file does not exist;
{Symbols_Root}\Appendices\SigInt\mod1\52141.emf,32,Space/Air/Land/Sea Surface/Subsurface Radar : Data Transmission (Sea Subsurface),Signals Intelligence - Subsurface : Modifier 1,Signals Intelligence - Subsurface;Modifier 1;Data Transmission;Appendices\SigInt\mod1\52141.svg;Point;Space/Air/Land/Sea Surface/Subsurface Radar : Data Transmission (Sea Subsurface);54141,image file does not exist;
{Symbols_Root}\Appendices\SigInt\mod1\52161.emf,32,Air/Land/Sea Surface/Subsurface Radar : Early Warning (Sea Subsurface),Signals Intelligence - Subsurface : Modifier 1,Signals Intelligence - Subsurface;Modifier 1;Early Warning;Appendices\SigInt\mod1\52161.svg;Point;Air/Land/Sea Surface/Subsurface Radar : Early Warning (Sea Subsurface);54161,image file does not exist;
{Symbols_Root}\Appendices\SigInt\mod1\52211.emf,32,Space/Air/Land/Sea Surface/Subsurface Radar : Identification Friend or Foe (Interrogator) (Sea Subsurface),Signals Intelligence - Subsurface : Modifier 1,Signals Intelligence - Subsurface;Modifier 1;Identification Friend or Foe (Interrogator);Appendices\SigInt\mod1\52211.svg;Point;Space/Air/Land/Sea Surface/Subsurface Radar : Identification Friend or Foe (Interrogator) (Sea Subsurface);54211,image file does not exist;
{Symbols_Root}\Appendices\SigInt\mod1\52241.emf,32,Space/Air/Land/Sea Surface/Subsurface Radar : Identification Friend or Foe (Transponder) (Sea Subsurface),Signals Intelligence - Subsurface : Modifier 1,Signals Intelligence - Subsurface;Modifier 1;Identification Friend or Foe (Transponder);Appendices\SigInt\mod1\52241.svg;Point;Space/Air/Land/Sea Surface/Subsurface Radar : Identification Friend or Foe (Transponder) (Sea Subsurface);54241,image file does not exist;
{Symbols_Root}\Appendices\SigInt\mod1\52251.emf,32,Space/Air/Land/Sea Surface/Subsurface Jammer : Barrage Jammer (Sea Subsurface),Signals Intelligence - Subsurface : Modifier 1,Signals Intelligence - Subsurface;Modifier 1;Barrage Jammer;Appendices\SigInt\mod1\52251.svg;Point;Space/Air/Land/Sea Surface/Subsurface Jammer : Barrage Jammer (Sea Subsurface);54251,image file does not exist;
{Symbols_Root}\Appendices\SigInt\mod1\52261.emf,32,Space/Air/Land/Sea Surface/Subsurface Jammer : Click Jammer (Sea Subsurface),Signals Intelligence - Subsurface : Modifier 1,Signals Intelligence - Subsurface;Modifier 1;Click Jammer;Appendices\SigInt\mod1\52261.svg;Point;Space/Air/Land/Sea Surface/Subsurface Jammer : Click Jammer (Sea Subsurface);54261,image file does not exist;
{Symbols_Root}\Appendices\SigInt\mod1\52271.emf,32,Space/Air/Land/Sea Surface/Subsurface Jammer : Deceptive Jammer (Sea Subsurface),Signals Intelligence - Subsurface : Modifier 1,Signals Intelligence - Subsurface;Modifier 1;Deceptive Jammer;Appendices\SigInt\mod1\52271.svg;Point;Space/Air/Land/Sea Surface/Subsurface Jammer : Deceptive Jammer (Sea Subsurface);54271,image file does not exist;
{Symbols_Root}\Appendices\SigInt\mod1\52281.emf,32,Space/Air/Land/Sea Surface/Subsurface Jammer : Frequency Swept Jammer (Sea Subsurface),Signals Intelligence - Subsurface : Modifier 1,Signals Intelligence - Subsurface;Modifier 1;Frequency Swept Jammer;Appendices\SigInt\mod1\52281.svg;Point;Space/Air/Land/Sea Surface/Subsurface Jammer : Frequency Swept Jammer (Sea Subsurface);54281,image file does not exist;
{Symbols_Root}\Appendices\SigInt\mod1\52291.emf,32,Space/Air/Land/Sea Surface/Subsurface Jammer : Jammer (General) (Sea Subsurface),Signals Intelligence - Subsurface : Modifier 1,Signals Intelligence - Subsurface;Modifier 1;Jammer (General);Appendices\SigInt\mod1\52291.svg;Point;Space/Air/Land/Sea Surface/Subsurface Jammer : Jammer (General) (Sea Subsurface);54291,image file does not exist;
{Symbols_Root}\Appendices\SigInt\mod1\52301.emf,32,Space/Air/Land/Sea Surface/Subsurface Jammer : Noise Jammer (Sea Subsurface),Signals Intelligence - Subsurface : Modifier 1,Signals Intelligence - Subsurface;Modifier 1;Noise Jammer;Appendices\SigInt\mod1\52301.svg;Point;Space/Air/Land/Sea Surface/Subsurface Jammer : Noise Jammer (Sea Subsurface);54301,image file does not exist;
{Symbols_Root}\Appendices\SigInt\mod1\52311.emf,32,Space/Air/Land/Sea Surface/Subsurface Jammer : Pulsed Jammer (Sea Subsurface),Signals Intelligence - Subsurface : Modifier 1,Signals Intelligence - Subsurface;Modifier 1;Pulsed Jammer;Appendices\SigInt\mod1\52311.svg;Point;Space/Air/Land/Sea Surface/Subsurface Jammer : Pulsed Jammer (Sea Subsurface);54311,image file does not exist;
{Symbols_Root}\Appendices\SigInt\mod1\52321.emf,32,Space/Air/Land/Sea Surface/Subsurface Jammer : Repeater Jammer (Sea Subsurface),Signals Intelligence - Subsurface : Modifier 1,Signals Intelligence - Subsurface;Modifier 1;Repeater Jammer;Appendices\SigInt\mod1\52321.svg;Point;Space/Air/Land/Sea Surface/Subsurface Jammer : Repeater Jammer (Sea Subsurface);54321,image file does not exist;
{Symbols_Root}\Appendices\SigInt\mod1\52331.emf,32,Space/Air/Land/Sea Surface/Subsurface Jammer : Spot Noise Jammer (Sea Subsurface),Signals Intelligence - Subsurface : Modifier 1,Signals Intelligence - Subsurface;Modifier 1;Spot Noise Jammer;Appendices\SigInt\mod1\52331.svg;Point;Space/Air/Land/Sea Surface/Subsurface Jammer : Spot Noise Jammer (Sea Subsurface);54331,image file does not exist;
{Symbols_Root}\Appendices\SigInt\mod1\52341.emf,32,Space/Air/Land/Sea Surface/Subsurface Jammer : Transponder Jammer (Sea Subsurface),Signals Intelligence - Subsurface : Modifier 1,Signals Intelligence - Subsurface;Modifier 1;Transponder Jammer;Appendices\SigInt\mod1\52341.svg;Point;Space/Air/Land/Sea Surface/Subsurface Jammer : Transponder Jammer (Sea Subsurface);54341,image file does not exist;
{Symbols_Root}\Appendices\SigInt\mod1\52361.emf,32,Space/Air/Land/Sea Surface/Subsurface Jammer : Missile Control (Sea Subsurface),Signals Intelligence - Subsurface : Modifier 1,Signals Intelligence - Subsurface;Modifier 1;Missile Control;Appendices\SigInt\mod1\52361.svg;Point;Space/Air/Land/Sea Surface/Subsurface Jammer : Missile Control (Sea Subsurface);54361,image file does not exist;
{Symbols_Root}\Appendices\SigInt\mod1\52391.emf,32,Space/Air/Land/Sea Surface/Subsurface Jammer : Multi-Function (Sea Subsurface),Signals Intelligence - Subsurface : Modifier 1,Signals Intelligence - Subsurface;Modifier 1;Multi-Function;Appendices\SigInt\mod1\52391.svg;Point;Space/Air/Land/Sea Surface/Subsurface Jammer : Multi-Function (Sea Subsurface);54391,image file does not exist;
{Symbols_Root}\Appendices\SigInt\mod1\52421.emf,32,Space/Air/Land/Sea Surface/Subsurface Jammer : Missile Tracking (Sea Subsurface),Signals Intelligence - Subsurface : Modifier 1,Signals Intelligence - Subsurface;Modifier 1;Missile Tracking;Appendices\SigInt\mod1\52421.svg;Point;Space/Air/Land/Sea Surface/Subsurface Jammer : Missile Tracking (Sea Subsurface);54421,image file does not exist;
{Symbols_Root}\Appendices\SigInt\mod1\52431.emf,32,Space/Air/Land/Sea Surface/Subsurface Jammer : Navigational/General (Sea Subsurface),Signals Intelligence - Subsurface : Modifier 1,Signals Intelligence - Subsurface;Modifier 1;Navigational/General;Appendices\SigInt\mod1\52431.svg;Point;Space/Air/Land/Sea Surface/Subsurface Jammer : Navigational/General (Sea Subsurface);54431,image file does not exist;
{Symbols_Root}\Appendices\SigInt\mod1\52441.emf,32,Space/Air/Land/Sea Surface/Subsurface Jammer : Navigational/Distance Measuring Equipment (Sea Subsurface),Signals Intelligence - Subsurface : Modifier 1,Signals Intelligence - Subsurface;Modifier 1;Navigational/Distance Measuring Equipment;Appendices\SigInt\mod1\52441.svg;Point;Space/Air/Land/Sea Surface/Subsurface Jammer : Navigational/Distance Measuring Equipment (Sea Subsurface);54441,image file does not exist;
{Symbols_Root}\Appendices\SigInt\mod1\52451.emf,32,Space/Air/Land/Sea Surface/Subsurface Jammer : Navigation/Terrain Following (Sea Subsurface),Signals Intelligence - Subsurface : Modifier 1,Signals Intelligence - Subsurface;Modifier 1;Navigation/Terrain Following;Appendices\SigInt\mod1\52451.svg;Point;Space/Air/Land/Sea Surface/Subsurface Jammer : Navigation/Terrain Following (Sea Subsurface);54451,image file does not exist;
{Symbols_Root}\Appendices\SigInt\mod1\52461.emf,32,Air/Land/Sea Surface/Subsurface Jammer : Navigational/Weather Avoidance (Sea Subsurface),Signals Intelligence - Subsurface : Modifier 1,Signals Intelligence - Subsurface;Modifier 1;Navigational/Weather Avoidance;Appendices\SigInt\mod1\52461.svg;Point;Air/Land/Sea Surface/Subsurface Jammer : Navigational/Weather Avoidance (Sea Subsurface);54461,image file does not exist;
{Symbols_Root}\Appendices\SigInt\mod1\52471.emf,32,Air/Land/Sea Surface/Subsurface Communications : Omni-Line of Sight (LOS) (Sea Subsurface),Signals Intelligence - Subsurface : Modifier 1,Signals Intelligence - Subsurface;Modifier 1;Omni-Line of Sight (LOS);Appendices\SigInt\mod1\52471.svg;Point;Air/Land/Sea Surface/Subsurface Communications : Omni-Line of Sight (LOS) (Sea Subsurface);54471,image file does not exist;
{Symbols_Root}\Appendices\SigInt\mod1\52491.emf,32,Space/Air/Land/Sea Surface/Subsurface Communications : Point-to-Point Line of Sight (LOS) (Sea Subsurface),Signals Intelligence - Subsurface : Modifier 1,Signals Intelligence - Subsurface;Modifier 1;Point-to-Point Line of Sight (LOS);Appendices\SigInt\mod1\52491.svg;Point;Space/Air/Land/Sea Surface/Subsurface Communications : Point-to-Point Line of Sight (LOS) (Sea Subsurface);54491,image file does not exist;
{Symbols_Root}\Appendices\SigInt\mod1\52501.emf,32,Space/Air/Land/Sea Surface/Subsurface Radar : Instrumentation (Sea Subsurface),Signals Intelligence - Subsurface : Modifier 1,Signals Intelligence - Subsurface;Modifier 1;Instrumentation;Appendices\SigInt\mod1\52501.svg;Point;Space/Air/Land/Sea Surface/Subsurface Radar : Instrumentation (Sea Subsurface);54501,image file does not exist;
{Symbols_Root}\Appendices\SigInt\mod1\52511.emf,32,Space/Air/Land/Sea Surface/Subsurface Radar : Range Only (Sea Subsurface),Signals Intelligence - Subsurface : Modifier 1,Signals Intelligence - Subsurface;Modifier 1;Range Only;Appendices\SigInt\mod1\52511.svg;Point;Space/Air/Land/Sea Surface/Subsurface Radar : Range Only (Sea Subsurface);54511,image file does not exist;
{Symbols_Root}\Appendices\SigInt\mod1\52521.emf,32,Sea Surface/Subsurface Radar : Sonobuoy (Sea Subsurface),Signals Intelligence - Subsurface : Modifier 1,Signals Intelligence - Subsurface;Modifier 1;Sonobuoy;Appendices\SigInt\mod1\52521.svg;Point;Sea Surface/Subsurface Radar : Sonobuoy (Sea Subsurface);54521,image file does not exist;
{Symbols_Root}\Appendices\SigInt\mod1\52541.emf,32,Space/Air/Land/Sea Surface/Subsurface Radar : Space (Sea Subsurface),Signals Intelligence - Subsurface : Modifier 1,Signals Intelligence - Subsurface;Modifier 1;Space;Appendices\SigInt\mod1\52541.svg;Point;Space/Air/Land/Sea Surface/Subsurface Radar : Space (Sea Subsurface);54541,image file does not exist;
{Symbols_Root}\Appendices\SigInt\mod1\52551.emf,32,Space/Air/Land/Sea Surface/Subsurface Radar : Surface Search (Sea Subsurface),Signals Intelligence - Subsurface : Modifier 1,Signals Intelligence - Subsurface;Modifier 1;Surface Search;Appendices\SigInt\mod1\52551.svg;Point;Space/Air/Land/Sea Surface/Subsurface Radar : Surface Search (Sea Subsurface);54551,image file does not exist;
{Symbols_Root}\Appendices\SigInt\mod1\52571.emf,32,Air/Land/Sea Surface/Subsurface Communications : Satellite Uplink (Sea Subsurface),Signals Intelligence - Subsurface : Modifier 1,Signals Intelligence - Subsurface;Modifier 1;Satellite Uplink;Appendices\SigInt\mod1\52571.svg;Point;Air/Land/Sea Surface/Subsurface Communications : Satellite Uplink (Sea Subsurface);54571,image file does not exist;
{Symbols_Root}\Appendices\SigInt\mod1\52581.emf,32,Space/Air/Land/Sea Surface/Subsurface Jammer : Target Acquisition (Sea Subsurface),Signals Intelligence - Subsurface : Modifier 1,Signals Intelligence - Subsurface;Modifier 1;Target Acquisition;Appendices\SigInt\mod1\52581.svg;Point;Space/Air/Land/Sea Surface/Subsurface Jammer : Target Acquisition (Sea Subsurface);54581,image file does not exist;
{Symbols_Root}\Appendices\SigInt\mod1\52611.emf,32,Space/Air/Land/Sea Surface/Subsurface Radar : Target Tracking (Sea Subsurface),Signals Intelligence - Subsurface : Modifier 1,Signals Intelligence - Subsurface;Modifier 1;Target Tracking;Appendices\SigInt\mod1\52611.svg;Point;Space/Air/Land/Sea Surface/Subsurface Radar : Target Tracking (Sea Subsurface);54611,image file does not exist;
{Symbols_Root}\Appendices\SigInt\mod1\52621.emf,32,Space/Air/Land/Sea Surface/Subsurface Radar : Unknown (Sea Subsurface),Signals Intelligence - Subsurface : Modifier 1,Signals Intelligence - Subsurface;Modifier 1;Unknown;Appendices\SigInt\mod1\52621.svg;Point;Space/Air/Land/Sea Surface/Subsurface Radar : Unknown (Sea Subsurface);54621,image file does not exist;
{Symbols_Root}\Appendices\SigInt\mod1\52631.emf,32,Space/Air/Land/Sea Surface/Subsurface Radar : Video Remoting (Sea Subsurface),Signals Intelligence - Subsurface : Modifier 1,Signals Intelligence - Subsurface;Modifier 1;Video Remoting;Appendices\SigInt\mod1\52631.svg;Point;Space/Air/Land/Sea Surface/Subsurface Radar : Video Remoting (Sea Subsurface);54631,image file does not exist;
{Symbols_Root}\Appendices\SigInt\mod1\52641.emf,32,Space/Air/Land/Sea Surface/Subsurface Radar : Experimental (Sea Subsurface),Signals Intelligence - Subsurface : Modifier 1,Signals Intelligence - Subsurface;Modifier 1;Experimental;Appendices\SigInt\mod1\52641.svg;Point;Space/Air/Land/Sea Surface/Subsurface Radar : Experimental (Sea Subsurface);54641,image file does not exist;
