filePath,pointSize,styleItemName,styleItemCategory,styleItemTags,notes
{Symbols_Root}\Appendices\METOC\Atmospheric\45110100.emf,32,Pressure Systems : Low Pressure Center,Meteorological - Atmospheric : Main Icon,Meteorological - Atmospheric;Pressure Systems;Low Pressure Center;Appendices\METOC\Atmospheric\45110100.svg;Point;Pressure Systems : Low Pressure Center;45110100,icon is MAIN;image file does not exist;
{Symbols_Root}\Appendices\METOC\Atmospheric\45110101.emf,32,Pressure Systems : Low Pressure Center : Cyclone Center,Meteorological - Atmospheric : Main Icon,Meteorological - Atmospheric;Pressure Systems;Low Pressure Center;Cyclone Center;Appendices\METOC\Atmospheric\45110101.svg;Point;Pressure Systems : Low Pressure Center : Cyclone Center;45110101,icon is MAIN;image file does not exist;
{Symbols_Root}\Appendices\METOC\Atmospheric\45110102.emf,32,Pressure Systems : Low Pressure Center : Tropopause Low,Meteorological - Atmospheric : Main Icon,Meteorological - Atmospheric;Pressure Systems;Low Pressure Center;Tropopause Low;Appendices\METOC\Atmospheric\45110102.svg;Point;Pressure Systems : Low Pressure Center : Tropopause Low;45110102,icon is MAIN;image file does not exist;
{Symbols_Root}\Appendices\METOC\Atmospheric\45110200.emf,32,Pressure Systems : High Pressure Center,Meteorological - Atmospheric : Main Icon,Meteorological - Atmospheric;Pressure Systems;High Pressure Center;Appendices\METOC\Atmospheric\45110200.svg;Point;Pressure Systems : High Pressure Center;45110200,icon is MAIN;image file does not exist;
{Symbols_Root}\Appendices\METOC\Atmospheric\45110201.emf,32,Pressure Systems : High Pressure Center : Anticyclone Center,Meteorological - Atmospheric : Main Icon,Meteorological - Atmospheric;Pressure Systems;High Pressure Center;Anticyclone Center;Appendices\METOC\Atmospheric\45110201.svg;Point;Pressure Systems : High Pressure Center : Anticyclone Center;45110201,icon is MAIN;image file does not exist;
{Symbols_Root}\Appendices\METOC\Atmospheric\45110102.emf,32,Pressure Systems : High Pressure Center : Tropopause High,Meteorological - Atmospheric : Main Icon,Meteorological - Atmospheric;Pressure Systems;High Pressure Center;Tropopause High;Appendices\METOC\Atmospheric\45110102.svg;Point;Pressure Systems : High Pressure Center : Tropopause High;45110202,icon is MAIN;image file does not exist;
{Symbols_Root}\Appendices\METOC\Atmospheric\45110501.emf,32,Pressure Systems : Pressure Tendency : Rise Then Fall Higher,Meteorological - Atmospheric : Main Icon,Meteorological - Atmospheric;Pressure Systems;Pressure Tendency;Rise Then Fall Higher;Appendices\METOC\Atmospheric\45110501.svg;Point;Pressure Systems : Pressure Tendency : Rise Then Fall Higher;45110501,icon is MAIN;image file does not exist;
{Symbols_Root}\Appendices\METOC\Atmospheric\45110502.emf,32,Pressure Systems : Pressure Tendency : Rise Then Steady,Meteorological - Atmospheric : Main Icon,Meteorological - Atmospheric;Pressure Systems;Pressure Tendency;Rise Then Steady;Appendices\METOC\Atmospheric\45110502.svg;Point;Pressure Systems : Pressure Tendency : Rise Then Steady;45110502,icon is MAIN;image file does not exist;
{Symbols_Root}\Appendices\METOC\Atmospheric\45110503.emf,32,Pressure Systems : Pressure Tendency : Rise,Meteorological - Atmospheric : Main Icon,Meteorological - Atmospheric;Pressure Systems;Pressure Tendency;Rise;Appendices\METOC\Atmospheric\45110503.svg;Point;Pressure Systems : Pressure Tendency : Rise;45110503,icon is MAIN;image file does not exist;
{Symbols_Root}\Appendices\METOC\Atmospheric\45110504.emf,32,Pressure Systems : Pressure Tendency : Rise Then Rise Higher,Meteorological - Atmospheric : Main Icon,Meteorological - Atmospheric;Pressure Systems;Pressure Tendency;Rise Then Rise Higher;Appendices\METOC\Atmospheric\45110504.svg;Point;Pressure Systems : Pressure Tendency : Rise Then Rise Higher;45110504,icon is MAIN;image file does not exist;
{Symbols_Root}\Appendices\METOC\Atmospheric\45110505.emf,32,Pressure Systems : Pressure Tendency : Steady,Meteorological - Atmospheric : Main Icon,Meteorological - Atmospheric;Pressure Systems;Pressure Tendency;Steady;Appendices\METOC\Atmospheric\45110505.svg;Point;Pressure Systems : Pressure Tendency : Steady;45110505,icon is MAIN;image file does not exist;
{Symbols_Root}\Appendices\METOC\Atmospheric\45110506.emf,32,Pressure Systems : Pressure Tendency : Fall Then Rise Lower,Meteorological - Atmospheric : Main Icon,Meteorological - Atmospheric;Pressure Systems;Pressure Tendency;Fall Then Rise Lower;Appendices\METOC\Atmospheric\45110506.svg;Point;Pressure Systems : Pressure Tendency : Fall Then Rise Lower;45110506,icon is MAIN;image file does not exist;
{Symbols_Root}\Appendices\METOC\Atmospheric\45110507.emf,32,Pressure Systems : Pressure Tendency : Fall Then Steady,Meteorological - Atmospheric : Main Icon,Meteorological - Atmospheric;Pressure Systems;Pressure Tendency;Fall Then Steady;Appendices\METOC\Atmospheric\45110507.svg;Point;Pressure Systems : Pressure Tendency : Fall Then Steady;45110507,icon is MAIN;image file does not exist;
{Symbols_Root}\Appendices\METOC\Atmospheric\45110508.emf,32,Pressure Systems : Pressure Tendency : Fall,Meteorological - Atmospheric : Main Icon,Meteorological - Atmospheric;Pressure Systems;Pressure Tendency;Fall;Appendices\METOC\Atmospheric\45110508.svg;Point;Pressure Systems : Pressure Tendency : Fall;45110508,icon is MAIN;image file does not exist;
{Symbols_Root}\Appendices\METOC\Atmospheric\45110509.emf,32,Pressure Systems : Pressure Tendency : Rise Then Fall Lower,Meteorological - Atmospheric : Main Icon,Meteorological - Atmospheric;Pressure Systems;Pressure Tendency;Rise Then Fall Lower;Appendices\METOC\Atmospheric\45110509.svg;Point;Pressure Systems : Pressure Tendency : Rise Then Fall Lower;45110509,icon is MAIN;image file does not exist;
{Symbols_Root}\Appendices\METOC\Atmospheric\45120100.emf,32,Turbulence : Light,Meteorological - Atmospheric : Main Icon,Meteorological - Atmospheric;Turbulence;Light;Appendices\METOC\Atmospheric\45120100.svg;Point;Turbulence : Light;45120100,icon is MAIN;image file does not exist;
{Symbols_Root}\Appendices\METOC\Atmospheric\45120200.emf,32,Turbulence : Moderate,Meteorological - Atmospheric : Main Icon,Meteorological - Atmospheric;Turbulence;Moderate;Appendices\METOC\Atmospheric\45120200.svg;Point;Turbulence : Moderate;45120200,icon is MAIN;image file does not exist;
{Symbols_Root}\Appendices\METOC\Atmospheric\45120300.emf,32,Turbulence : Severe,Meteorological - Atmospheric : Main Icon,Meteorological - Atmospheric;Turbulence;Severe;Appendices\METOC\Atmospheric\45120300.svg;Point;Turbulence : Severe;45120300,icon is MAIN;image file does not exist;
{Symbols_Root}\Appendices\METOC\Atmospheric\45120400.emf,32,Turbulence : Extreme,Meteorological - Atmospheric : Main Icon,Meteorological - Atmospheric;Turbulence;Extreme;Appendices\METOC\Atmospheric\45120400.svg;Point;Turbulence : Extreme;45120400,icon is MAIN;image file does not exist;
{Symbols_Root}\Appendices\METOC\Atmospheric\45120500.emf,32,Turbulence : Mountain Waves,Meteorological - Atmospheric : Main Icon,Meteorological - Atmospheric;Turbulence;Mountain Waves;Appendices\METOC\Atmospheric\45120500.svg;Point;Turbulence : Mountain Waves;45120500,icon is MAIN;image file does not exist;
{Symbols_Root}\Appendices\METOC\Atmospheric\45130101.emf,32,Icing : Clear Icing : Light,Meteorological - Atmospheric : Main Icon,Meteorological - Atmospheric;Icing;Clear Icing;Light;Appendices\METOC\Atmospheric\45130101.svg;Point;Icing : Clear Icing : Light;45130101,icon is MAIN;image file does not exist;
{Symbols_Root}\Appendices\METOC\Atmospheric\45130102.emf,32,Icing : Clear Icing : Moderate,Meteorological - Atmospheric : Main Icon,Meteorological - Atmospheric;Icing;Clear Icing;Moderate;Appendices\METOC\Atmospheric\45130102.svg;Point;Icing : Clear Icing : Moderate;45130102,icon is MAIN;image file does not exist;
{Symbols_Root}\Appendices\METOC\Atmospheric\45130103.emf,32,Icing : Clear Icing : Severe,Meteorological - Atmospheric : Main Icon,Meteorological - Atmospheric;Icing;Clear Icing;Severe;Appendices\METOC\Atmospheric\45130103.svg;Point;Icing : Clear Icing : Severe;45130103,icon is MAIN;image file does not exist;
{Symbols_Root}\Appendices\METOC\Atmospheric\45130201.emf,32,Icing : Rime Icing : Light,Meteorological - Atmospheric : Main Icon,Meteorological - Atmospheric;Icing;Rime Icing;Light;Appendices\METOC\Atmospheric\45130201.svg;Point;Icing : Rime Icing : Light;45130201,icon is MAIN;image file does not exist;
{Symbols_Root}\Appendices\METOC\Atmospheric\45130202.emf,32,Icing : Rime Icing : Moderate,Meteorological - Atmospheric : Main Icon,Meteorological - Atmospheric;Icing;Rime Icing;Moderate;Appendices\METOC\Atmospheric\45130202.svg;Point;Icing : Rime Icing : Moderate;45130202,icon is MAIN;image file does not exist;
{Symbols_Root}\Appendices\METOC\Atmospheric\45130203.emf,32,Icing : Rime Icing : Severe,Meteorological - Atmospheric : Main Icon,Meteorological - Atmospheric;Icing;Rime Icing;Severe;Appendices\METOC\Atmospheric\45130203.svg;Point;Icing : Rime Icing : Severe;45130203,icon is MAIN;image file does not exist;
{Symbols_Root}\Appendices\METOC\Atmospheric\45130301.emf,32,Icing : Mixed Icing : Light,Meteorological - Atmospheric : Main Icon,Meteorological - Atmospheric;Icing;Mixed Icing;Light;Appendices\METOC\Atmospheric\45130301.svg;Point;Icing : Mixed Icing : Light;45130301,icon is MAIN;image file does not exist;
{Symbols_Root}\Appendices\METOC\Atmospheric\45130302.emf,32,Icing : Mixed Icing : Moderate,Meteorological - Atmospheric : Main Icon,Meteorological - Atmospheric;Icing;Mixed Icing;Moderate;Appendices\METOC\Atmospheric\45130302.svg;Point;Icing : Mixed Icing : Moderate;45130302,icon is MAIN;image file does not exist;
{Symbols_Root}\Appendices\METOC\Atmospheric\45130303.emf,32,Icing : Mixed Icing : Severe,Meteorological - Atmospheric : Main Icon,Meteorological - Atmospheric;Icing;Mixed Icing;Severe;Appendices\METOC\Atmospheric\45130303.svg;Point;Icing : Mixed Icing : Severe;45130303,icon is MAIN;image file does not exist;
{Symbols_Root}\Appendices\METOC\Atmospheric\45140100.emf,32,Winds : Calm Winds,Meteorological - Atmospheric : Main Icon,Meteorological - Atmospheric;Winds;Calm Winds;Appendices\METOC\Atmospheric\45140100.svg;Point;Winds : Calm Winds;45140100,icon is MAIN;image file does not exist;
{Symbols_Root}\Appendices\METOC\Atmospheric\45140200.emf,32,Winds : Wind Plot,Meteorological - Atmospheric : Main Icon,Meteorological - Atmospheric;Winds;Wind Plot;Appendices\METOC\Atmospheric\45140200.svg;Point;Winds : Wind Plot;45140200,icon is MAIN;image file does not exist;
{Symbols_Root}\Appendices\METOC\Atmospheric\45150101.emf,32,Cloud Cover : Cloud Coverage : Clear Sky,Meteorological - Atmospheric : Main Icon,Meteorological - Atmospheric;Cloud Cover;Cloud Coverage Symbols;Clear Sky;Appendices\METOC\Atmospheric\45150101.svg;Point;Cloud Cover : Cloud Coverage : Clear Sky;45150101,icon is MAIN;image file does not exist;
{Symbols_Root}\Appendices\METOC\Atmospheric\45150102.emf,32,Cloud Cover : Cloud Coverage : Few Coverage,Meteorological - Atmospheric : Main Icon,Meteorological - Atmospheric;Cloud Cover;Cloud Coverage Symbols;Few Coverage;Appendices\METOC\Atmospheric\45150102.svg;Point;Cloud Cover : Cloud Coverage : Few Coverage;45150102,icon is MAIN;image file does not exist;
{Symbols_Root}\Appendices\METOC\Atmospheric\45150103.emf,32,Cloud Cover : Cloud Coverage : Scattered Coverage,Meteorological - Atmospheric : Main Icon,Meteorological - Atmospheric;Cloud Cover;Cloud Coverage Symbols;Scattered Coverage;Appendices\METOC\Atmospheric\45150103.svg;Point;Cloud Cover : Cloud Coverage : Scattered Coverage;45150103,icon is MAIN;image file does not exist;
{Symbols_Root}\Appendices\METOC\Atmospheric\45150104.emf,32,Cloud Cover : Cloud Coverage : Broken Coverage,Meteorological - Atmospheric : Main Icon,Meteorological - Atmospheric;Cloud Cover;Cloud Coverage Symbols;Broken Coverage;Appendices\METOC\Atmospheric\45150104.svg;Point;Cloud Cover : Cloud Coverage : Broken Coverage;45150104,icon is MAIN;image file does not exist;
{Symbols_Root}\Appendices\METOC\Atmospheric\45150105.emf,32,Cloud Cover : Cloud Coverage : Overcast Coverage,Meteorological - Atmospheric : Main Icon,Meteorological - Atmospheric;Cloud Cover;Cloud Coverage Symbols;Overcast Coverage;Appendices\METOC\Atmospheric\45150105.svg;Point;Cloud Cover : Cloud Coverage : Overcast Coverage;45150105,icon is MAIN;image file does not exist;
{Symbols_Root}\Appendices\METOC\Atmospheric\45150106.emf,32,Cloud Cover : Cloud Coverage : Sky Totally or Partially Obscured,Meteorological - Atmospheric : Main Icon,Meteorological - Atmospheric;Cloud Cover;Cloud Coverage Symbols;Sky Totally or Partially Obscured;Appendices\METOC\Atmospheric\45150106.svg;Point;Cloud Cover : Cloud Coverage : Sky Totally or Partially Obscured;45150106,icon is MAIN;image file does not exist;
{Symbols_Root}\Appendices\METOC\Atmospheric\45160101.emf,32,Weather Symbols : Rain : Intermittent Light,Meteorological - Atmospheric : Main Icon,Meteorological - Atmospheric;Weather Symbols;Rain;Intermittent Light;Appendices\METOC\Atmospheric\45160101.svg;Point;Weather Symbols : Rain : Intermittent Light;45160101,icon is MAIN;image file does not exist;
{Symbols_Root}\Appendices\METOC\Atmospheric\45160102.emf,32,Weather Symbols : Rain : Continuous Light,Meteorological - Atmospheric : Main Icon,Meteorological - Atmospheric;Weather Symbols;Rain;Continuous Light;Appendices\METOC\Atmospheric\45160102.svg;Point;Weather Symbols : Rain : Continuous Light;45160102,icon is MAIN;image file does not exist;
{Symbols_Root}\Appendices\METOC\Atmospheric\45160103.emf,32,Weather Symbols : Rain : Intermittent Moderate,Meteorological - Atmospheric : Main Icon,Meteorological - Atmospheric;Weather Symbols;Rain;Intermittent Moderate;Appendices\METOC\Atmospheric\45160103.svg;Point;Weather Symbols : Rain : Intermittent Moderate;45160103,icon is MAIN;image file does not exist;
{Symbols_Root}\Appendices\METOC\Atmospheric\45160104.emf,32,Weather Symbols : Rain : Intermittent Moderate/Continuous Moderate,Meteorological - Atmospheric : Main Icon,Meteorological - Atmospheric;Weather Symbols;Rain;Intermittent Moderate/Continuous Moderate;Appendices\METOC\Atmospheric\45160104.svg;Point;Weather Symbols : Rain : Intermittent Moderate/Continuous Moderate;45160104,icon is MAIN;image file does not exist;
{Symbols_Root}\Appendices\METOC\Atmospheric\45160105.emf,32,Weather Symbols : Rain : Intermittent Heavy,Meteorological - Atmospheric : Main Icon,Meteorological - Atmospheric;Weather Symbols;Rain;Intermittent Heavy;Appendices\METOC\Atmospheric\45160105.svg;Point;Weather Symbols : Rain : Intermittent Heavy;45160105,icon is MAIN;image file does not exist;
{Symbols_Root}\Appendices\METOC\Atmospheric\45160106.emf,32,Weather Symbols : Rain : Intermittent Heavy/Continuous Heavy,Meteorological - Atmospheric : Main Icon,Meteorological - Atmospheric;Weather Symbols;Rain;Intermittent Heavy/Continuous Heavy;Appendices\METOC\Atmospheric\45160106.svg;Point;Weather Symbols : Rain : Intermittent Heavy/Continuous Heavy;45160106,icon is MAIN;image file does not exist;
{Symbols_Root}\Appendices\METOC\Atmospheric\45160201.emf,32,Weather Symbols : Freezing Rain : Light,Meteorological - Atmospheric : Main Icon,Meteorological - Atmospheric;Weather Symbols;Freezing Rain;Light;Appendices\METOC\Atmospheric\45160201.svg;Point;Weather Symbols : Freezing Rain : Light;45160201,icon is MAIN;image file does not exist;
{Symbols_Root}\Appendices\METOC\Atmospheric\45160202.emf,32,Weather Symbols : Freezing Rain : Moderate/Heavy,Meteorological - Atmospheric : Main Icon,Meteorological - Atmospheric;Weather Symbols;Freezing Rain;Moderate/Heavy;Appendices\METOC\Atmospheric\45160202.svg;Point;Weather Symbols : Freezing Rain : Moderate/Heavy;45160202,icon is MAIN;image file does not exist;
{Symbols_Root}\Appendices\METOC\Atmospheric\45160301.emf,32,Weather Symbols : Rain Showers : Light,Meteorological - Atmospheric : Main Icon,Meteorological - Atmospheric;Weather Symbols;Rain Showers;Light;Appendices\METOC\Atmospheric\45160301.svg;Point;Weather Symbols : Rain Showers : Light;45160301,icon is MAIN;image file does not exist;
{Symbols_Root}\Appendices\METOC\Atmospheric\45160302.emf,32,Weather Symbols : Rain Showers : Moderate/Heavy,Meteorological - Atmospheric : Main Icon,Meteorological - Atmospheric;Weather Symbols;Rain Showers;Moderate/Heavy;Appendices\METOC\Atmospheric\45160302.svg;Point;Weather Symbols : Rain Showers : Moderate/Heavy;45160302,icon is MAIN;image file does not exist;
{Symbols_Root}\Appendices\METOC\Atmospheric\45160303.emf,32,Weather Symbols : Rain Showers : Torrential,Meteorological - Atmospheric : Main Icon,Meteorological - Atmospheric;Weather Symbols;Rain Showers;Torrential;Appendices\METOC\Atmospheric\45160303.svg;Point;Weather Symbols : Rain Showers : Torrential;45160303,icon is MAIN;image file does not exist;
{Symbols_Root}\Appendices\METOC\Atmospheric\45160401.emf,32,Weather Symbols : Drizzle : Intermittent Light,Meteorological - Atmospheric : Main Icon,Meteorological - Atmospheric;Weather Symbols;Drizzle;Intermittent Light;Appendices\METOC\Atmospheric\45160401.svg;Point;Weather Symbols : Drizzle : Intermittent Light;45160401,icon is MAIN;image file does not exist;
{Symbols_Root}\Appendices\METOC\Atmospheric\45160402.emf,32,Weather Symbols : Drizzle : Intermittent Light/Continuous Light,Meteorological - Atmospheric : Main Icon,Meteorological - Atmospheric;Weather Symbols;Drizzle;Intermittent Light/Continuous Light;Appendices\METOC\Atmospheric\45160402.svg;Point;Weather Symbols : Drizzle : Intermittent Light/Continuous Light;45160402,icon is MAIN;image file does not exist;
{Symbols_Root}\Appendices\METOC\Atmospheric\45160403.emf,32,Weather Symbols : Drizzle : Intermittent Moderate,Meteorological - Atmospheric : Main Icon,Meteorological - Atmospheric;Weather Symbols;Drizzle;Intermittent Moderate;Appendices\METOC\Atmospheric\45160403.svg;Point;Weather Symbols : Drizzle : Intermittent Moderate;45160403,icon is MAIN;image file does not exist;
{Symbols_Root}\Appendices\METOC\Atmospheric\45160404.emf,32,Weather Symbols : Drizzle : Intermittent Moderate/Continuous Moderate,Meteorological - Atmospheric : Main Icon,Meteorological - Atmospheric;Weather Symbols;Drizzle;Intermittent Moderate/Continuous Moderate;Appendices\METOC\Atmospheric\45160404.svg;Point;Weather Symbols : Drizzle : Intermittent Moderate/Continuous Moderate;45160404,icon is MAIN;image file does not exist;
{Symbols_Root}\Appendices\METOC\Atmospheric\45160405.emf,32,Weather Symbols : Drizzle : Intermittent Heavy,Meteorological - Atmospheric : Main Icon,Meteorological - Atmospheric;Weather Symbols;Drizzle;Intermittent Heavy;Appendices\METOC\Atmospheric\45160405.svg;Point;Weather Symbols : Drizzle : Intermittent Heavy;45160405,icon is MAIN;image file does not exist;
{Symbols_Root}\Appendices\METOC\Atmospheric\45160406.emf,32,Weather Symbols : Drizzle : Intermittent Heavy/Continuous Heavy,Meteorological - Atmospheric : Main Icon,Meteorological - Atmospheric;Weather Symbols;Drizzle;Intermittent Heavy/Continuous Heavy;Appendices\METOC\Atmospheric\45160406.svg;Point;Weather Symbols : Drizzle : Intermittent Heavy/Continuous Heavy;45160406,icon is MAIN;image file does not exist;
{Symbols_Root}\Appendices\METOC\Atmospheric\45160501.emf,32,Weather Symbols : Freezing Drizzle : Light,Meteorological - Atmospheric : Main Icon,Meteorological - Atmospheric;Weather Symbols;Freezing Drizzle;Light;Appendices\METOC\Atmospheric\45160501.svg;Point;Weather Symbols : Freezing Drizzle : Light;45160501,icon is MAIN;image file does not exist;
{Symbols_Root}\Appendices\METOC\Atmospheric\45160502.emf,32,Weather Symbols : Freezing Drizzle : Moderate/Heavy,Meteorological - Atmospheric : Main Icon,Meteorological - Atmospheric;Weather Symbols;Freezing Drizzle;Moderate/Heavy;Appendices\METOC\Atmospheric\45160502.svg;Point;Weather Symbols : Freezing Drizzle : Moderate/Heavy;45160502,icon is MAIN;image file does not exist;
{Symbols_Root}\Appendices\METOC\Atmospheric\45160601.emf,32,Weather Symbols : Rain and Snow Mixed : Rain or Drizzle and Snow - Light,Meteorological - Atmospheric : Main Icon,Meteorological - Atmospheric;Weather Symbols;Rain and Snow Mixed;Rain or Drizzle and Snow - Light;Appendices\METOC\Atmospheric\45160601.svg;Point;Weather Symbols : Rain and Snow Mixed : Rain or Drizzle and Snow - Light;45160601,icon is MAIN;image file does not exist;
{Symbols_Root}\Appendices\METOC\Atmospheric\45160502.emf,32,Weather Symbols : Rain and Snow Mixed : Rain or Drizzle and Snow - Moderate/Heavy,Meteorological - Atmospheric : Main Icon,Meteorological - Atmospheric;Weather Symbols;Rain and Snow Mixed;Rain or Drizzle and Snow - Moderate/Heavy;Appendices\METOC\Atmospheric\45160502.svg;Point;Weather Symbols : Rain and Snow Mixed : Rain or Drizzle and Snow - Moderate/Heavy;45160602,icon is MAIN;image file does not exist;
{Symbols_Root}\Appendices\METOC\Atmospheric\45160503.emf,32,Weather Symbols : Rain and Snow Mixed : Rain and Snow Showers - Light,Meteorological - Atmospheric : Main Icon,Meteorological - Atmospheric;Weather Symbols;Rain and Snow Mixed;Rain and Snow Showers - Light;Appendices\METOC\Atmospheric\45160503.svg;Point;Weather Symbols : Rain and Snow Mixed : Rain and Snow Showers - Light;45160603,icon is MAIN;image file does not exist;
{Symbols_Root}\Appendices\METOC\Atmospheric\45160504.emf,32,Weather Symbols : Rain and Snow Mixed : Rain and Snow Showers - Moderate/Heavy,Meteorological - Atmospheric : Main Icon,Meteorological - Atmospheric;Weather Symbols;Rain and Snow Mixed;Rain and Snow Showers - Moderate/Heavy;Appendices\METOC\Atmospheric\45160504.svg;Point;Weather Symbols : Rain and Snow Mixed : Rain and Snow Showers - Moderate/Heavy;45160604,icon is MAIN;image file does not exist;
{Symbols_Root}\Appendices\METOC\Atmospheric\45160700.emf,32,Weather Symbols : Snow,Meteorological - Atmospheric : Main Icon,Meteorological - Atmospheric;Weather Symbols;Snow;Appendices\METOC\Atmospheric\45160700.svg;Point;Weather Symbols : Snow;45160700,icon is MAIN;image file does not exist;
{Symbols_Root}\Appendices\METOC\Atmospheric\45160701.emf,32,Weather Symbols : Snow : Intermittent Light,Meteorological - Atmospheric : Main Icon,Meteorological - Atmospheric;Weather Symbols;Snow;Intermittent Light;Appendices\METOC\Atmospheric\45160701.svg;Point;Weather Symbols : Snow : Intermittent Light;45160701,icon is MAIN;image file does not exist;
{Symbols_Root}\Appendices\METOC\Atmospheric\45160702.emf,32,Weather Symbols : Snow : Intermittent Light/Continuous Light,Meteorological - Atmospheric : Main Icon,Meteorological - Atmospheric;Weather Symbols;Snow;Intermittent Light/Continuous Light;Appendices\METOC\Atmospheric\45160702.svg;Point;Weather Symbols : Snow : Intermittent Light/Continuous Light;45160702,icon is MAIN;image file does not exist;
{Symbols_Root}\Appendices\METOC\Atmospheric\45160703.emf,32,Weather Symbols : Snow : Intermittent Moderate,Meteorological - Atmospheric : Main Icon,Meteorological - Atmospheric;Weather Symbols;Snow;Intermittent Moderate;Appendices\METOC\Atmospheric\45160703.svg;Point;Weather Symbols : Snow : Intermittent Moderate;45160703,icon is MAIN;image file does not exist;
{Symbols_Root}\Appendices\METOC\Atmospheric\45160704.emf,32,Weather Symbols : Snow : Intermittent Moderate/Continuous Moderate,Meteorological - Atmospheric : Main Icon,Meteorological - Atmospheric;Weather Symbols;Snow;Intermittent Moderate/Continuous Moderate;Appendices\METOC\Atmospheric\45160704.svg;Point;Weather Symbols : Snow : Intermittent Moderate/Continuous Moderate;45160704,icon is MAIN;image file does not exist;
{Symbols_Root}\Appendices\METOC\Atmospheric\45160705.emf,32,Weather Symbols : Snow : Intermittent Heavy,Meteorological - Atmospheric : Main Icon,Meteorological - Atmospheric;Weather Symbols;Snow;Intermittent Heavy;Appendices\METOC\Atmospheric\45160705.svg;Point;Weather Symbols : Snow : Intermittent Heavy;45160705,icon is MAIN;image file does not exist;
{Symbols_Root}\Appendices\METOC\Atmospheric\45160706.emf,32,Weather Symbols : Snow : Intermittent Heavy/Continuous Heavy,Meteorological - Atmospheric : Main Icon,Meteorological - Atmospheric;Weather Symbols;Snow;Intermittent Heavy/Continuous Heavy;Appendices\METOC\Atmospheric\45160706.svg;Point;Weather Symbols : Snow : Intermittent Heavy/Continuous Heavy;45160706,icon is MAIN;image file does not exist;
{Symbols_Root}\Appendices\METOC\Atmospheric\45160707.emf,32,Weather Symbols : Snow : Blowing Snow - Light/Moderate,Meteorological - Atmospheric : Main Icon,Meteorological - Atmospheric;Weather Symbols;Snow;Blowing Snow - Light/Moderate;Appendices\METOC\Atmospheric\45160707.svg;Point;Weather Symbols : Snow : Blowing Snow - Light/Moderate;45160707,icon is MAIN;image file does not exist;
{Symbols_Root}\Appendices\METOC\Atmospheric\45160708.emf,32,Weather Symbols : Snow : Blowing Snow - Heavy,Meteorological - Atmospheric : Main Icon,Meteorological - Atmospheric;Weather Symbols;Snow;Blowing Snow - Heavy;Appendices\METOC\Atmospheric\45160708.svg;Point;Weather Symbols : Snow : Blowing Snow - Heavy;45160708,icon is MAIN;image file does not exist;
{Symbols_Root}\Appendices\METOC\Atmospheric\45160800.emf,32,Weather Symbols : Snow Grains,Meteorological - Atmospheric : Main Icon,Meteorological - Atmospheric;Weather Symbols;Snow Grains;Appendices\METOC\Atmospheric\45160800.svg;Point;Weather Symbols : Snow Grains;45160800,icon is MAIN;image file does not exist;
{Symbols_Root}\Appendices\METOC\Atmospheric\45160901.emf,32,Weather Symbols : Snow Showers : Light,Meteorological - Atmospheric : Main Icon,Meteorological - Atmospheric;Weather Symbols;Snow Showers;Light;Appendices\METOC\Atmospheric\45160901.svg;Point;Weather Symbols : Snow Showers : Light;45160901,icon is MAIN;image file does not exist;
{Symbols_Root}\Appendices\METOC\Atmospheric\45160902.emf,32,Weather Symbols : Snow Showers : Moderate/Heavy,Meteorological - Atmospheric : Main Icon,Meteorological - Atmospheric;Weather Symbols;Snow Showers;Moderate/Heavy;Appendices\METOC\Atmospheric\45160902.svg;Point;Weather Symbols : Snow Showers : Moderate/Heavy;45160902,icon is MAIN;image file does not exist;
{Symbols_Root}\Appendices\METOC\Atmospheric\45161001.emf,32,Weather Symbols : Hail : Light not Associated with Thunder,Meteorological - Atmospheric : Main Icon,Meteorological - Atmospheric;Weather Symbols;Hail;Light not Associated with Thunder;Appendices\METOC\Atmospheric\45161001.svg;Point;Weather Symbols : Hail : Light not Associated with Thunder;45161001,icon is MAIN;image file does not exist;
{Symbols_Root}\Appendices\METOC\Atmospheric\45161002.emf,32,Weather Symbols : Hail : Moderate/Heavy not Associated with Thunder,Meteorological - Atmospheric : Main Icon,Meteorological - Atmospheric;Weather Symbols;Hail;Moderate/Heavy not Associated with Thunder;Appendices\METOC\Atmospheric\45161002.svg;Point;Weather Symbols : Hail : Moderate/Heavy not Associated with Thunder;45161002,icon is MAIN;image file does not exist;
{Symbols_Root}\Appendices\METOC\Atmospheric\45161100.emf,32,Weather Symbols : Ice Crystals (Diamond Dust),Meteorological - Atmospheric : Main Icon,Meteorological - Atmospheric;Weather Symbols;Ice Crystals (Diamond Dust);Appendices\METOC\Atmospheric\45161100.svg;Point;Weather Symbols : Ice Crystals (Diamond Dust);45161100,icon is MAIN;image file does not exist;
{Symbols_Root}\Appendices\METOC\Atmospheric\45161201.emf,32,Weather Symbols : Ice Pellets (Sleet) : Light,Meteorological - Atmospheric : Main Icon,Meteorological - Atmospheric;Weather Symbols;Ice Pellets (Sleet);Light;Appendices\METOC\Atmospheric\45161201.svg;Point;Weather Symbols : Ice Pellets (Sleet) : Light;45161201,icon is MAIN;image file does not exist;
{Symbols_Root}\Appendices\METOC\Atmospheric\45161202.emf,32,Weather Symbols : Ice Pellets (Sleet) : Moderate,Meteorological - Atmospheric : Main Icon,Meteorological - Atmospheric;Weather Symbols;Ice Pellets (Sleet);Moderate;Appendices\METOC\Atmospheric\45161202.svg;Point;Weather Symbols : Ice Pellets (Sleet) : Moderate;45161202,icon is MAIN;image file does not exist;
{Symbols_Root}\Appendices\METOC\Atmospheric\45161203.emf,32,Weather Symbols : Ice Pellets (Sleet) : Heavy,Meteorological - Atmospheric : Main Icon,Meteorological - Atmospheric;Weather Symbols;Ice Pellets (Sleet);Heavy;Appendices\METOC\Atmospheric\45161203.svg;Point;Weather Symbols : Ice Pellets (Sleet) : Heavy;45161203,icon is MAIN;image file does not exist;
{Symbols_Root}\Appendices\METOC\Atmospheric\45161300.emf,32,Weather Symbols : Inversion,Meteorological - Atmospheric : Main Icon,Meteorological - Atmospheric;Weather Symbols;Inversion;Appendices\METOC\Atmospheric\45161300.svg;Point;Weather Symbols : Inversion;45161300,icon is MAIN;image file does not exist;
{Symbols_Root}\Appendices\METOC\Atmospheric\45161401.emf,32,Weather Symbols : Storms : Thunderstorm - No Precipitation,Meteorological - Atmospheric : Main Icon,Meteorological - Atmospheric;Weather Symbols;Storms;Thunderstorm - No Precipitation;Appendices\METOC\Atmospheric\45161401.svg;Point;Weather Symbols : Storms : Thunderstorm - No Precipitation;45161401,icon is MAIN;image file does not exist;
{Symbols_Root}\Appendices\METOC\Atmospheric\45161402.emf,32,Weather Symbols : Storms : Thunderstorm Light to Moderate with Rain/Snow - No Hail,Meteorological - Atmospheric : Main Icon,Meteorological - Atmospheric;Weather Symbols;Storms;Thunderstorm Light to Moderate with Rain/Snow - No Hail;Appendices\METOC\Atmospheric\45161402.svg;Point;Weather Symbols : Storms : Thunderstorm Light to Moderate with Rain/Snow - No Hail;45161402,icon is MAIN;image file does not exist;
{Symbols_Root}\Appendices\METOC\Atmospheric\45161403.emf,32,Weather Symbols : Storms : Thunderstorm Heavy with Rain/Snow - No Hail,Meteorological - Atmospheric : Main Icon,Meteorological - Atmospheric;Weather Symbols;Storms;Thunderstorm Heavy with Rain/Snow - No Hail;Appendices\METOC\Atmospheric\45161403.svg;Point;Weather Symbols : Storms : Thunderstorm Heavy with Rain/Snow - No Hail;45161403,icon is MAIN;image file does not exist;
{Symbols_Root}\Appendices\METOC\Atmospheric\45161404.emf,32,Weather Symbols : Storms : Thunderstorm Light to Moderate - With Hail,Meteorological - Atmospheric : Main Icon,Meteorological - Atmospheric;Weather Symbols;Storms;Thunderstorm Light to Moderate - With Hail;Appendices\METOC\Atmospheric\45161404.svg;Point;Weather Symbols : Storms : Thunderstorm Light to Moderate - With Hail;45161404,icon is MAIN;image file does not exist;
{Symbols_Root}\Appendices\METOC\Atmospheric\45161405.emf,32,Weather Symbols : Storms : Thunderstorm Heavy - With Hail,Meteorological - Atmospheric : Main Icon,Meteorological - Atmospheric;Weather Symbols;Storms;Thunderstorm Heavy - With Hail;Appendices\METOC\Atmospheric\45161405.svg;Point;Weather Symbols : Storms : Thunderstorm Heavy - With Hail;45161405,icon is MAIN;image file does not exist;
{Symbols_Root}\Appendices\METOC\Atmospheric\45161406.emf,32,Weather Symbols : Storms : Funnel Cloud (Tornado/Waterspout),Meteorological - Atmospheric : Main Icon,Meteorological - Atmospheric;Weather Symbols;Storms;Funnel Cloud (Tornado/Waterspout);Appendices\METOC\Atmospheric\45161406.svg;Point;Weather Symbols : Storms : Funnel Cloud (Tornado/Waterspout);45161406,icon is MAIN;image file does not exist;
{Symbols_Root}\Appendices\METOC\Atmospheric\45161407.emf,32,Weather Symbols : Storms : Squall,Meteorological - Atmospheric : Main Icon,Meteorological - Atmospheric;Weather Symbols;Storms;Squall;Appendices\METOC\Atmospheric\45161407.svg;Point;Weather Symbols : Storms : Squall;45161407,icon is MAIN;image file does not exist;
{Symbols_Root}\Appendices\METOC\Atmospheric\45161408.emf,32,Weather Symbols : Storms : Lightning,Meteorological - Atmospheric : Main Icon,Meteorological - Atmospheric;Weather Symbols;Storms;Lightning;Appendices\METOC\Atmospheric\45161408.svg;Point;Weather Symbols : Storms : Lightning;45161408,icon is MAIN;image file does not exist;
{Symbols_Root}\Appendices\METOC\Atmospheric\45161501.emf,32,Weather Symbols : Fog : Shallow Patches,Meteorological - Atmospheric : Main Icon,Meteorological - Atmospheric;Weather Symbols;Fog;Shallow Patches;Appendices\METOC\Atmospheric\45161501.svg;Point;Weather Symbols : Fog : Shallow Patches;45161501,icon is MAIN;image file does not exist;
{Symbols_Root}\Appendices\METOC\Atmospheric\45161502.emf,32,Weather Symbols : Fog : Shallow Continuous,Meteorological - Atmospheric : Main Icon,Meteorological - Atmospheric;Weather Symbols;Fog;Shallow Continuous;Appendices\METOC\Atmospheric\45161502.svg;Point;Weather Symbols : Fog : Shallow Continuous;45161502,icon is MAIN;image file does not exist;
{Symbols_Root}\Appendices\METOC\Atmospheric\45161503.emf,32,Weather Symbols : Fog : Patchy,Meteorological - Atmospheric : Main Icon,Meteorological - Atmospheric;Weather Symbols;Fog;Patchy;Appendices\METOC\Atmospheric\45161503.svg;Point;Weather Symbols : Fog : Patchy;45161503,icon is MAIN;image file does not exist;
{Symbols_Root}\Appendices\METOC\Atmospheric\45161504.emf,32,Weather Symbols : Fog : Sky Visible,Meteorological - Atmospheric : Main Icon,Meteorological - Atmospheric;Weather Symbols;Fog;Sky Visible;Appendices\METOC\Atmospheric\45161504.svg;Point;Weather Symbols : Fog : Sky Visible;45161504,icon is MAIN;image file does not exist;
{Symbols_Root}\Appendices\METOC\Atmospheric\45161505.emf,32,Weather Symbols : Fog : Sky Obscured,Meteorological - Atmospheric : Main Icon,Meteorological - Atmospheric;Weather Symbols;Fog;Sky Obscured;Appendices\METOC\Atmospheric\45161505.svg;Point;Weather Symbols : Fog : Sky Obscured;45161505,icon is MAIN;image file does not exist;
{Symbols_Root}\Appendices\METOC\Atmospheric\45161506.emf,32,Weather Symbols : Fog : Freezing-Sky Visible,Meteorological - Atmospheric : Main Icon,Meteorological - Atmospheric;Weather Symbols;Fog;Freezing-Sky Visible;Appendices\METOC\Atmospheric\45161506.svg;Point;Weather Symbols : Fog : Freezing-Sky Visible;45161506,icon is MAIN;image file does not exist;
{Symbols_Root}\Appendices\METOC\Atmospheric\45161507.emf,32,Weather Symbols : Fog : Freezing-Sky Obscured,Meteorological - Atmospheric : Main Icon,Meteorological - Atmospheric;Weather Symbols;Fog;Freezing-Sky Obscured;Appendices\METOC\Atmospheric\45161507.svg;Point;Weather Symbols : Fog : Freezing-Sky Obscured;45161507,icon is MAIN;image file does not exist;
{Symbols_Root}\Appendices\METOC\Atmospheric\45161600.emf,32,Weather Symbols : Mist,Meteorological - Atmospheric : Main Icon,Meteorological - Atmospheric;Weather Symbols;Mist;Appendices\METOC\Atmospheric\45161600.svg;Point;Weather Symbols : Mist;45161600,icon is MAIN;image file does not exist;
{Symbols_Root}\Appendices\METOC\Atmospheric\45161700.emf,32,Weather Symbols : Smoke,Meteorological - Atmospheric : Main Icon,Meteorological - Atmospheric;Weather Symbols;Smoke;Appendices\METOC\Atmospheric\45161700.svg;Point;Weather Symbols : Smoke;45161700,icon is MAIN;image file does not exist;
{Symbols_Root}\Appendices\METOC\Atmospheric\45161800.emf,32,Weather Symbols : Haze,Meteorological - Atmospheric : Main Icon,Meteorological - Atmospheric;Weather Symbols;Haze;Appendices\METOC\Atmospheric\45161800.svg;Point;Weather Symbols : Haze;45161800,icon is MAIN;image file does not exist;
{Symbols_Root}\Appendices\METOC\Atmospheric\45161901.emf,32,Weather Symbols : Dust or Sand : Light to Moderate,Meteorological - Atmospheric : Main Icon,Meteorological - Atmospheric;Weather Symbols;Dust or Sand;Light to Moderate;Appendices\METOC\Atmospheric\45161901.svg;Point;Weather Symbols : Dust or Sand : Light to Moderate;45161901,icon is MAIN;image file does not exist;
{Symbols_Root}\Appendices\METOC\Atmospheric\45161902.emf,32,Weather Symbols : Dust or Sand : Severe,Meteorological - Atmospheric : Main Icon,Meteorological - Atmospheric;Weather Symbols;Dust or Sand;Severe;Appendices\METOC\Atmospheric\45161902.svg;Point;Weather Symbols : Dust or Sand : Severe;45161902,icon is MAIN;image file does not exist;
{Symbols_Root}\Appendices\METOC\Atmospheric\45161903.emf,32,Weather Symbols : Dust or Sand : Dust Devil,Meteorological - Atmospheric : Main Icon,Meteorological - Atmospheric;Weather Symbols;Dust or Sand;Dust Devil;Appendices\METOC\Atmospheric\45161903.svg;Point;Weather Symbols : Dust or Sand : Dust Devil;45161903,icon is MAIN;image file does not exist;
{Symbols_Root}\Appendices\METOC\Atmospheric\45161904.emf,32,Weather Symbols : Dust or Sand : Blowing Dust or Sand,Meteorological - Atmospheric : Main Icon,Meteorological - Atmospheric;Weather Symbols;Dust or Sand;Blowing Dust or Sand;Appendices\METOC\Atmospheric\45161904.svg;Point;Weather Symbols : Dust or Sand : Blowing Dust or Sand;45161904,icon is MAIN;image file does not exist;
{Symbols_Root}\Appendices\METOC\Atmospheric\45162001.emf,32,Weather Symbols : Tropical Storm Systems : Tropical Depression,Meteorological - Atmospheric : Main Icon,Meteorological - Atmospheric;Weather Symbols;Tropical Storm Systems;Tropical Depression;Appendices\METOC\Atmospheric\45162001.svg;Point;Weather Symbols : Tropical Storm Systems : Tropical Depression;45162001,icon is MAIN;image file does not exist;
{Symbols_Root}\Appendices\METOC\Atmospheric\45162002.emf,32,Weather Symbols : Tropical Storm Systems : Tropical Storm,Meteorological - Atmospheric : Main Icon,Meteorological - Atmospheric;Weather Symbols;Tropical Storm Systems;Tropical Storm;Appendices\METOC\Atmospheric\45162002.svg;Point;Weather Symbols : Tropical Storm Systems : Tropical Storm;45162002,icon is MAIN;image file does not exist;
{Symbols_Root}\Appendices\METOC\Atmospheric\45162003.emf,32,Weather Symbols : Tropical Storm Systems : Hurricane/Typhoon,Meteorological - Atmospheric : Main Icon,Meteorological - Atmospheric;Weather Symbols;Tropical Storm Systems;Hurricane/Typhoon;Appendices\METOC\Atmospheric\45162003.svg;Point;Weather Symbols : Tropical Storm Systems : Hurricane/Typhoon;45162003,icon is MAIN;image file does not exist;
{Symbols_Root}\Appendices\METOC\Atmospheric\45162100.emf,32,Weather Symbols : Volcanic Eruption,Meteorological - Atmospheric : Main Icon,Meteorological - Atmospheric;Weather Symbols;Volcanic Eruption;Appendices\METOC\Atmospheric\45162100.svg;Point;Weather Symbols : Volcanic Eruption;45162100,icon is MAIN;image file does not exist;
{Symbols_Root}\Appendices\METOC\Atmospheric\45162101.emf,32,Weather Symbols : Volcanic Eruption : Volcanic Ash,Meteorological - Atmospheric : Main Icon,Meteorological - Atmospheric;Weather Symbols;Volcanic Eruption;Volcanic Ash;Appendices\METOC\Atmospheric\45162101.svg;Point;Weather Symbols : Volcanic Eruption : Volcanic Ash;45162101,icon is MAIN;image file does not exist;
{Symbols_Root}\Appendices\METOC\Atmospheric\45162200.emf,32,Weather Symbols : Tropopause Level,Meteorological - Atmospheric : Main Icon,Meteorological - Atmospheric;Weather Symbols;Tropopause Level;Appendices\METOC\Atmospheric\45162200.svg;Point;Weather Symbols : Tropopause Level;45162200,icon is MAIN;image file does not exist;
{Symbols_Root}\Appendices\METOC\Atmospheric\45162300.emf,32,Weather Symbols : Freezing Level,Meteorological - Atmospheric : Main Icon,Meteorological - Atmospheric;Weather Symbols;Freezing Level;Appendices\METOC\Atmospheric\45162300.svg;Point;Weather Symbols : Freezing Level;45162300,icon is MAIN;image file does not exist;
{Symbols_Root}\Appendices\METOC\Atmospheric\45162400.emf,32,Weather Symbols : Precipitation of Unknown Type and Intensity,Meteorological - Atmospheric : Main Icon,Meteorological - Atmospheric;Weather Symbols;Precipitation of Unknown Type and Intensity;Appendices\METOC\Atmospheric\45162400.svg;Point;Weather Symbols : Precipitation of Unknown Type and Intensity;45162400,icon is MAIN;image file does not exist;
{Symbols_Root}\Appendices\METOC\Atmospheric\45190101.emf,32,State of the Ground : Without Snow or Measurable Ice Cover : Surface Dry Without Cracks or Appreciable Dust or Loose Sand,Meteorological - Atmospheric : Main Icon,Meteorological - Atmospheric;State of the Ground;Without Snow or Measurable Ice Cover;Surface Dry Without Cracks or Appreciable Dust or Loose Sand;Appendices\METOC\Atmospheric\45190101.svg;Point;State of the Ground : Without Snow or Measurable Ice Cover : Surface Dry Without Cracks or Appreciable Dust or Loose Sand;45190101,icon is MAIN;image file does not exist;styleItemTags > 255;
{Symbols_Root}\Appendices\METOC\Atmospheric\45190102.emf,32,State of the Ground : Without Snow or Measurable Ice Cover : Surface Moist,Meteorological - Atmospheric : Main Icon,Meteorological - Atmospheric;State of the Ground;Without Snow or Measurable Ice Cover;Surface Moist;Appendices\METOC\Atmospheric\45190102.svg;Point;State of the Ground : Without Snow or Measurable Ice Cover : Surface Moist;45190102,icon is MAIN;image file does not exist;
{Symbols_Root}\Appendices\METOC\Atmospheric\45190103.emf,32,State of the Ground : Without Snow or Measurable Ice Cover : Surface Wet-Standing Water in Small or Large Pools,Meteorological - Atmospheric : Main Icon,Meteorological - Atmospheric;State of the Ground;Without Snow or Measurable Ice Cover;Surface Wet-Standing Water in Small or Large Pools;Appendices\METOC\Atmospheric\45190103.svg;Point;State of the Ground : Without Snow or Measurable Ice Cover : Surface Wet-Standing Water in Small or Large Pools;45190103,icon is MAIN;image file does not exist;styleItemTags > 255;
{Symbols_Root}\Appendices\METOC\Atmospheric\45190104.emf,32,State of the Ground : Without Snow or Measurable Ice Cover : Surface Flooded,Meteorological - Atmospheric : Main Icon,Meteorological - Atmospheric;State of the Ground;Without Snow or Measurable Ice Cover;Surface Flooded;Appendices\METOC\Atmospheric\45190104.svg;Point;State of the Ground : Without Snow or Measurable Ice Cover : Surface Flooded;45190104,icon is MAIN;image file does not exist;
{Symbols_Root}\Appendices\METOC\Atmospheric\45190105.emf,32,State of the Ground : Without Snow or Measurable Ice Cover : Surface Frozen,Meteorological - Atmospheric : Main Icon,Meteorological - Atmospheric;State of the Ground;Without Snow or Measurable Ice Cover;Surface Frozen;Appendices\METOC\Atmospheric\45190105.svg;Point;State of the Ground : Without Snow or Measurable Ice Cover : Surface Frozen;45190105,icon is MAIN;image file does not exist;
{Symbols_Root}\Appendices\METOC\Atmospheric\45190106.emf,32,State of the Ground : Without Snow or Measurable Ice Cover : Glaze (Thin Ice) on Ground,Meteorological - Atmospheric : Main Icon,Meteorological - Atmospheric;State of the Ground;Without Snow or Measurable Ice Cover;Glaze (Thin Ice) on Ground;Appendices\METOC\Atmospheric\45190106.svg;Point;State of the Ground : Without Snow or Measurable Ice Cover : Glaze (Thin Ice) on Ground;45190106,icon is MAIN;image file does not exist;styleItemTags > 255;
{Symbols_Root}\Appendices\METOC\Atmospheric\45190107.emf,32,State of the Ground : Without Snow or Measurable Ice Cover : Loose Dry Dust or Sand not Covering Ground Completely,Meteorological - Atmospheric : Main Icon,Meteorological - Atmospheric;State of the Ground;Without Snow or Measurable Ice Cover;Loose Dry Dust or Sand not Covering Ground Completely;Appendices\METOC\Atmospheric\45190107.svg;Point;State of the Ground : Without Snow or Measurable Ice Cover : Loose Dry Dust or Sand not Covering Ground Completely;45190107,icon is MAIN;image file does not exist;styleItemTags > 255;
{Symbols_Root}\Appendices\METOC\Atmospheric\45190108.emf,32,State of the Ground : Without Snow or Measurable Ice Cover : Thin Loose Dry Dust or Sand Covering Ground Completely,Meteorological - Atmospheric : Main Icon,Meteorological - Atmospheric;State of the Ground;Without Snow or Measurable Ice Cover;Thin Loose Dry Dust or Sand Covering Ground Completely;Appendices\METOC\Atmospheric\45190108.svg;Point;State of the Ground : Without Snow or Measurable Ice Cover : Thin Loose Dry Dust or Sand Covering Ground Completely;45190108,icon is MAIN;image file does not exist;styleItemTags > 255;
{Symbols_Root}\Appendices\METOC\Atmospheric\45190109.emf,32,State of the Ground : Without Snow or Measurable Ice Cover : Moderate/Thick Loose Dry Dust or Sand Covering Ground Completely,Meteorological - Atmospheric : Main Icon,Meteorological - Atmospheric;State of the Ground;Without Snow or Measurable Ice Cover;Moderate/Thick Loose Dry Dust or Sand Covering Ground Completely;Appendices\METOC\Atmospheric\45190109.svg;Point;State of the Ground : Without Snow or Measurable Ice Cover : Moderate/Thick Loose Dry Dust or Sand Covering Ground Completely;45190109,icon is MAIN;image file does not exist;styleItemTags > 255;
{Symbols_Root}\Appendices\METOC\Atmospheric\45190110.emf,32,State of the Ground : Without Snow or Measurable Ice Cover : Extremely Dry with Cracks,Meteorological - Atmospheric : Main Icon,Meteorological - Atmospheric;State of the Ground;Without Snow or Measurable Ice Cover;Extremely Dry with Cracks;Appendices\METOC\Atmospheric\45190110.svg;Point;State of the Ground : Without Snow or Measurable Ice Cover : Extremely Dry with Cracks;45190110,icon is MAIN;image file does not exist;
{Symbols_Root}\Appendices\METOC\Atmospheric\45190201.emf,32,State of the Ground : With Snow or Measurable Ice Cover : Predominately Ice Covered,Meteorological - Atmospheric : Main Icon,Meteorological - Atmospheric;State of the Ground;With Snow or Measurable Ice Cover;Predominately Ice Covered;Appendices\METOC\Atmospheric\45190201.svg;Point;State of the Ground : With Snow or Measurable Ice Cover : Predominately Ice Covered;45190201,icon is MAIN;image file does not exist;
{Symbols_Root}\Appendices\METOC\Atmospheric\45190202.emf,32,State of the Ground : With Snow or Measurable Ice Cover : Compact or Wet Snow (with or without Ice) Covering Less Than One-Half of Ground,Meteorological - Atmospheric : Main Icon,Meteorological - Atmospheric;State of the Ground;With Snow or Measurable Ice Cover;Compact or Wet Snow (with or without Ice) Covering Less Than One-Half of Ground;Appendices\METOC\Atmospheric\45190202.svg;Point;State of the Ground : With Snow or Measurable Ice Cover : Compact or Wet Snow (with or without Ice) Covering Less Than One-Half of Ground;45190202,icon is MAIN;image file does not exist;styleItemTags > 255;
{Symbols_Root}\Appendices\METOC\Atmospheric\45190203.emf,32,State of the Ground : With Snow or Measurable Ice Cover : Compact or Wet Snow (with or without Ice) Covering  at Least One-Half of Ground-but Ground not Completely Covered,Meteorological - Atmospheric : Main Icon,Meteorological - Atmospheric;State of the Ground;With Snow or Measurable Ice Cover;Compact or Wet Snow (with or without Ice) Covering  at Least One-Half of Ground-but Ground not Completely Covered;Appendices\METOC\Atmospheric\45190203.svg;Point;State of the Ground : With Snow or Measurable Ice Cover : Compact or Wet Snow (with or without Ice) Covering  at Least One-Half of Ground-but Ground not Completely Covered;45190203,icon is MAIN;image file does not exist;styleItemTags > 255;
{Symbols_Root}\Appendices\METOC\Atmospheric\45190204.emf,32,State of the Ground : With Snow or Measurable Ice Cover : Even Layer of Compact or Wet Snow Covering Ground Completely,Meteorological - Atmospheric : Main Icon,Meteorological - Atmospheric;State of the Ground;With Snow or Measurable Ice Cover;Even Layer of Compact or Wet Snow Covering Ground Completely;Appendices\METOC\Atmospheric\45190204.svg;Point;State of the Ground : With Snow or Measurable Ice Cover : Even Layer of Compact or Wet Snow Covering Ground Completely;45190204,icon is MAIN;image file does not exist;styleItemTags > 255;
{Symbols_Root}\Appendices\METOC\Atmospheric\45190205.emf,32,State of the Ground : With Snow or Measurable Ice Cover : Uneven Layer of Compact or Wet Snow Covering Ground Completely,Meteorological - Atmospheric : Main Icon,Meteorological - Atmospheric;State of the Ground;With Snow or Measurable Ice Cover;Uneven Layer of Compact or Wet Snow Covering Ground Completely;Appendices\METOC\Atmospheric\45190205.svg;Point;State of the Ground : With Snow or Measurable Ice Cover : Uneven Layer of Compact or Wet Snow Covering Ground Completely;45190205,icon is MAIN;image file does not exist;styleItemTags > 255;
{Symbols_Root}\Appendices\METOC\Atmospheric\45190206.emf,32,State of the Ground : With Snow or Measurable Ice Cover : Loose Dry Snow Covering Less Than One-Half of Ground,Meteorological - Atmospheric : Main Icon,Meteorological - Atmospheric;State of the Ground;With Snow or Measurable Ice Cover;Loose Dry Snow Covering Less Than One-Half of Ground;Appendices\METOC\Atmospheric\45190206.svg;Point;State of the Ground : With Snow or Measurable Ice Cover : Loose Dry Snow Covering Less Than One-Half of Ground;45190206,icon is MAIN;image file does not exist;styleItemTags > 255;
{Symbols_Root}\Appendices\METOC\Atmospheric\45190207.emf,32,State of the Ground : With Snow or Measurable Ice Cover : Loose Dry Snow Covering at Least One-Half of Ground-but Ground not Completely Covered,Meteorological - Atmospheric : Main Icon,Meteorological - Atmospheric;State of the Ground;With Snow or Measurable Ice Cover;Loose Dry Snow Covering at Least One-Half of Ground-but Ground not Completely Covered;Appendices\METOC\Atmospheric\45190207.svg;Point;State of the Ground : With Snow or Measurable Ice Cover : Loose Dry Snow Covering at Least One-Half of Ground-but Ground not Completely Covered;45190207,icon is MAIN;image file does not exist;styleItemTags > 255;
{Symbols_Root}\Appendices\METOC\Atmospheric\45190208.emf,32,State of the Ground : With Snow or Measurable Ice Cover : Even Layer of Loose Dry Snow Covering Ground Completely,Meteorological - Atmospheric : Main Icon,Meteorological - Atmospheric;State of the Ground;With Snow or Measurable Ice Cover;Even Layer of Loose Dry Snow Covering Ground Completely;Appendices\METOC\Atmospheric\45190208.svg;Point;State of the Ground : With Snow or Measurable Ice Cover : Even Layer of Loose Dry Snow Covering Ground Completely;45190208,icon is MAIN;image file does not exist;styleItemTags > 255;
{Symbols_Root}\Appendices\METOC\Atmospheric\45190209.emf,32,State of the Ground : With Snow or Measurable Ice Cover : Uneven Layer of Loose Dry Snow Covering Ground Completely,Meteorological - Atmospheric : Main Icon,Meteorological - Atmospheric;State of the Ground;With Snow or Measurable Ice Cover;Uneven Layer of Loose Dry Snow Covering Ground Completely;Appendices\METOC\Atmospheric\45190209.svg;Point;State of the Ground : With Snow or Measurable Ice Cover : Uneven Layer of Loose Dry Snow Covering Ground Completely;45190209,icon is MAIN;image file does not exist;styleItemTags > 255;
{Symbols_Root}\Appendices\METOC\Atmospheric\45190210.emf,32,State of the Ground : With Snow or Measurable Ice Cover : Snow Covering Ground Completely-Deep Drifts,Meteorological - Atmospheric : Main Icon,Meteorological - Atmospheric;State of the Ground;With Snow or Measurable Ice Cover;Snow Covering Ground Completely-Deep Drifts;Appendices\METOC\Atmospheric\45190210.svg;Point;State of the Ground : With Snow or Measurable Ice Cover : Snow Covering Ground Completely-Deep Drifts;45190210,icon is MAIN;image file does not exist;styleItemTags > 255;
{Symbols_Root}\Appendices\METOC\Oceanograhic\46110101.emf,32,Ice Systems : Icebergs : Many Icebergs,Meteorological - Oceanographic : Main Icon,Meteorological - Oceanographic;Ice Systems;Icebergs;Many Icebergs;Appendices\METOC\Oceanograhic\46110101.svg;Point;Ice Systems : Icebergs : Many Icebergs;46110101,icon is MAIN;image file does not exist;
{Symbols_Root}\Appendices\METOC\Oceanograhic\46110102.emf,32,Ice Systems : Icebergs : Belts and Strips,Meteorological - Oceanographic : Main Icon,Meteorological - Oceanographic;Ice Systems;Icebergs;Belts and Strips;Appendices\METOC\Oceanograhic\46110102.svg;Point;Ice Systems : Icebergs : Belts and Strips;46110102,icon is MAIN;image file does not exist;
{Symbols_Root}\Appendices\METOC\Oceanograhic\46110103.emf,32,Ice Systems : Icebergs : General,Meteorological - Oceanographic : Main Icon,Meteorological - Oceanographic;Ice Systems;Icebergs;General;Appendices\METOC\Oceanograhic\46110103.svg;Point;Ice Systems : Icebergs : General;46110103,icon is MAIN;image file does not exist;
{Symbols_Root}\Appendices\METOC\Oceanograhic\46110104.emf,32,Ice Systems : Icebergs : Many Icebergs - General,Meteorological - Oceanographic : Main Icon,Meteorological - Oceanographic;Ice Systems;Icebergs;Many Icebergs - General;Appendices\METOC\Oceanograhic\46110104.svg;Point;Ice Systems : Icebergs : Many Icebergs - General;46110104,icon is MAIN;image file does not exist;
{Symbols_Root}\Appendices\METOC\Oceanograhic\46110105.emf,32,Ice Systems : Icebergs : Bergy Bit,Meteorological - Oceanographic : Main Icon,Meteorological - Oceanographic;Ice Systems;Icebergs;Bergy Bit;Appendices\METOC\Oceanograhic\46110105.svg;Point;Ice Systems : Icebergs : Bergy Bit;46110105,icon is MAIN;image file does not exist;
{Symbols_Root}\Appendices\METOC\Oceanograhic\46110106.emf,32,Ice Systems : Icebergs : Many Bergy Bits,Meteorological - Oceanographic : Main Icon,Meteorological - Oceanographic;Ice Systems;Icebergs;Many Bergy Bits;Appendices\METOC\Oceanograhic\46110106.svg;Point;Ice Systems : Icebergs : Many Bergy Bits;46110106,icon is MAIN;image file does not exist;
{Symbols_Root}\Appendices\METOC\Oceanograhic\46110107.emf,32,Ice Systems : Icebergs : Growler,Meteorological - Oceanographic : Main Icon,Meteorological - Oceanographic;Ice Systems;Icebergs;Growler;Appendices\METOC\Oceanograhic\46110107.svg;Point;Ice Systems : Icebergs : Growler;46110107,icon is MAIN;image file does not exist;
{Symbols_Root}\Appendices\METOC\Oceanograhic\46110108.emf,32,Ice Systems : Icebergs : Many Growlers,Meteorological - Oceanographic : Main Icon,Meteorological - Oceanographic;Ice Systems;Icebergs;Many Growlers;Appendices\METOC\Oceanograhic\46110108.svg;Point;Ice Systems : Icebergs : Many Growlers;46110108,icon is MAIN;image file does not exist;
{Symbols_Root}\Appendices\METOC\Oceanograhic\46110109.emf,32,Ice Systems : Icebergs : Floeberg,Meteorological - Oceanographic : Main Icon,Meteorological - Oceanographic;Ice Systems;Icebergs;Floeberg;Appendices\METOC\Oceanograhic\46110109.svg;Point;Ice Systems : Icebergs : Floeberg;46110109,icon is MAIN;image file does not exist;
{Symbols_Root}\Appendices\METOC\Oceanograhic\46110110.emf,32,Ice Systems : Icebergs : Ice Island,Meteorological - Oceanographic : Main Icon,Meteorological - Oceanographic;Ice Systems;Icebergs;Ice Island;Appendices\METOC\Oceanograhic\46110110.svg;Point;Ice Systems : Icebergs : Ice Island;46110110,icon is MAIN;image file does not exist;
{Symbols_Root}\Appendices\METOC\Oceanograhic\46110201.emf,32,Ice Systems : Ice Concentration : Bergy Water,Meteorological - Oceanographic : Main Icon,Meteorological - Oceanographic;Ice Systems;Ice Concentration;Bergy Water;Appendices\METOC\Oceanograhic\46110201.svg;Point;Ice Systems : Ice Concentration : Bergy Water;46110201,icon is MAIN;image file does not exist;
{Symbols_Root}\Appendices\METOC\Oceanograhic\46110202.emf,32,Ice Systems : Ice Concentration : Water with Radar Targets,Meteorological - Oceanographic : Main Icon,Meteorological - Oceanographic;Ice Systems;Ice Concentration;Water with Radar Targets;Appendices\METOC\Oceanograhic\46110202.svg;Point;Ice Systems : Ice Concentration : Water with Radar Targets;46110202,icon is MAIN;image file does not exist;
{Symbols_Root}\Appendices\METOC\Oceanograhic\46110203.emf,32,Ice Systems : Ice Concentration : Ice Free,Meteorological - Oceanographic : Main Icon,Meteorological - Oceanographic;Ice Systems;Ice Concentration;Ice Free;Appendices\METOC\Oceanograhic\46110203.svg;Point;Ice Systems : Ice Concentration : Ice Free;46110203,icon is MAIN;image file does not exist;
{Symbols_Root}\Appendices\METOC\Oceanograhic\46110301.emf,32,Ice Systems : Dynamic Processes : Convergence,Meteorological - Oceanographic : Main Icon,Meteorological - Oceanographic;Ice Systems;Dynamic Processes;Convergence;Appendices\METOC\Oceanograhic\46110301.svg;Point;Ice Systems : Dynamic Processes : Convergence;46110301,icon is MAIN;image file does not exist;
{Symbols_Root}\Appendices\METOC\Oceanograhic\46110302.emf,32,Ice Systems : Dynamic Processes : Divergence,Meteorological - Oceanographic : Main Icon,Meteorological - Oceanographic;Ice Systems;Dynamic Processes;Divergence;Appendices\METOC\Oceanograhic\46110302.svg;Point;Ice Systems : Dynamic Processes : Divergence;46110302,icon is MAIN;image file does not exist;
{Symbols_Root}\Appendices\METOC\Oceanograhic\46110303.emf,32,Ice Systems : Dynamic Processes : Shearing or Shear Zone,Meteorological - Oceanographic : Main Icon,Meteorological - Oceanographic;Ice Systems;Dynamic Processes;Shearing or Shear Zone;Appendices\METOC\Oceanograhic\46110303.svg;Point;Ice Systems : Dynamic Processes : Shearing or Shear Zone;46110303,icon is MAIN;image file does not exist;
{Symbols_Root}\Appendices\METOC\Oceanograhic\46110304.emf,32,Ice Systems : Dynamic Processes : Ice Drift (Direction),Meteorological - Oceanographic : Main Icon,Meteorological - Oceanographic;Ice Systems;Dynamic Processes;Ice Drift (Direction);Appendices\METOC\Oceanograhic\46110304.svg;Point;Ice Systems : Dynamic Processes : Ice Drift (Direction);46110304,icon is MAIN;image file does not exist;
{Symbols_Root}\Appendices\METOC\Oceanograhic\46110400.emf,32,Ice Systems : Sea Ice,Meteorological - Oceanographic : Main Icon,Meteorological - Oceanographic;Ice Systems;Sea Ice;Appendices\METOC\Oceanograhic\46110400.svg;Point;Ice Systems : Sea Ice;46110400,icon is MAIN;image file does not exist;
{Symbols_Root}\Appendices\METOC\Oceanograhic\46110401.emf,32,Ice Systems : Sea Ice : Ice Thickness (Observed),Meteorological - Oceanographic : Main Icon,Meteorological - Oceanographic;Ice Systems;Sea Ice;Ice Thickness (Observed);Appendices\METOC\Oceanograhic\46110401.svg;Point;Ice Systems : Sea Ice : Ice Thickness (Observed);46110401,icon is MAIN;image file does not exist;
{Symbols_Root}\Appendices\METOC\Oceanograhic\46110402.emf,32,Ice Systems : Sea Ice : Ice Thickness (Estimated),Meteorological - Oceanographic : Main Icon,Meteorological - Oceanographic;Ice Systems;Sea Ice;Ice Thickness (Estimated);Appendices\METOC\Oceanograhic\46110402.svg;Point;Ice Systems : Sea Ice : Ice Thickness (Estimated);46110402,icon is MAIN;image file does not exist;
{Symbols_Root}\Appendices\METOC\Oceanograhic\46110403.emf,32,Ice Systems : Sea Ice : Melt Puddles or Flooded Ice,Meteorological - Oceanographic : Main Icon,Meteorological - Oceanographic;Ice Systems;Sea Ice;Melt Puddles or Flooded Ice;Appendices\METOC\Oceanograhic\46110403.svg;Point;Ice Systems : Sea Ice : Melt Puddles or Flooded Ice;46110403,icon is MAIN;image file does not exist;
{Symbols_Root}\Appendices\METOC\Oceanograhic\46110700.emf,32,Ice Systems : Snow Cover,Meteorological - Oceanographic : Main Icon,Meteorological - Oceanographic;Ice Systems;Snow Cover;Appendices\METOC\Oceanograhic\46110700.svg;Point;Ice Systems : Snow Cover;46110700,icon is MAIN;image file does not exist;
{Symbols_Root}\Appendices\METOC\Oceanograhic\46110701.emf,32,Ice Systems : Snow Cover : Sastrugi (with Orientation),Meteorological - Oceanographic : Main Icon,Meteorological - Oceanographic;Ice Systems;Snow Cover;Sastrugi (with Orientation);Appendices\METOC\Oceanograhic\46110701.svg;Point;Ice Systems : Snow Cover : Sastrugi (with Orientation);46110701,icon is MAIN;image file does not exist;
{Symbols_Root}\Appendices\METOC\Oceanograhic\46110801.emf,32,Ice Systems : Topographical Features : Ridges or Hummocks,Meteorological - Oceanographic : Main Icon,Meteorological - Oceanographic;Ice Systems;Topographical Features;Ridges or Hummocks;Appendices\METOC\Oceanograhic\46110801.svg;Point;Ice Systems : Topographical Features : Ridges or Hummocks;46110801,icon is MAIN;image file does not exist;
{Symbols_Root}\Appendices\METOC\Oceanograhic\46110802.emf,32,Ice Systems : Topographical Features : Rafting,Meteorological - Oceanographic : Main Icon,Meteorological - Oceanographic;Ice Systems;Topographical Features;Rafting;Appendices\METOC\Oceanograhic\46110802.svg;Point;Ice Systems : Topographical Features : Rafting;46110802,icon is MAIN;image file does not exist;
{Symbols_Root}\Appendices\METOC\Oceanograhic\46110803.emf,32,Ice Systems : Topographical Features : Jammed Brash Barrier,Meteorological - Oceanographic : Main Icon,Meteorological - Oceanographic;Ice Systems;Topographical Features;Jammed Brash Barrier;Appendices\METOC\Oceanograhic\46110803.svg;Point;Ice Systems : Topographical Features : Jammed Brash Barrier;46110803,icon is MAIN;image file does not exist;
{Symbols_Root}\Appendices\METOC\Oceanograhic\46120101.emf,32,Hydrography : Depth : Soundings,Meteorological - Oceanographic : Main Icon,Meteorological - Oceanographic;Hydrography;Depth;Soundings;Appendices\METOC\Oceanograhic\46120101.svg;Point;Hydrography : Depth : Soundings;46120101,icon is MAIN;image file does not exist;
{Symbols_Root}\Appendices\METOC\Oceanograhic\46120302.emf,32,Hydrography : Ports and Harbors : Berths (Onshore),Meteorological - Oceanographic : Main Icon,Meteorological - Oceanographic;Hydrography;Ports and Harbors;Berths (Onshore);Appendices\METOC\Oceanograhic\46120302.svg;Point;Hydrography : Ports and Harbors : Berths (Onshore);46120302,icon is MAIN;image file does not exist;
{Symbols_Root}\Appendices\METOC\Oceanograhic\46120303.emf,32,Hydrography : Ports and Harbors : Berths (Anchor),Meteorological - Oceanographic : Main Icon,Meteorological - Oceanographic;Hydrography;Ports and Harbors;Berths (Anchor);Appendices\METOC\Oceanograhic\46120303.svg;Point;Hydrography : Ports and Harbors : Berths (Anchor);46120303,icon is MAIN;image file does not exist;
{Symbols_Root}\Appendices\METOC\Oceanograhic\46120304.emf,32,Hydrography : Ports and Harbors : Anchorage - Point,Meteorological - Oceanographic : Main Icon,Meteorological - Oceanographic;Hydrography;Ports and Harbors;Anchorage - Point;Appendices\METOC\Oceanograhic\46120304.svg;Point;Hydrography : Ports and Harbors : Anchorage - Point;46120304,icon is MAIN;image file does not exist;
{Symbols_Root}\Appendices\METOC\Oceanograhic\46120307.emf,32,Hydrography : Ports and Harbors : Call in Point,Meteorological - Oceanographic : Main Icon,Meteorological - Oceanographic;Hydrography;Ports and Harbors;Call in Point;Appendices\METOC\Oceanograhic\46120307.svg;Point;Hydrography : Ports and Harbors : Call in Point;46120307,icon is MAIN;image file does not exist;
{Symbols_Root}\Appendices\METOC\Oceanograhic\46120309.emf,32,Hydrography : Ports and Harbors : Fishing Harbor - Point,Meteorological - Oceanographic : Main Icon,Meteorological - Oceanographic;Hydrography;Ports and Harbors;Fishing Harbor - Point;Appendices\METOC\Oceanograhic\46120309.svg;Point;Hydrography : Ports and Harbors : Fishing Harbor - Point;46120309,icon is MAIN;image file does not exist;
{Symbols_Root}\Appendices\METOC\Oceanograhic\46120310.emf,32,Hydrography : Ports and Harbors : Fish Weirs - Point,Meteorological - Oceanographic : Main Icon,Meteorological - Oceanographic;Hydrography;Ports and Harbors;Fish Weirs - Point;Appendices\METOC\Oceanograhic\46120310.svg;Point;Hydrography : Ports and Harbors : Fish Weirs - Point;46120310,icon is MAIN;image file does not exist;
{Symbols_Root}\Appendices\METOC\Oceanograhic\46120311.emf,32,Hydrography : Ports and Harbors : Fish Stakes - Point,Meteorological - Oceanographic : Main Icon,Meteorological - Oceanographic;Hydrography;Ports and Harbors;Fish Stakes - Point;Appendices\METOC\Oceanograhic\46120311.svg;Point;Hydrography : Ports and Harbors : Fish Stakes - Point;46120311,icon is MAIN;image file does not exist;
{Symbols_Root}\Appendices\METOC\Oceanograhic\46120315.emf,32,Hydrography : Ports and Harbors : Landing Place,Meteorological - Oceanographic : Main Icon,Meteorological - Oceanographic;Hydrography;Ports and Harbors;Landing Place;Appendices\METOC\Oceanograhic\46120315.svg;Point;Hydrography : Ports and Harbors : Landing Place;46120315,icon is MAIN;image file does not exist;
{Symbols_Root}\Appendices\METOC\Oceanograhic\46120316.emf,32,Hydrography : Ports and Harbors : Offshore Loading Facility - Point,Meteorological - Oceanographic : Main Icon,Meteorological - Oceanographic;Hydrography;Ports and Harbors;Offshore Loading Facility - Point;Appendices\METOC\Oceanograhic\46120316.svg;Point;Hydrography : Ports and Harbors : Offshore Loading Facility - Point;46120316,icon is MAIN;image file does not exist;
{Symbols_Root}\Appendices\METOC\Oceanograhic\46120321.emf,32,Hydrography : Ports and Harbors : Landing Ring,Meteorological - Oceanographic : Main Icon,Meteorological - Oceanographic;Hydrography;Ports and Harbors;Landing Ring;Appendices\METOC\Oceanograhic\46120321.svg;Point;Hydrography : Ports and Harbors : Landing Ring;46120321,icon is MAIN;image file does not exist;
{Symbols_Root}\Appendices\METOC\Oceanograhic\46120322.emf,32,Hydrography : Ports and Harbors : Ferry Crossing,Meteorological - Oceanographic : Main Icon,Meteorological - Oceanographic;Hydrography;Ports and Harbors;Ferry Crossing;Appendices\METOC\Oceanograhic\46120322.svg;Point;Hydrography : Ports and Harbors : Ferry Crossing;46120322,icon is MAIN;image file does not exist;
{Symbols_Root}\Appendices\METOC\Oceanograhic\46120323.emf,32,Hydrography : Ports and Harbors : Cable Ferry Crossing,Meteorological - Oceanographic : Main Icon,Meteorological - Oceanographic;Hydrography;Ports and Harbors;Cable Ferry Crossing;Appendices\METOC\Oceanograhic\46120323.svg;Point;Hydrography : Ports and Harbors : Cable Ferry Crossing;46120323,icon is MAIN;image file does not exist;
{Symbols_Root}\Appendices\METOC\Oceanograhic\46120324.emf,32,Hydrography : Ports and Harbors : Dolphin,Meteorological - Oceanographic : Main Icon,Meteorological - Oceanographic;Hydrography;Ports and Harbors;Dolphin;Appendices\METOC\Oceanograhic\46120324.svg;Point;Hydrography : Ports and Harbors : Dolphin;46120324,icon is MAIN;image file does not exist;
{Symbols_Root}\Appendices\METOC\Oceanograhic\,32,Hydrography : Ports and Harbors : Shoreline Protection,Meteorological - Oceanographic : Main Icon,Meteorological - Oceanographic;Hydrography;Ports and Harbors;Shoreline Protection;Appendices\METOC\Oceanograhic\;Point;Hydrography : Ports and Harbors : Shoreline Protection;46120325,icon is MAIN;image file does not exist;
{Symbols_Root}\Appendices\METOC\Oceanograhic\46120401.emf,32,Hydrography : Aids to Navigation : Beacon,Meteorological - Oceanographic : Main Icon,Meteorological - Oceanographic;Hydrography;Aids to Navigation;Beacon;Appendices\METOC\Oceanograhic\46120401.svg;Point;Hydrography : Aids to Navigation : Beacon;46120401,icon is MAIN;image file does not exist;
{Symbols_Root}\Appendices\METOC\Oceanograhic\46120402.emf,32,Hydrography : Aids to Navigation : Buoy Default,Meteorological - Oceanographic : Main Icon,Meteorological - Oceanographic;Hydrography;Aids to Navigation;Buoy Default;Appendices\METOC\Oceanograhic\46120402.svg;Point;Hydrography : Aids to Navigation : Buoy Default;46120402,icon is MAIN;image file does not exist;
{Symbols_Root}\Appendices\METOC\Oceanograhic\46120403.emf,32,Hydrography : Aids to Navigation : Marker,Meteorological - Oceanographic : Main Icon,Meteorological - Oceanographic;Hydrography;Aids to Navigation;Marker;Appendices\METOC\Oceanograhic\46120403.svg;Point;Hydrography : Aids to Navigation : Marker;46120403,icon is MAIN;image file does not exist;
{Symbols_Root}\Appendices\METOC\Oceanograhic\46120404.emf,32,Hydrography : Aids to Navigation : Perches/Stakes - Point,Meteorological - Oceanographic : Main Icon,Meteorological - Oceanographic;Hydrography;Aids to Navigation;Perches/Stakes - Point;Appendices\METOC\Oceanograhic\46120404.svg;Point;Hydrography : Aids to Navigation : Perches/Stakes - Point;46120404,icon is MAIN;image file does not exist;
{Symbols_Root}\Appendices\METOC\Oceanograhic\46120406.emf,32,Hydrography : Aids to Navigation : Light,Meteorological - Oceanographic : Main Icon,Meteorological - Oceanographic;Hydrography;Aids to Navigation;Light;Appendices\METOC\Oceanograhic\46120406.svg;Point;Hydrography : Aids to Navigation : Light;46120406,icon is MAIN;image file does not exist;
{Symbols_Root}\Appendices\METOC\Oceanograhic\46120408.emf,32,Hydrography : Aids to Navigation : Light Vessel/Light Ship,Meteorological - Oceanographic : Main Icon,Meteorological - Oceanographic;Hydrography;Aids to Navigation;Light Vessel/Light Ship;Appendices\METOC\Oceanograhic\46120408.svg;Point;Hydrography : Aids to Navigation : Light Vessel/Light Ship;46120408,icon is MAIN;image file does not exist;
{Symbols_Root}\Appendices\METOC\Oceanograhic\46120409.emf,32,Hydrography : Aids to Navigation : Lighthouse,Meteorological - Oceanographic : Main Icon,Meteorological - Oceanographic;Hydrography;Aids to Navigation;Lighthouse;Appendices\METOC\Oceanograhic\46120409.svg;Point;Hydrography : Aids to Navigation : Lighthouse;46120409,icon is MAIN;image file does not exist;
{Symbols_Root}\Appendices\METOC\Oceanograhic\46120501.emf,32,Hydrography : Dangers/Hazards : Rock Submerged,Meteorological - Oceanographic : Main Icon,Meteorological - Oceanographic;Hydrography;Dangers/Hazards;Rock Submerged;Appendices\METOC\Oceanograhic\46120501.svg;Point;Hydrography : Dangers/Hazards : Rock Submerged;46120501,icon is MAIN;image file does not exist;
{Symbols_Root}\Appendices\METOC\Oceanograhic\46120502.emf,32,Hydrography : Dangers/Hazards : Rock Awashed,Meteorological - Oceanographic : Main Icon,Meteorological - Oceanographic;Hydrography;Dangers/Hazards;Rock Awashed;Appendices\METOC\Oceanograhic\46120502.svg;Point;Hydrography : Dangers/Hazards : Rock Awashed;46120502,icon is MAIN;image file does not exist;
{Symbols_Root}\Appendices\METOC\Oceanograhic\46120504.emf,32,Hydrography : Dangers/Hazards : Foul Ground - Point,Meteorological - Oceanographic : Main Icon,Meteorological - Oceanographic;Hydrography;Dangers/Hazards;Foul Ground - Point;Appendices\METOC\Oceanograhic\46120504.svg;Point;Hydrography : Dangers/Hazards : Foul Ground - Point;46120504,icon is MAIN;image file does not exist;
{Symbols_Root}\Appendices\METOC\Oceanograhic\46120506.emf,32,Hydrography : Dangers/Hazards : Kelp/Seaweed - Point,Meteorological - Oceanographic : Main Icon,Meteorological - Oceanographic;Hydrography;Dangers/Hazards;Kelp/Seaweed - Point;Appendices\METOC\Oceanograhic\46120506.svg;Point;Hydrography : Dangers/Hazards : Kelp/Seaweed - Point;46120506,icon is MAIN;image file does not exist;
{Symbols_Root}\Appendices\METOC\Oceanograhic\46120508.emf,32,Hydrography : Dangers/Hazards : Snags/Stumps,Meteorological - Oceanographic : Main Icon,Meteorological - Oceanographic;Hydrography;Dangers/Hazards;Snags/Stumps;Appendices\METOC\Oceanograhic\46120508.svg;Point;Hydrography : Dangers/Hazards : Snags/Stumps;46120508,icon is MAIN;image file does not exist;
{Symbols_Root}\Appendices\METOC\Oceanograhic\46120509.emf,32,Hydrography : Dangers/Hazards : Wreck (Uncovers),Meteorological - Oceanographic : Main Icon,Meteorological - Oceanographic;Hydrography;Dangers/Hazards;Wreck (Uncovers);Appendices\METOC\Oceanograhic\46120509.svg;Point;Hydrography : Dangers/Hazards : Wreck (Uncovers);46120509,icon is MAIN;image file does not exist;
{Symbols_Root}\Appendices\METOC\Oceanograhic\46120510.emf,32,Hydrography : Dangers/Hazards : Wreck (Submerged),Meteorological - Oceanographic : Main Icon,Meteorological - Oceanographic;Hydrography;Dangers/Hazards;Wreck (Submerged);Appendices\METOC\Oceanograhic\46120510.svg;Point;Hydrography : Dangers/Hazards : Wreck (Submerged);46120510,icon is MAIN;image file does not exist;
{Symbols_Root}\Appendices\METOC\Oceanograhic\46120513.emf,32,Hydrography : Dangers/Hazards : Eddies/Overfalls/Tide Rips,Meteorological - Oceanographic : Main Icon,Meteorological - Oceanographic;Hydrography;Dangers/Hazards;Eddies/Overfalls/Tide Rips;Appendices\METOC\Oceanograhic\46120513.svg;Point;Hydrography : Dangers/Hazards : Eddies/Overfalls/Tide Rips;46120513,icon is MAIN;image file does not exist;
{Symbols_Root}\Appendices\METOC\Oceanograhic\46120601.emf,32,Hydrography : Bottom Features : Bottom Characteristics - Sand,Meteorological - Oceanographic : Main Icon,Meteorological - Oceanographic;Hydrography;Bottom Features;Bottom Characteristics - Sand;Appendices\METOC\Oceanograhic\46120601.svg;Point;Hydrography : Bottom Features : Bottom Characteristics - Sand;46120601,icon is MAIN;image file does not exist;
{Symbols_Root}\Appendices\METOC\Oceanograhic\46120602.emf,32,Hydrography : Bottom Features : Bottom Characteristics - Mud,Meteorological - Oceanographic : Main Icon,Meteorological - Oceanographic;Hydrography;Bottom Features;Bottom Characteristics - Mud;Appendices\METOC\Oceanograhic\46120602.svg;Point;Hydrography : Bottom Features : Bottom Characteristics - Mud;46120602,icon is MAIN;image file does not exist;
{Symbols_Root}\Appendices\METOC\Oceanograhic\46120603.emf,32,Hydrography : Bottom Features : Bottom Characteristics - Clay,Meteorological - Oceanographic : Main Icon,Meteorological - Oceanographic;Hydrography;Bottom Features;Bottom Characteristics - Clay;Appendices\METOC\Oceanograhic\46120603.svg;Point;Hydrography : Bottom Features : Bottom Characteristics - Clay;46120603,icon is MAIN;image file does not exist;
{Symbols_Root}\Appendices\METOC\Oceanograhic\46120604.emf,32,Hydrography : Bottom Features : Bottom Characteristics - Silt,Meteorological - Oceanographic : Main Icon,Meteorological - Oceanographic;Hydrography;Bottom Features;Bottom Characteristics - Silt;Appendices\METOC\Oceanograhic\46120604.svg;Point;Hydrography : Bottom Features : Bottom Characteristics - Silt;46120604,icon is MAIN;image file does not exist;
{Symbols_Root}\Appendices\METOC\Oceanograhic\46120605.emf,32,Hydrography : Bottom Features : Bottom Characteristics - Stones,Meteorological - Oceanographic : Main Icon,Meteorological - Oceanographic;Hydrography;Bottom Features;Bottom Characteristics - Stones;Appendices\METOC\Oceanograhic\46120605.svg;Point;Hydrography : Bottom Features : Bottom Characteristics - Stones;46120605,icon is MAIN;image file does not exist;
{Symbols_Root}\Appendices\METOC\Oceanograhic\46120606.emf,32,Hydrography : Bottom Features : Bottom Characteristics - Gravel,Meteorological - Oceanographic : Main Icon,Meteorological - Oceanographic;Hydrography;Bottom Features;Bottom Characteristics - Gravel;Appendices\METOC\Oceanograhic\46120606.svg;Point;Hydrography : Bottom Features : Bottom Characteristics - Gravel;46120606,icon is MAIN;image file does not exist;
{Symbols_Root}\Appendices\METOC\Oceanograhic\46120607.emf,32,Hydrography : Bottom Features : Bottom Characteristics - Pebbles,Meteorological - Oceanographic : Main Icon,Meteorological - Oceanographic;Hydrography;Bottom Features;Bottom Characteristics - Pebbles;Appendices\METOC\Oceanograhic\46120607.svg;Point;Hydrography : Bottom Features : Bottom Characteristics - Pebbles;46120607,icon is MAIN;image file does not exist;
{Symbols_Root}\Appendices\METOC\Oceanograhic\46120608.emf,32,Hydrography : Bottom Features : Bottom Characteristics - Cobbles,Meteorological - Oceanographic : Main Icon,Meteorological - Oceanographic;Hydrography;Bottom Features;Bottom Characteristics - Cobbles;Appendices\METOC\Oceanograhic\46120608.svg;Point;Hydrography : Bottom Features : Bottom Characteristics - Cobbles;46120608,icon is MAIN;image file does not exist;
{Symbols_Root}\Appendices\METOC\Oceanograhic\46120609.emf,32,Hydrography : Bottom Features : Bottom Characteristics - Rock,Meteorological - Oceanographic : Main Icon,Meteorological - Oceanographic;Hydrography;Bottom Features;Bottom Characteristics - Rock;Appendices\METOC\Oceanograhic\46120609.svg;Point;Hydrography : Bottom Features : Bottom Characteristics - Rock;46120609,icon is MAIN;image file does not exist;
{Symbols_Root}\Appendices\METOC\Oceanograhic\46120610.emf,32,Hydrography : Bottom Features : Bottom Characteristics - Coral,Meteorological - Oceanographic : Main Icon,Meteorological - Oceanographic;Hydrography;Bottom Features;Bottom Characteristics - Coral;Appendices\METOC\Oceanograhic\46120610.svg;Point;Hydrography : Bottom Features : Bottom Characteristics - Coral;46120610,icon is MAIN;image file does not exist;
{Symbols_Root}\Appendices\METOC\Oceanograhic\46120611.emf,32,Hydrography : Bottom Features : Bottom Characteristics - Shell,Meteorological - Oceanographic : Main Icon,Meteorological - Oceanographic;Hydrography;Bottom Features;Bottom Characteristics - Shell;Appendices\METOC\Oceanograhic\46120611.svg;Point;Hydrography : Bottom Features : Bottom Characteristics - Shell;46120611,icon is MAIN;image file does not exist;
{Symbols_Root}\Appendices\METOC\Oceanograhic\46120612.emf,32,Hydrography : Bottom Features : Qualifying Terms - Fine,Meteorological - Oceanographic : Main Icon,Meteorological - Oceanographic;Hydrography;Bottom Features;Qualifying Terms - Fine;Appendices\METOC\Oceanograhic\46120612.svg;Point;Hydrography : Bottom Features : Qualifying Terms - Fine;46120612,icon is MAIN;image file does not exist;
{Symbols_Root}\Appendices\METOC\Oceanograhic\46120613.emf,32,Hydrography : Bottom Features : Qualifying Terms - Medium,Meteorological - Oceanographic : Main Icon,Meteorological - Oceanographic;Hydrography;Bottom Features;Qualifying Terms - Medium;Appendices\METOC\Oceanograhic\46120613.svg;Point;Hydrography : Bottom Features : Qualifying Terms - Medium;46120613,icon is MAIN;image file does not exist;
{Symbols_Root}\Appendices\METOC\Oceanograhic\46120614.emf,32,Hydrography : Bottom Features : Qualifying Terms - Coarse,Meteorological - Oceanographic : Main Icon,Meteorological - Oceanographic;Hydrography;Bottom Features;Qualifying Terms - Coarse;Appendices\METOC\Oceanograhic\46120614.svg;Point;Hydrography : Bottom Features : Qualifying Terms - Coarse;46120614,icon is MAIN;image file does not exist;
{Symbols_Root}\Appendices\METOC\Oceanograhic\46120701.emf,32,Hydrography : Tide and Current : Water Turbulence,Meteorological - Oceanographic : Main Icon,Meteorological - Oceanographic;Hydrography;Tide and Current;Water Turbulence;Appendices\METOC\Oceanograhic\46120701.svg;Point;Hydrography : Tide and Current : Water Turbulence;46120701,icon is MAIN;image file does not exist;
{Symbols_Root}\Appendices\METOC\Oceanograhic\46120704.emf,32,Hydrography : Tide and Current : Tide Data Point,Meteorological - Oceanographic : Main Icon,Meteorological - Oceanographic;Hydrography;Tide and Current;Tide Data Point;Appendices\METOC\Oceanograhic\46120704.svg;Point;Hydrography : Tide and Current : Tide Data Point;46120704,icon is MAIN;image file does not exist;
{Symbols_Root}\Appendices\METOC\Oceanograhic\46120705.emf,32,Hydrography : Tide and Current : Tide Gauge,Meteorological - Oceanographic : Main Icon,Meteorological - Oceanographic;Hydrography;Tide and Current;Tide Gauge;Appendices\METOC\Oceanograhic\46120705.svg;Point;Hydrography : Tide and Current : Tide Gauge;46120705,icon is MAIN;image file does not exist;
{Symbols_Root}\Appendices\METOC\Oceanograhic\46160400.emf,32,Man-Made Structures : Ford,Meteorological - Oceanographic : Main Icon,Meteorological - Oceanographic;Man-Made Structures;Ford;Appendices\METOC\Oceanograhic\46160400.svg;Point;Man-Made Structures : Ford;46160400,icon is MAIN;image file does not exist;
{Symbols_Root}\Appendices\METOC\Oceanograhic\46160500.emf,32,Man-Made Structures : Lock,Meteorological - Oceanographic : Main Icon,Meteorological - Oceanographic;Man-Made Structures;Lock;Appendices\METOC\Oceanograhic\46160500.svg;Point;Man-Made Structures : Lock;46160500,icon is MAIN;image file does not exist;
{Symbols_Root}\Appendices\METOC\Oceanograhic\46160600.emf,32,Man-Made Structures : Oil/Gas Rig,Meteorological - Oceanographic : Main Icon,Meteorological - Oceanographic;Man-Made Structures;Oil/Gas Rig;Appendices\METOC\Oceanograhic\46160600.svg;Point;Man-Made Structures : Oil/Gas Rig;46160600,icon is MAIN;image file does not exist;
{Symbols_Root}\Appendices\METOC\Oceanograhic\46160900.emf,32,Man-Made Structures : Pile/Piling/Post,Meteorological - Oceanographic : Main Icon,Meteorological - Oceanographic;Man-Made Structures;Pile/Piling/Post;Appendices\METOC\Oceanograhic\46160900.svg;Point;Man-Made Structures : Pile/Piling/Post;46160900,icon is MAIN;image file does not exist;
