filePath,pointSize,styleItemName,styleItemCategory,styleItemTags,notes
{Symbols_Root}\Appendices\METOC\Atmospheric\45162004.emf,32,Weather Symbols : Tropical Storm Systems : Tropical Storm Wind Areas and Date/Time Labels,Meteorological - Atmospheric : Main Icon,Meteorological - Atmospheric;Weather Symbols;Tropical Storm Systems;Tropical Storm Wind Areas and Date/Time Labels;Appendices\METOC\Atmospheric\45162004.svg;Area;Weather Symbols : Tropical Storm Systems : Tropical Storm Wind Areas and Date/Time Labels;45162004,icon is MAIN;image file does not exist;styleItemTags > 255;
{Symbols_Root}\Appendices\METOC\Atmospheric\45170100.emf,32,Bounded Areas : Instrument Flight Rule (IFR),Meteorological - Atmospheric : Main Icon,Meteorological - Atmospheric;Bounded Areas of Weather;Instrument Flight Rule (IFR);Appendices\METOC\Atmospheric\45170100.svg;Area;Bounded Areas : Instrument Flight Rule (IFR);45170100,icon is MAIN;image file does not exist;
{Symbols_Root}\Appendices\METOC\Atmospheric\45170200.emf,32,Bounded Areas : Marginal Visual Flight Rule (MVFR),Meteorological - Atmospheric : Main Icon,Meteorological - Atmospheric;Bounded Areas of Weather;Marginal Visual Flight Rule (MVFR);Appendices\METOC\Atmospheric\45170200.svg;Area;Bounded Areas : Marginal Visual Flight Rule (MVFR);45170200,icon is MAIN;image file does not exist;
{Symbols_Root}\Appendices\METOC\Atmospheric\45170300.emf,32,Bounded Areas : Turbulence,Meteorological - Atmospheric : Main Icon,Meteorological - Atmospheric;Bounded Areas of Weather;Turbulence;Appendices\METOC\Atmospheric\45170300.svg;Area;Bounded Areas : Turbulence;45170300,icon is MAIN;image file does not exist;
{Symbols_Root}\Appendices\METOC\Atmospheric\45170400.emf,32,Bounded Areas : Icing,Meteorological - Atmospheric : Main Icon,Meteorological - Atmospheric;Bounded Areas of Weather;Icing;Appendices\METOC\Atmospheric\45170400.svg;Area;Bounded Areas : Icing;45170400,icon is MAIN;image file does not exist;
{Symbols_Root}\Appendices\METOC\Atmospheric\45170500.emf,32,Bounded Areas : Liquid Precipitation - Non-Convective Continuous or Intermittent,Meteorological - Atmospheric : Main Icon,Meteorological - Atmospheric;Bounded Areas of Weather;Liquid Precipitation - Non-Convective Continuous or Intermittent;Appendices\METOC\Atmospheric\45170500.svg;Area;Bounded Areas : Liquid Precipitation - Non-Convective Continuous or Intermittent;45170500,icon is MAIN;image file does not exist;
{Symbols_Root}\Appendices\METOC\Atmospheric\45170501.emf,32,Bounded Areas : Liquid Precipitation - Non-Convective Continuous or Intermittent : Liquid Precipitation - Convective,Meteorological - Atmospheric : Main Icon,Meteorological - Atmospheric;Bounded Areas of Weather;Liquid Precipitation - Non-Convective Continuous or Intermittent;Liquid Precipitation - Convective;Appendices\METOC\Atmospheric\45170501.svg;Area;Bounded Areas : Liquid Precipitation - Non-Convective Continuous or Intermittent : Liquid Precipitation - Convective;45170501,icon is MAIN;image file does not exist;styleItemTags > 255;
{Symbols_Root}\Appendices\METOC\Atmospheric\45170600.emf,32,Bounded Areas : Freezing /Frozen Precipitation,Meteorological - Atmospheric : Main Icon,Meteorological - Atmospheric;Bounded Areas of Weather;Freezing /Frozen Precipitation;Appendices\METOC\Atmospheric\45170600.svg;Area;Bounded Areas : Freezing /Frozen Precipitation;45170600,icon is MAIN;image file does not exist;
{Symbols_Root}\Appendices\METOC\Atmospheric\45170700.emf,32,Bounded Areas : Thunderstorm,Meteorological - Atmospheric : Main Icon,Meteorological - Atmospheric;Bounded Areas of Weather;Thunderstorm;Appendices\METOC\Atmospheric\45170700.svg;Area;Bounded Areas : Thunderstorm;45170700,icon is MAIN;image file does not exist;
{Symbols_Root}\Appendices\METOC\Atmospheric\45170800.emf,32,Bounded Areas : Fog,Meteorological - Atmospheric : Main Icon,Meteorological - Atmospheric;Bounded Areas of Weather;Fog;Appendices\METOC\Atmospheric\45170800.svg;Area;Bounded Areas : Fog;45170800,icon is MAIN;image file does not exist;
{Symbols_Root}\Appendices\METOC\Atmospheric\45170900.emf,32,Bounded Areas : Dust or Sand,Meteorological - Atmospheric : Main Icon,Meteorological - Atmospheric;Bounded Areas of Weather;Dust or Sand;Appendices\METOC\Atmospheric\45170900.svg;Area;Bounded Areas : Dust or Sand;45170900,icon is MAIN;image file does not exist;
{Symbols_Root}\Appendices\METOC\Atmospheric\45171000.emf,32,Bounded Areas : Operator-Defined Freeform,Meteorological - Atmospheric : Main Icon,Meteorological - Atmospheric;Bounded Areas of Weather;Operator-Defined Freeform;Appendices\METOC\Atmospheric\45171000.svg;Area;Bounded Areas : Operator-Defined Freeform;45171000,icon is MAIN;image file does not exist;
{Symbols_Root}\Appendices\METOC\Oceanograhic\46120104.emf,32,Hydrography : Depth : Depth Area,Meteorological - Oceanographic : Main Icon,Meteorological - Oceanographic;Hydrography;Depth;Depth Area;Appendices\METOC\Oceanograhic\46120104.svg;Area;Hydrography : Depth : Depth Area;46120104,icon is MAIN;image file does not exist;
{Symbols_Root}\Appendices\METOC\Oceanograhic\46120202.emf,32,Hydrography : Coastal Hydrography : Island,Meteorological - Oceanographic : Main Icon,Meteorological - Oceanographic;Hydrography;Coastal Hydrography;Island;Appendices\METOC\Oceanograhic\46120202.svg;Area;Hydrography : Coastal Hydrography : Island;46120202,icon is MAIN;image file does not exist;
{Symbols_Root}\Appendices\METOC\Oceanograhic\46120203.emf,32,Hydrography : Coastal Hydrography : Beach,Meteorological - Oceanographic : Main Icon,Meteorological - Oceanographic;Hydrography;Coastal Hydrography;Beach;Appendices\METOC\Oceanograhic\46120203.svg;Area;Hydrography : Coastal Hydrography : Beach;46120203,icon is MAIN;image file does not exist;
{Symbols_Root}\Appendices\METOC\Oceanograhic\46120204.emf,32,Hydrography : Coastal Hydrography : Water,Meteorological - Oceanographic : Main Icon,Meteorological - Oceanographic;Hydrography;Coastal Hydrography;Water;Appendices\METOC\Oceanograhic\46120204.svg;Area;Hydrography : Coastal Hydrography : Water;46120204,icon is MAIN;image file does not exist;
{Symbols_Root}\Appendices\METOC\Oceanograhic\46120206.emf,32,Hydrography : Coastal Hydrography : Foreshore - Area,Meteorological - Oceanographic : Main Icon,Meteorological - Oceanographic;Hydrography;Coastal Hydrography;Foreshore - Area;Appendices\METOC\Oceanograhic\46120206.svg;Area;Hydrography : Coastal Hydrography : Foreshore - Area;46120206,icon is MAIN;image file does not exist;
{Symbols_Root}\Appendices\METOC\Oceanograhic\46120306.emf,32,Hydrography : Ports and Harbors : Anchorage - Area,Meteorological - Oceanographic : Main Icon,Meteorological - Oceanographic;Hydrography;Ports and Harbors;Anchorage - Area;Appendices\METOC\Oceanograhic\46120306.svg;Area;Hydrography : Ports and Harbors : Anchorage - Area;46120306,icon is MAIN;image file does not exist;
{Symbols_Root}\Appendices\METOC\Oceanograhic\46120312.emf,32,Hydrography : Ports and Harbors : Fish Traps - Area,Meteorological - Oceanographic : Main Icon,Meteorological - Oceanographic;Hydrography;Ports and Harbors;Fish Traps - Area;Appendices\METOC\Oceanograhic\46120312.svg;Area;Hydrography : Ports and Harbors : Fish Traps - Area;46120312,icon is MAIN;image file does not exist;
{Symbols_Root}\Appendices\METOC\Oceanograhic\46120314.emf,32,Hydrography : Ports and Harbors : Drydock,Meteorological - Oceanographic : Main Icon,Meteorological - Oceanographic;Hydrography;Ports and Harbors;Drydock;Appendices\METOC\Oceanograhic\46120314.svg;Area;Hydrography : Ports and Harbors : Drydock;46120314,icon is MAIN;image file does not exist;
{Symbols_Root}\Appendices\METOC\Oceanograhic\46120318.emf,32,Hydrography : Ports and Harbors : Offshore Loading Facility - Area,Meteorological - Oceanographic : Main Icon,Meteorological - Oceanographic;Hydrography;Ports and Harbors;Offshore Loading Facility - Area;Appendices\METOC\Oceanograhic\46120318.svg;Area;Hydrography : Ports and Harbors : Offshore Loading Facility - Area;46120318,icon is MAIN;image file does not exist;
{Symbols_Root}\Appendices\METOC\Oceanograhic\46120405.emf,32,Hydrography : Aids to Navigation : Perches/Stakes - Area,Meteorological - Oceanographic : Main Icon,Meteorological - Oceanographic;Hydrography;Aids to Navigation;Perches/Stakes - Area;Appendices\METOC\Oceanograhic\46120405.svg;Area;Hydrography : Aids to Navigation : Perches/Stakes - Area;46120405,icon is MAIN;image file does not exist;
{Symbols_Root}\Appendices\METOC\Oceanograhic\46120503.emf,32,Hydrography : Dangers/Hazards : Underwater Danger/Hazard,Meteorological - Oceanographic : Main Icon,Meteorological - Oceanographic;Hydrography;Dangers/Hazards;Underwater Danger/Hazard;Appendices\METOC\Oceanograhic\46120503.svg;Area;Hydrography : Dangers/Hazards : Underwater Danger/Hazard;46120503,icon is MAIN;image file does not exist;
{Symbols_Root}\Appendices\METOC\Oceanograhic\46120505.emf,32,Hydrography : Dangers/Hazards : Foul Ground - Area,Meteorological - Oceanographic : Main Icon,Meteorological - Oceanographic;Hydrography;Dangers/Hazards;Foul Ground - Area;Appendices\METOC\Oceanograhic\46120505.svg;Area;Hydrography : Dangers/Hazards : Foul Ground - Area;46120505,icon is MAIN;image file does not exist;
{Symbols_Root}\Appendices\METOC\Oceanograhic\46120507.emf,32,Hydrography : Dangers/Hazards : Kelp/Seaweed - Area,Meteorological - Oceanographic : Main Icon,Meteorological - Oceanographic;Hydrography;Dangers/Hazards;Kelp/Seaweed - Area;Appendices\METOC\Oceanograhic\46120507.svg;Area;Hydrography : Dangers/Hazards : Kelp/Seaweed - Area;46120507,icon is MAIN;image file does not exist;
{Symbols_Root}\Appendices\METOC\Oceanograhic\46120514.emf,32,Hydrography : Dangers/Hazards : Discolored Water,Meteorological - Oceanographic : Main Icon,Meteorological - Oceanographic;Hydrography;Dangers/Hazards;Discolored Water;Appendices\METOC\Oceanograhic\46120514.svg;Area;Hydrography : Dangers/Hazards : Discolored Water;46120514,icon is MAIN;image file does not exist;
{Symbols_Root}\Appendices\METOC\Oceanograhic\46130101.emf,32,Oceanography : Bioluminescence : Visual Detection Ratio (VDR) Level 1-2,Meteorological - Oceanographic : Main Icon,Meteorological - Oceanographic;Oceanography;Bioluminescence;Visual Detection Ratio (VDR) Level 1-2;Appendices\METOC\Oceanograhic\46130101.svg;Area;Oceanography : Bioluminescence : Visual Detection Ratio (VDR) Level 1-2;46130101,icon is MAIN;image file does not exist;
{Symbols_Root}\Appendices\METOC\Oceanograhic\46130102.emf,32,Oceanography : Bioluminescence : VDR Level 2-3,Meteorological - Oceanographic : Main Icon,Meteorological - Oceanographic;Oceanography;Bioluminescence;VDR Level 2-3;Appendices\METOC\Oceanograhic\46130102.svg;Area;Oceanography : Bioluminescence : VDR Level 2-3;46130102,icon is MAIN;image file does not exist;
{Symbols_Root}\Appendices\METOC\Oceanograhic\46130103.emf,32,Oceanography : Bioluminescence : VDR Level 3-4,Meteorological - Oceanographic : Main Icon,Meteorological - Oceanographic;Oceanography;Bioluminescence;VDR Level 3-4;Appendices\METOC\Oceanograhic\46130103.svg;Area;Oceanography : Bioluminescence : VDR Level 3-4;46130103,icon is MAIN;image file does not exist;
{Symbols_Root}\Appendices\METOC\Oceanograhic\46130104.emf,32,Oceanography : Bioluminescence : VDR Level 4-5,Meteorological - Oceanographic : Main Icon,Meteorological - Oceanographic;Oceanography;Bioluminescence;VDR Level 4-5;Appendices\METOC\Oceanograhic\46130104.svg;Area;Oceanography : Bioluminescence : VDR Level 4-5;46130104,icon is MAIN;image file does not exist;
{Symbols_Root}\Appendices\METOC\Oceanograhic\46130105.emf,32,Oceanography : Bioluminescence : VDR Level 5-6,Meteorological - Oceanographic : Main Icon,Meteorological - Oceanographic;Oceanography;Bioluminescence;VDR Level 5-6;Appendices\METOC\Oceanograhic\46130105.svg;Area;Oceanography : Bioluminescence : VDR Level 5-6;46130105,icon is MAIN;image file does not exist;
{Symbols_Root}\Appendices\METOC\Oceanograhic\46130106.emf,32,Oceanography : Bioluminescence : VDR Level 6-7,Meteorological - Oceanographic : Main Icon,Meteorological - Oceanographic;Oceanography;Bioluminescence;VDR Level 6-7;Appendices\METOC\Oceanograhic\46130106.svg;Area;Oceanography : Bioluminescence : VDR Level 6-7;46130106,icon is MAIN;image file does not exist;
{Symbols_Root}\Appendices\METOC\Oceanograhic\46130107.emf,32,Oceanography : Bioluminescence : VDR Level 7-8,Meteorological - Oceanographic : Main Icon,Meteorological - Oceanographic;Oceanography;Bioluminescence;VDR Level 7-8;Appendices\METOC\Oceanograhic\46130107.svg;Area;Oceanography : Bioluminescence : VDR Level 7-8;46130107,icon is MAIN;image file does not exist;
{Symbols_Root}\Appendices\METOC\Oceanograhic\46130108.emf,32,Oceanography : Bioluminescence : VDR Level 8-9,Meteorological - Oceanographic : Main Icon,Meteorological - Oceanographic;Oceanography;Bioluminescence;VDR Level 8-9;Appendices\METOC\Oceanograhic\46130108.svg;Area;Oceanography : Bioluminescence : VDR Level 8-9;46130108,icon is MAIN;image file does not exist;
{Symbols_Root}\Appendices\METOC\Oceanograhic\46130109.emf,32,Oceanography : Bioluminescence : VDR Level 9-10,Meteorological - Oceanographic : Main Icon,Meteorological - Oceanographic;Oceanography;Bioluminescence;VDR Level 9-10;Appendices\METOC\Oceanograhic\46130109.svg;Area;Oceanography : Bioluminescence : VDR Level 9-10;46130109,icon is MAIN;image file does not exist;
{Symbols_Root}\Appendices\METOC\Oceanograhic\46130201.emf,32,Oceanography : Beach Slope : Flat,Meteorological - Oceanographic : Main Icon,Meteorological - Oceanographic;Oceanography;Beach Slope;Flat;Appendices\METOC\Oceanograhic\46130201.svg;Area;Oceanography : Beach Slope : Flat;46130201,icon is MAIN;image file does not exist;
{Symbols_Root}\Appendices\METOC\Oceanograhic\46130202.emf,32,Oceanography : Beach Slope : Gentle,Meteorological - Oceanographic : Main Icon,Meteorological - Oceanographic;Oceanography;Beach Slope;Gentle;Appendices\METOC\Oceanograhic\46130202.svg;Area;Oceanography : Beach Slope : Gentle;46130202,icon is MAIN;image file does not exist;
{Symbols_Root}\Appendices\METOC\Oceanograhic\46130203.emf,32,Oceanography : Beach Slope : Moderate,Meteorological - Oceanographic : Main Icon,Meteorological - Oceanographic;Oceanography;Beach Slope;Moderate;Appendices\METOC\Oceanograhic\46130203.svg;Area;Oceanography : Beach Slope : Moderate;46130203,icon is MAIN;image file does not exist;
{Symbols_Root}\Appendices\METOC\Oceanograhic\46130204.emf,32,Oceanography : Beach Slope : Steep,Meteorological - Oceanographic : Main Icon,Meteorological - Oceanographic;Oceanography;Beach Slope;Steep;Appendices\METOC\Oceanograhic\46130204.svg;Area;Oceanography : Beach Slope : Steep;46130204,icon is MAIN;image file does not exist;
{Symbols_Root}\Appendices\METOC\Oceanograhic\46140101.emf,32,Geophysics/Acoustics : MIW : MIW Bottom Sediments - Solid Rock,Meteorological - Oceanographic : Main Icon,Meteorological - Oceanographic;Geophysics/Acoustics;Mine Warfare (MIW) Bottom Descriptors;MIW Bottom Sediments - Solid Rock;Appendices\METOC\Oceanograhic\46140101.svg;Area;Geophysics/Acoustics : MIW : MIW Bottom Sediments - Solid Rock;46140101,icon is MAIN;image file does not exist;
{Symbols_Root}\Appendices\METOC\Oceanograhic\46140102.emf,32,Geophysics/Acoustics : MIW : MIW Bottom Sediments - Clay,Meteorological - Oceanographic : Main Icon,Meteorological - Oceanographic;Geophysics/Acoustics;Mine Warfare (MIW) Bottom Descriptors;MIW Bottom Sediments - Clay;Appendices\METOC\Oceanograhic\46140102.svg;Area;Geophysics/Acoustics : MIW : MIW Bottom Sediments - Clay;46140102,icon is MAIN;image file does not exist;
{Symbols_Root}\Appendices\METOC\Oceanograhic\46140103.emf,32,Geophysics/Acoustics : MIW : MIW Bottom Sediments - Very Coarse Sand,Meteorological - Oceanographic : Main Icon,Meteorological - Oceanographic;Geophysics/Acoustics;Mine Warfare (MIW) Bottom Descriptors;MIW Bottom Sediments - Very Coarse Sand;Appendices\METOC\Oceanograhic\46140103.svg;Area;Geophysics/Acoustics : MIW : MIW Bottom Sediments - Very Coarse Sand;46140103,icon is MAIN;image file does not exist;
{Symbols_Root}\Appendices\METOC\Oceanograhic\46140104.emf,32,Geophysics/Acoustics : MIW : MIW Bottom Sediments - Coarse Sand,Meteorological - Oceanographic : Main Icon,Meteorological - Oceanographic;Geophysics/Acoustics;Mine Warfare (MIW) Bottom Descriptors;MIW Bottom Sediments - Coarse Sand;Appendices\METOC\Oceanograhic\46140104.svg;Area;Geophysics/Acoustics : MIW : MIW Bottom Sediments - Coarse Sand;46140104,icon is MAIN;image file does not exist;
{Symbols_Root}\Appendices\METOC\Oceanograhic\46140105.emf,32,Geophysics/Acoustics : MIW : MIW Bottom Sediments - Medium Sand,Meteorological - Oceanographic : Main Icon,Meteorological - Oceanographic;Geophysics/Acoustics;Mine Warfare (MIW) Bottom Descriptors;MIW Bottom Sediments - Medium Sand;Appendices\METOC\Oceanograhic\46140105.svg;Area;Geophysics/Acoustics : MIW : MIW Bottom Sediments - Medium Sand;46140105,icon is MAIN;image file does not exist;
{Symbols_Root}\Appendices\METOC\Oceanograhic\46140106.emf,32,Geophysics/Acoustics : MIW : MIW Bottom Sediments - Fine Sand,Meteorological - Oceanographic : Main Icon,Meteorological - Oceanographic;Geophysics/Acoustics;Mine Warfare (MIW) Bottom Descriptors;MIW Bottom Sediments - Fine Sand;Appendices\METOC\Oceanograhic\46140106.svg;Area;Geophysics/Acoustics : MIW : MIW Bottom Sediments - Fine Sand;46140106,icon is MAIN;image file does not exist;
{Symbols_Root}\Appendices\METOC\Oceanograhic\46140107.emf,32,Geophysics/Acoustics : MIW : MIW Bottom Sediments - Very Fine Sand,Meteorological - Oceanographic : Main Icon,Meteorological - Oceanographic;Geophysics/Acoustics;Mine Warfare (MIW) Bottom Descriptors;MIW Bottom Sediments - Very Fine Sand;Appendices\METOC\Oceanograhic\46140107.svg;Area;Geophysics/Acoustics : MIW : MIW Bottom Sediments - Very Fine Sand;46140107,icon is MAIN;image file does not exist;
{Symbols_Root}\Appendices\METOC\Oceanograhic\46140108.emf,32,Geophysics/Acoustics : MIW : MIW Bottom Sediments - Very Fine Silt,Meteorological - Oceanographic : Main Icon,Meteorological - Oceanographic;Geophysics/Acoustics;Mine Warfare (MIW) Bottom Descriptors;MIW Bottom Sediments - Very Fine Silt;Appendices\METOC\Oceanograhic\46140108.svg;Area;Geophysics/Acoustics : MIW : MIW Bottom Sediments - Very Fine Silt;46140108,icon is MAIN;image file does not exist;
{Symbols_Root}\Appendices\METOC\Oceanograhic\46140109.emf,32,Geophysics/Acoustics : MIW : MIW Bottom Sediments - Fine Silt,Meteorological - Oceanographic : Main Icon,Meteorological - Oceanographic;Geophysics/Acoustics;Mine Warfare (MIW) Bottom Descriptors;MIW Bottom Sediments - Fine Silt;Appendices\METOC\Oceanograhic\46140109.svg;Area;Geophysics/Acoustics : MIW : MIW Bottom Sediments - Fine Silt;46140109,icon is MAIN;image file does not exist;
{Symbols_Root}\Appendices\METOC\Oceanograhic\46140110.emf,32,Geophysics/Acoustics : MIW : MIW Bottom Sediments - Medium Silt,Meteorological - Oceanographic : Main Icon,Meteorological - Oceanographic;Geophysics/Acoustics;Mine Warfare (MIW) Bottom Descriptors;MIW Bottom Sediments - Medium Silt;Appendices\METOC\Oceanograhic\46140110.svg;Area;Geophysics/Acoustics : MIW : MIW Bottom Sediments - Medium Silt;46140110,icon is MAIN;image file does not exist;
{Symbols_Root}\Appendices\METOC\Oceanograhic\46140111.emf,32,Geophysics/Acoustics : MIW : MIW Bottom Sediments - Coarse Silt,Meteorological - Oceanographic : Main Icon,Meteorological - Oceanographic;Geophysics/Acoustics;Mine Warfare (MIW) Bottom Descriptors;MIW Bottom Sediments - Coarse Silt;Appendices\METOC\Oceanograhic\46140111.svg;Area;Geophysics/Acoustics : MIW : MIW Bottom Sediments - Coarse Silt;46140111,icon is MAIN;image file does not exist;
{Symbols_Root}\Appendices\METOC\Oceanograhic\46140112.emf,32,Geophysics/Acoustics : MIW : MIW Bottom Sediments - Boulders,Meteorological - Oceanographic : Main Icon,Meteorological - Oceanographic;Geophysics/Acoustics;Mine Warfare (MIW) Bottom Descriptors;MIW Bottom Sediments - Boulders;Appendices\METOC\Oceanograhic\46140112.svg;Area;Geophysics/Acoustics : MIW : MIW Bottom Sediments - Boulders;46140112,icon is MAIN;image file does not exist;
{Symbols_Root}\Appendices\METOC\Oceanograhic\46140113.emf,32,Geophysics/Acoustics : MIW : MIW Bottom Sediments - Cobbles-Oyster Shells,Meteorological - Oceanographic : Main Icon,Meteorological - Oceanographic;Geophysics/Acoustics;Mine Warfare (MIW) Bottom Descriptors;MIW Bottom Sediments - Cobbles-Oyster Shells;Appendices\METOC\Oceanograhic\46140113.svg;Area;Geophysics/Acoustics : MIW : MIW Bottom Sediments - Cobbles-Oyster Shells;46140113,icon is MAIN;image file does not exist;styleItemTags > 255;
{Symbols_Root}\Appendices\METOC\Oceanograhic\46140114.emf,32,Geophysics/Acoustics : MIW : MIW Bottom Sediments - Pebbles-Shells,Meteorological - Oceanographic : Main Icon,Meteorological - Oceanographic;Geophysics/Acoustics;Mine Warfare (MIW) Bottom Descriptors;MIW Bottom Sediments - Pebbles-Shells;Appendices\METOC\Oceanograhic\46140114.svg;Area;Geophysics/Acoustics : MIW : MIW Bottom Sediments - Pebbles-Shells;46140114,icon is MAIN;image file does not exist;
{Symbols_Root}\Appendices\METOC\Oceanograhic\46140115.emf,32,Geophysics/Acoustics : MIW : MIW Bottom Sediments - Sand and Shells,Meteorological - Oceanographic : Main Icon,Meteorological - Oceanographic;Geophysics/Acoustics;Mine Warfare (MIW) Bottom Descriptors;MIW Bottom Sediments - Sand and Shells;Appendices\METOC\Oceanograhic\46140115.svg;Area;Geophysics/Acoustics : MIW : MIW Bottom Sediments - Sand and Shells;46140115,icon is MAIN;image file does not exist;
{Symbols_Root}\Appendices\METOC\Oceanograhic\46140116.emf,32,Geophysics/Acoustics : MIW : MIW Bottom Sediment - Land,Meteorological - Oceanographic : Main Icon,Meteorological - Oceanographic;Geophysics/Acoustics;Mine Warfare (MIW) Bottom Descriptors;MIW Bottom Sediment - Land;Appendices\METOC\Oceanograhic\46140116.svg;Area;Geophysics/Acoustics : MIW : MIW Bottom Sediment - Land;46140116,icon is MAIN;image file does not exist;
{Symbols_Root}\Appendices\METOC\Oceanograhic\46140117.emf,32,Geophysics/Acoustics : MIW : MIW Bottom Sediment - No Data,Meteorological - Oceanographic : Main Icon,Meteorological - Oceanographic;Geophysics/Acoustics;Mine Warfare (MIW) Bottom Descriptors;MIW Bottom Sediment - No Data;Appendices\METOC\Oceanograhic\46140117.svg;Area;Geophysics/Acoustics : MIW : MIW Bottom Sediment - No Data;46140117,icon is MAIN;image file does not exist;
{Symbols_Root}\Appendices\METOC\Oceanograhic\46140118.emf,32,Geophysics/Acoustics : MIW : Bottom Roughness - Smooth,Meteorological - Oceanographic : Main Icon,Meteorological - Oceanographic;Geophysics/Acoustics;Mine Warfare (MIW) Bottom Descriptors;Bottom Roughness - Smooth;Appendices\METOC\Oceanograhic\46140118.svg;Area;Geophysics/Acoustics : MIW : Bottom Roughness - Smooth;46140118,icon is MAIN;image file does not exist;
{Symbols_Root}\Appendices\METOC\Oceanograhic\46140119.emf,32,Geophysics/Acoustics : MIW : Bottom Roughness - Moderate,Meteorological - Oceanographic : Main Icon,Meteorological - Oceanographic;Geophysics/Acoustics;Mine Warfare (MIW) Bottom Descriptors;Bottom Roughness - Moderate;Appendices\METOC\Oceanograhic\46140119.svg;Area;Geophysics/Acoustics : MIW : Bottom Roughness - Moderate;46140119,icon is MAIN;image file does not exist;
{Symbols_Root}\Appendices\METOC\Oceanograhic\46140120.emf,32,Geophysics/Acoustics : MIW : Bottom Roughness - Rough,Meteorological - Oceanographic : Main Icon,Meteorological - Oceanographic;Geophysics/Acoustics;Mine Warfare (MIW) Bottom Descriptors;Bottom Roughness - Rough;Appendices\METOC\Oceanograhic\46140120.svg;Area;Geophysics/Acoustics : MIW : Bottom Roughness - Rough;46140120,icon is MAIN;image file does not exist;
{Symbols_Root}\Appendices\METOC\Oceanograhic\46140121.emf,32,Geophysics/Acoustics : MIW : Clutter (Bottom) - Low,Meteorological - Oceanographic : Main Icon,Meteorological - Oceanographic;Geophysics/Acoustics;Mine Warfare (MIW) Bottom Descriptors;Clutter (Bottom) - Low;Appendices\METOC\Oceanograhic\46140121.svg;Area;Geophysics/Acoustics : MIW : Clutter (Bottom) - Low;46140121,icon is MAIN;image file does not exist;
{Symbols_Root}\Appendices\METOC\Oceanograhic\46140122.emf,32,Geophysics/Acoustics : MIW : Clutter (Bottom) - Medium,Meteorological - Oceanographic : Main Icon,Meteorological - Oceanographic;Geophysics/Acoustics;Mine Warfare (MIW) Bottom Descriptors;Clutter (Bottom) - Medium;Appendices\METOC\Oceanograhic\46140122.svg;Area;Geophysics/Acoustics : MIW : Clutter (Bottom) - Medium;46140122,icon is MAIN;image file does not exist;
{Symbols_Root}\Appendices\METOC\Oceanograhic\46140123.emf,32,Geophysics/Acoustics : MIW : Clutter (Bottom) - High,Meteorological - Oceanographic : Main Icon,Meteorological - Oceanographic;Geophysics/Acoustics;Mine Warfare (MIW) Bottom Descriptors;Clutter (Bottom) - High;Appendices\METOC\Oceanograhic\46140123.svg;Area;Geophysics/Acoustics : MIW : Clutter (Bottom) - High;46140123,icon is MAIN;image file does not exist;
{Symbols_Root}\Appendices\METOC\Oceanograhic\46140124.emf,32,Geophysics/Acoustics : MIW : Impact Burial - 0%,Meteorological - Oceanographic : Main Icon,Meteorological - Oceanographic;Geophysics/Acoustics;Mine Warfare (MIW) Bottom Descriptors;Impact Burial - 0%;Appendices\METOC\Oceanograhic\46140124.svg;Area;Geophysics/Acoustics : MIW : Impact Burial - 0%;46140124,icon is MAIN;image file does not exist;
{Symbols_Root}\Appendices\METOC\Oceanograhic\46140125.emf,32,Geophysics/Acoustics : MIW : Impact Burial - 0-10%,Meteorological - Oceanographic : Main Icon,Meteorological - Oceanographic;Geophysics/Acoustics;Mine Warfare (MIW) Bottom Descriptors;Impact Burial - 0-10%;Appendices\METOC\Oceanograhic\46140125.svg;Area;Geophysics/Acoustics : MIW : Impact Burial - 0-10%;46140125,icon is MAIN;image file does not exist;
{Symbols_Root}\Appendices\METOC\Oceanograhic\46140126.emf,32,Geophysics/Acoustics : MIW : Impact Burial - 10-20%,Meteorological - Oceanographic : Main Icon,Meteorological - Oceanographic;Geophysics/Acoustics;Mine Warfare (MIW) Bottom Descriptors;Impact Burial - 10-20%;Appendices\METOC\Oceanograhic\46140126.svg;Area;Geophysics/Acoustics : MIW : Impact Burial - 10-20%;46140126,icon is MAIN;image file does not exist;
{Symbols_Root}\Appendices\METOC\Oceanograhic\46140127.emf,32,Geophysics/Acoustics : MIW : Impact Burial - 20-75%,Meteorological - Oceanographic : Main Icon,Meteorological - Oceanographic;Geophysics/Acoustics;Mine Warfare (MIW) Bottom Descriptors;Impact Burial - 20-75%;Appendices\METOC\Oceanograhic\46140127.svg;Area;Geophysics/Acoustics : MIW : Impact Burial - 20-75%;46140127,icon is MAIN;image file does not exist;
{Symbols_Root}\Appendices\METOC\Oceanograhic\46140128.emf,32,Geophysics/Acoustics : MIW : Impact Burial - >75%,Meteorological - Oceanographic : Main Icon,Meteorological - Oceanographic;Geophysics/Acoustics;Mine Warfare (MIW) Bottom Descriptors;Impact Burial - >75%;Appendices\METOC\Oceanograhic\46140128.svg;Area;Geophysics/Acoustics : MIW : Impact Burial - >75%;46140128,icon is MAIN;image file does not exist;
{Symbols_Root}\Appendices\METOC\Oceanograhic\46140129.emf,32,Geophysics/Acoustics : MIW : MIW Bottom Category A,Meteorological - Oceanographic : Main Icon,Meteorological - Oceanographic;Geophysics/Acoustics;Mine Warfare (MIW) Bottom Descriptors;MIW Bottom Category A;Appendices\METOC\Oceanograhic\46140129.svg;Area;Geophysics/Acoustics : MIW : MIW Bottom Category A;46140129,icon is MAIN;image file does not exist;
{Symbols_Root}\Appendices\METOC\Oceanograhic\46140130.emf,32,Geophysics/Acoustics : MIW : MIW Bottom Category B,Meteorological - Oceanographic : Main Icon,Meteorological - Oceanographic;Geophysics/Acoustics;Mine Warfare (MIW) Bottom Descriptors;MIW Bottom Category B;Appendices\METOC\Oceanograhic\46140130.svg;Area;Geophysics/Acoustics : MIW : MIW Bottom Category B;46140130,icon is MAIN;image file does not exist;
{Symbols_Root}\Appendices\METOC\Oceanograhic\46140131.emf,32,Geophysics/Acoustics : MIW : MIW Bottom Category C,Meteorological - Oceanographic : Main Icon,Meteorological - Oceanographic;Geophysics/Acoustics;Mine Warfare (MIW) Bottom Descriptors;MIW Bottom Category C;Appendices\METOC\Oceanograhic\46140131.svg;Area;Geophysics/Acoustics : MIW : MIW Bottom Category C;46140131,icon is MAIN;image file does not exist;
{Symbols_Root}\Appendices\METOC\Oceanograhic\46140132.emf,32,Geophysics/Acoustics : MIW : MIW Bottom Type A1,Meteorological - Oceanographic : Main Icon,Meteorological - Oceanographic;Geophysics/Acoustics;Mine Warfare (MIW) Bottom Descriptors;MIW Bottom Type A1;Appendices\METOC\Oceanograhic\46140132.svg;Area;Geophysics/Acoustics : MIW : MIW Bottom Type A1;46140132,icon is MAIN;image file does not exist;
{Symbols_Root}\Appendices\METOC\Oceanograhic\46140133.emf,32,Geophysics/Acoustics : MIW : MIW Bottom Type A2,Meteorological - Oceanographic : Main Icon,Meteorological - Oceanographic;Geophysics/Acoustics;Mine Warfare (MIW) Bottom Descriptors;MIW Bottom Type A2;Appendices\METOC\Oceanograhic\46140133.svg;Area;Geophysics/Acoustics : MIW : MIW Bottom Type A2;46140133,icon is MAIN;image file does not exist;
{Symbols_Root}\Appendices\METOC\Oceanograhic\46140134.emf,32,Geophysics/Acoustics : MIW : MIW Bottom Type A3,Meteorological - Oceanographic : Main Icon,Meteorological - Oceanographic;Geophysics/Acoustics;Mine Warfare (MIW) Bottom Descriptors;MIW Bottom Type A3;Appendices\METOC\Oceanograhic\46140134.svg;Area;Geophysics/Acoustics : MIW : MIW Bottom Type A3;46140134,icon is MAIN;image file does not exist;
{Symbols_Root}\Appendices\METOC\Oceanograhic\46140135.emf,32,Geophysics/Acoustics : MIW : MIW Bottom Type B1,Meteorological - Oceanographic : Main Icon,Meteorological - Oceanographic;Geophysics/Acoustics;Mine Warfare (MIW) Bottom Descriptors;MIW Bottom Type B1;Appendices\METOC\Oceanograhic\46140135.svg;Area;Geophysics/Acoustics : MIW : MIW Bottom Type B1;46140135,icon is MAIN;image file does not exist;
{Symbols_Root}\Appendices\METOC\Oceanograhic\46140136.emf,32,Geophysics/Acoustics : MIW : MIW Bottom Type B2,Meteorological - Oceanographic : Main Icon,Meteorological - Oceanographic;Geophysics/Acoustics;Mine Warfare (MIW) Bottom Descriptors;MIW Bottom Type B2;Appendices\METOC\Oceanograhic\46140136.svg;Area;Geophysics/Acoustics : MIW : MIW Bottom Type B2;46140136,icon is MAIN;image file does not exist;
{Symbols_Root}\Appendices\METOC\Oceanograhic\46140137.emf,32,Geophysics/Acoustics : MIW : MIW Bottom Type B3,Meteorological - Oceanographic : Main Icon,Meteorological - Oceanographic;Geophysics/Acoustics;Mine Warfare (MIW) Bottom Descriptors;MIW Bottom Type B3;Appendices\METOC\Oceanograhic\46140137.svg;Area;Geophysics/Acoustics : MIW : MIW Bottom Type B3;46140137,icon is MAIN;image file does not exist;
{Symbols_Root}\Appendices\METOC\Oceanograhic\46140138.emf,32,Geophysics/Acoustics : MIW : MIW Bottom Type C1,Meteorological - Oceanographic : Main Icon,Meteorological - Oceanographic;Geophysics/Acoustics;Mine Warfare (MIW) Bottom Descriptors;MIW Bottom Type C1;Appendices\METOC\Oceanograhic\46140138.svg;Area;Geophysics/Acoustics : MIW : MIW Bottom Type C1;46140138,icon is MAIN;image file does not exist;
{Symbols_Root}\Appendices\METOC\Oceanograhic\46140139.emf,32,Geophysics/Acoustics : MIW : MIW Bottom Type C2,Meteorological - Oceanographic : Main Icon,Meteorological - Oceanographic;Geophysics/Acoustics;Mine Warfare (MIW) Bottom Descriptors;MIW Bottom Type C2;Appendices\METOC\Oceanograhic\46140139.svg;Area;Geophysics/Acoustics : MIW : MIW Bottom Type C2;46140139,icon is MAIN;image file does not exist;
{Symbols_Root}\Appendices\METOC\Oceanograhic\46140140.emf,32,Geophysics/Acoustics : MIW : MIW Bottom Type C3,Meteorological - Oceanographic : Main Icon,Meteorological - Oceanographic;Geophysics/Acoustics;Mine Warfare (MIW) Bottom Descriptors;MIW Bottom Type C3;Appendices\METOC\Oceanograhic\46140140.svg;Area;Geophysics/Acoustics : MIW : MIW Bottom Type C3;46140140,icon is MAIN;image file does not exist;
{Symbols_Root}\Appendices\METOC\Oceanograhic\46150200.emf,32,Limits : Maritime Area,Meteorological - Oceanographic : Main Icon,Meteorological - Oceanographic;Limits;Maritime Area;Appendices\METOC\Oceanograhic\46150200.svg;Area;Limits : Maritime Area;46150200,icon is MAIN;image file does not exist;
{Symbols_Root}\Appendices\METOC\Oceanograhic\46150400.emf,32,Limits : Swept Area,Meteorological - Oceanographic : Main Icon,Meteorological - Oceanographic;Limits;Swept Area;Appendices\METOC\Oceanograhic\46150400.svg;Area;Limits : Swept Area;46150400,icon is MAIN;image file does not exist;
{Symbols_Root}\Appendices\METOC\Oceanograhic\46150500.emf,32,Limits : Training Area,Meteorological - Oceanographic : Main Icon,Meteorological - Oceanographic;Limits;Training Area;Appendices\METOC\Oceanograhic\46150500.svg;Area;Limits : Training Area;46150500,icon is MAIN;image file does not exist;
{Symbols_Root}\Appendices\METOC\Oceanograhic\46150600.emf,32,Limits : Operator-Defined,Meteorological - Oceanographic : Main Icon,Meteorological - Oceanographic;Limits;Operator-Defined;Appendices\METOC\Oceanograhic\46150600.svg;Area;Limits : Operator-Defined;46150600,icon is MAIN;image file does not exist;
{Symbols_Root}\Appendices\METOC\Oceanograhic\46160200.emf,32,Man-Made Structures : Submerged Crib,Meteorological - Oceanographic : Main Icon,Meteorological - Oceanographic;Man-Made Structures;Submerged Crib;Appendices\METOC\Oceanograhic\46160200.svg;Area;Man-Made Structures : Submerged Crib;46160200,icon is MAIN;image file does not exist;
{Symbols_Root}\Appendices\METOC\Oceanograhic\46160700.emf,32,Man-Made Structures : Oil/Gas Rig Field,Meteorological - Oceanographic : Main Icon,Meteorological - Oceanographic;Man-Made Structures;Oil/Gas Rig Field;Appendices\METOC\Oceanograhic\46160700.svg;Area;Man-Made Structures : Oil/Gas Rig Field;46160700,icon is MAIN;image file does not exist;
