filePath,pointSize,styleItemName,styleItemCategory,styleItemTags,notes
{Symbols_Root}\Appendices\Air\01110000.emf,32,Military (Air),Air : Main Icon,Air;Military;Appendices\Air\01110000.svg;Point;Military (Air);01110000,icon is MAIN;image file does not exist;
{Symbols_Root}\Appendices\Air\01110100.emf,32,Military (Air) : Fixed-Wing,Air : Main Icon,Air;Military;Fixed-Wing;Appendices\Air\01110100.svg;Point;Military (Air) : Fixed-Wing;01110100,icon is MAIN;image file does not exist;
{Symbols_Root}\Appendices\Air\01110101.emf,32,Military (Air) : Fixed-Wing : Medical Evacuation (MEDEVAC),Air : Main Icon,Air;Military;Fixed-Wing;Medical Evacuation (MEDEVAC);Appendices\Air\01110101.svg;Point;Military (Air) : Fixed-Wing : Medical Evacuation (MEDEVAC);01110101,icon is MAIN;image file does not exist;
{Symbols_Root}\Appendices\Air\01110102.emf,32,Military (Air) : Fixed-Wing : Attack/Strike,Air : Main Icon,Air;Military;Fixed-Wing;Attack/Strike;Appendices\Air\01110102.svg;Point;Military (Air) : Fixed-Wing : Attack/Strike;01110102,icon is MAIN;image file does not exist;
{Symbols_Root}\Appendices\Air\01110103.emf,32,Military (Air) : Fixed-Wing : Bomber,Air : Main Icon,Air;Military;Fixed-Wing;Bomber;Appendices\Air\01110103.svg;Point;Military (Air) : Fixed-Wing : Bomber;01110103,icon is MAIN;image file does not exist;
{Symbols_Root}\Appendices\Air\01110104.emf,32,Military (Air) : Fixed-Wing : Fighter,Air : Main Icon,Air;Military;Fixed-Wing;Fighter;Appendices\Air\01110104.svg;Point;Military (Air) : Fixed-Wing : Fighter;01110104,icon is MAIN;image file does not exist;
{Symbols_Root}\Appendices\Air\01110105.emf,32,Military (Air) : Fixed-Wing : Fighter/Bomber,Air : Main Icon,Air;Military;Fixed-Wing;Fighter/Bomber;Appendices\Air\01110105.svg;Point;Military (Air) : Fixed-Wing : Fighter/Bomber;01110105,icon is MAIN;image file does not exist;
{Symbols_Root}\Appendices\Air\01110107.emf,32,Military (Air) : Fixed-Wing : Cargo,Air : Main Icon,Air;Military;Fixed-Wing;Cargo;Appendices\Air\01110107.svg;Point;Military (Air) : Fixed-Wing : Cargo;01110107,icon is MAIN;image file does not exist;
{Symbols_Root}\Appendices\Air\01110108.emf,32,Military (Air) : Fixed-Wing : Electronic Combat (EC)/Jammer,Air : Main Icon,Air;Military;Fixed-Wing;Electronic Combat (EC)/Jammer;Appendices\Air\01110108.svg;Point;Military (Air) : Fixed-Wing : Electronic Combat (EC)/Jammer;01110108,icon is MAIN;image file does not exist;
{Symbols_Root}\Appendices\Air\01110109.emf,32,Military (Air) : Fixed-Wing : Tanker,Air : Main Icon,Air;Military;Fixed-Wing;Tanker;Appendices\Air\01110109.svg;Point;Military (Air) : Fixed-Wing : Tanker;01110109,icon is MAIN;image file does not exist;
{Symbols_Root}\Appendices\Air\01110110.emf,32,Military (Air) : Fixed-Wing : Patrol,Air : Main Icon,Air;Military;Fixed-Wing;Patrol;Appendices\Air\01110110.svg;Point;Military (Air) : Fixed-Wing : Patrol;01110110,icon is MAIN;image file does not exist;
{Symbols_Root}\Appendices\Air\01110111.emf,32,Military (Air) : Fixed-Wing : Reconnaissance,Air : Main Icon,Air;Military;Fixed-Wing;Reconnaissance;Appendices\Air\01110111.svg;Point;Military (Air) : Fixed-Wing : Reconnaissance;01110111,icon is MAIN;image file does not exist;
{Symbols_Root}\Appendices\Air\01110112.emf,32,Military (Air) : Fixed-Wing : Trainer,Air : Main Icon,Air;Military;Fixed-Wing;Trainer;Appendices\Air\01110112.svg;Point;Military (Air) : Fixed-Wing : Trainer;01110112,icon is MAIN;image file does not exist;
{Symbols_Root}\Appendices\Air\01110113.emf,32,Military (Air) : Fixed-Wing : Utility,Air : Main Icon,Air;Military;Fixed-Wing;Utility;Appendices\Air\01110113.svg;Point;Military (Air) : Fixed-Wing : Utility;01110113,icon is MAIN;image file does not exist;
{Symbols_Root}\Appendices\Air\01110114.emf,32,Military (Air) : Fixed-Wing : VSTOL,Air : Main Icon,Air;Military;Fixed-Wing;VSTOL;Appendices\Air\01110114.svg;Point;Military (Air) : Fixed-Wing : VSTOL;01110114,icon is MAIN;image file does not exist;
{Symbols_Root}\Appendices\Air\01110115.emf,32,Military (Air) : Fixed-Wing : Airborne Command Post (ACP),Air : Main Icon,Air;Military;Fixed-Wing;Airborne Command Post (ACP);Appendices\Air\01110115.svg;Point;Military (Air) : Fixed-Wing : Airborne Command Post (ACP);01110115,icon is MAIN;image file does not exist;
{Symbols_Root}\Appendices\Air\01110116.emf,32,Military (Air) : Fixed-Wing : Airborne Early Warning (AEW),Air : Main Icon,Air;Military;Fixed-Wing;Airborne Early Warning (AEW);Appendices\Air\01110116.svg;Point;Military (Air) : Fixed-Wing : Airborne Early Warning (AEW);01110116,icon is MAIN;image file does not exist;
{Symbols_Root}\Appendices\Air\01110117.emf,32,Military (Air) : Fixed-Wing : Antisurface Warfare,Air : Main Icon,Air;Military;Fixed-Wing;Antisurface Warfare;Appendices\Air\01110117.svg;Point;Military (Air) : Fixed-Wing : Antisurface Warfare;01110117,icon is MAIN;image file does not exist;
{Symbols_Root}\Appendices\Air\01110118.emf,32,Military (Air) : Fixed-Wing : Antisubmarine Warfare,Air : Main Icon,Air;Military;Fixed-Wing;Antisubmarine Warfare;Appendices\Air\01110118.svg;Point;Military (Air) : Fixed-Wing : Antisubmarine Warfare;01110118,icon is MAIN;image file does not exist;
{Symbols_Root}\Appendices\Air\01110119.emf,32,Military (Air) : Fixed-Wing : Communications,Air : Main Icon,Air;Military;Fixed-Wing;Communications;Appendices\Air\01110119.svg;Point;Military (Air) : Fixed-Wing : Communications;01110119,icon is MAIN;image file does not exist;
{Symbols_Root}\Appendices\Air\01110120.emf,32,Military (Air) : Fixed-Wing : Combat Search and Rescue (CSAR),Air : Main Icon,Air;Military;Fixed-Wing;Combat Search and Rescue (CSAR);Appendices\Air\01110120.svg;Point;Military (Air) : Fixed-Wing : Combat Search and Rescue (CSAR);01110120,icon is MAIN;image file does not exist;
{Symbols_Root}\Appendices\Air\01110121.emf,32,Military (Air) : Fixed-Wing : Electronic Support (ES),Air : Main Icon,Air;Military;Fixed-Wing;Electronic Support (ES);Appendices\Air\01110121.svg;Point;Military (Air) : Fixed-Wing : Electronic Support (ES);01110121,icon is MAIN;image file does not exist;
{Symbols_Root}\Appendices\Air\01110122.emf,32,Military (Air) : Fixed-Wing : Government,Air : Main Icon,Air;Military;Fixed-Wing;Government;Appendices\Air\01110122.svg;Point;Military (Air) : Fixed-Wing : Government;01110122,icon is MAIN;image file does not exist;
{Symbols_Root}\Appendices\Air\01110123.emf,32,Military (Air) : Fixed-Wing : Mine Countermeasures (MCM),Air : Main Icon,Air;Military;Fixed-Wing;Mine Countermeasures (MCM);Appendices\Air\01110123.svg;Point;Military (Air) : Fixed-Wing : Mine Countermeasures (MCM);01110123,icon is MAIN;image file does not exist;
{Symbols_Root}\Appendices\Air\01110124.emf,32,Military (Air) : Fixed-Wing : Personnel Recovery,Air : Main Icon,Air;Military;Fixed-Wing;Personnel Recovery;Appendices\Air\01110124.svg;Point;Military (Air) : Fixed-Wing : Personnel Recovery;01110124,icon is MAIN;image file does not exist;
{Symbols_Root}\Appendices\Air\01110125.emf,32,Military (Air) : Fixed-Wing : Search and Rescue,Air : Main Icon,Air;Military;Fixed-Wing;Search and Rescue;Appendices\Air\01110125.svg;Point;Military (Air) : Fixed-Wing : Search and Rescue;01110125,icon is MAIN;image file does not exist;
{Symbols_Root}\Appendices\Air\01110126.emf,32,Military (Air) : Fixed-Wing : Special Operations Forces,Air : Main Icon,Air;Military;Fixed-Wing;Special Operations Forces;Appendices\Air\01110126.svg;Point;Military (Air) : Fixed-Wing : Special Operations Forces;01110126,icon is MAIN;image file does not exist;
{Symbols_Root}\Appendices\Air\01110127.emf,32,Military (Air) : Fixed-Wing : Ultra Light,Air : Main Icon,Air;Military;Fixed-Wing;Ultra Light;Appendices\Air\01110127.svg;Point;Military (Air) : Fixed-Wing : Ultra Light;01110127,icon is MAIN;image file does not exist;
{Symbols_Root}\Appendices\Air\01110128.emf,32,Military (Air) : Fixed-Wing : Photographic Reconnaissance,Air : Main Icon,Air;Military;Fixed-Wing;Photographic Reconnaissance;Appendices\Air\01110128.svg;Point;Military (Air) : Fixed-Wing : Photographic Reconnaissance;01110128,icon is MAIN;image file does not exist;
{Symbols_Root}\Appendices\Air\01110129.emf,32,Military (Air) : Fixed-Wing : Very Important Person (VIP),Air : Main Icon,Air;Military;Fixed-Wing;Very Important Person (VIP);Appendices\Air\01110129.svg;Point;Military (Air) : Fixed-Wing : Very Important Person (VIP);01110129,icon is MAIN;image file does not exist;
{Symbols_Root}\Appendices\Air\01110130.emf,32,Military (Air) : Fixed-Wing : Suppression of Enemy Air Defense,Air : Main Icon,Air;Military;Fixed-Wing;Suppression of Enemy Air Defense;Appendices\Air\01110130.svg;Point;Military (Air) : Fixed-Wing : Suppression of Enemy Air Defense;01110130,icon is MAIN;image file does not exist;
{Symbols_Root}\Appendices\Air\01110131.emf,32,Military (Air) : Fixed-Wing : Passenger,Air : Main Icon,Air;Military;Fixed-Wing;Passenger;Appendices\Air\01110131.svg;Point;Military (Air) : Fixed-Wing : Passenger;01110131,icon is MAIN;image file does not exist;
{Symbols_Root}\Appendices\Air\01110132.emf,32,Military (Air) : Fixed-Wing : Escort,Air : Main Icon,Air;Military;Fixed-Wing;Escort;Appendices\Air\01110132.svg;Point;Military (Air) : Fixed-Wing : Escort;01110132,icon is MAIN;image file does not exist;
{Symbols_Root}\Appendices\Air\01110133.emf,32,Military (Air) : Fixed-Wing : Electronic Attack (EA),Air : Main Icon,Air;Military;Fixed-Wing;Electronic Attack (EA);Appendices\Air\01110133.svg;Point;Military (Air) : Fixed-Wing : Electronic Attack (EA);01110133,icon is MAIN;image file does not exist;
{Symbols_Root}\Appendices\Air\01110200.emf,32,Military (Air) : Rotary-Wing,Air : Main Icon,Air;Military;Rotary-Wing;Appendices\Air\01110200.svg;Point;Military (Air) : Rotary-Wing;01110200,icon is MAIN;image file does not exist;
{Symbols_Root}\Appendices\Air\01110300.emf,32,Military (Air) : Unmanned Aircraft (UA- UAV- UAS- RPV),Air : Main Icon,Air;Military;Unmanned Aircraft (UA)/Unmanned Aerial Vehicle (UAV)/Unmanned Aircraft System (UAS)/Remote Piloted Vehicle (RPV);Appendices\Air\01110300.svg;Point;Military (Air) : Unmanned Aircraft (UA- UAV- UAS- RPV);01110300,icon is MAIN;image file does not exist;
{Symbols_Root}\Appendices\Air\01110400.emf,32,Military (Air) : Vertical-Takeoff UAV (VT-UAV),Air : Main Icon,Air;Military;Vertical-Takeoff UAV (VT-UAV);Appendices\Air\01110400.svg;Point;Military (Air) : Vertical-Takeoff UAV (VT-UAV);01110400,icon is MAIN;image file does not exist;
{Symbols_Root}\Appendices\Air\01110500.emf,32,Military (Air) : Lighter Than Air,Air : Main Icon,Air;Military;Lighter Than Air;Appendices\Air\01110500.svg;Point;Military (Air) : Lighter Than Air;01110500,icon is MAIN;image file does not exist;
{Symbols_Root}\Appendices\Air\01110600.emf,32,Military (Air) : Airship,Air : Main Icon,Air;Military;Airship;Appendices\Air\01110600.svg;Point;Military (Air) : Airship;01110600,icon is MAIN;image file does not exist;
{Symbols_Root}\Appendices\Air\01110700.emf,32,Military (Air) : Tethered Lighter Than Air,Air : Main Icon,Air;Military;Tethered Lighter Than Air;Appendices\Air\01110700.svg;Point;Military (Air) : Tethered Lighter Than Air;01110700,icon is MAIN;image file does not exist;
{Symbols_Root}\Appendices\Air\01120000.emf,32,Civilian (Air),Air : Main Icon,Air;Civilian;Appendices\Air\01120000.svg;Point;Civilian (Air);01120000,icon is MAIN;image file does not exist;
{Symbols_Root}\Appendices\Air\01120100.emf,32,Civilian (Air) : Fixed Wing,Air : Main Icon,Air;Civilian;Fixed Wing;Appendices\Air\01120100.svg;Point;Civilian (Air) : Fixed Wing;01120100,icon is MAIN;image file does not exist;
{Symbols_Root}\Appendices\Air\01120200.emf,32,Civilian (Air) : Rotary Wing,Air : Main Icon,Air;Civilian;Rotary Wing;Appendices\Air\01120200.svg;Point;Civilian (Air) : Rotary Wing;01120200,icon is MAIN;image file does not exist;
{Symbols_Root}\Appendices\Air\01120300.emf,32,Civilian (Air) : Unmanned Aircraft (UA- UAV- UAS- RPV),Air : Main Icon,Air;Civilian;Unmanned Aircraft (UA) / Unmanned Aerial Vehicle (UAV) / Unmanned Aircraft System (UAS) / Remote Piloted Vehicle (RPV);Appendices\Air\01120300.svg;Point;Civilian (Air) : Unmanned Aircraft (UA- UAV- UAS- RPV);01120300,icon is MAIN;image file does not exist;
{Symbols_Root}\Appendices\Air\01120400.emf,32,Civilian (Air) : Lighter Than Air,Air : Main Icon,Air;Civilian;Lighter Than Air;Appendices\Air\01120400.svg;Point;Civilian (Air) : Lighter Than Air;01120400,icon is MAIN;image file does not exist;
{Symbols_Root}\Appendices\Air\01120500.emf,32,Civilian (Air) : Airship,Air : Main Icon,Air;Civilian;Airship;Appendices\Air\01120500.svg;Point;Civilian (Air) : Airship;01120500,icon is MAIN;image file does not exist;
{Symbols_Root}\Appendices\Air\01120600.emf,32,Civilian (Air) : Tethered Lighter than Air,Air : Main Icon,Air;Civilian;Tethered Lighter than Air;Appendices\Air\01120600.svg;Point;Civilian (Air) : Tethered Lighter than Air;01120600,icon is MAIN;image file does not exist;
{Symbols_Root}\Appendices\Air\01130000.emf,32,Weapon (Air),Air : Main Icon,Air;Weapon;Appendices\Air\01130000.svg;Point;Weapon (Air);01130000,icon is MAIN;image file does not exist;
{Symbols_Root}\Appendices\Air\01130100.emf,32,Weapon (Air) : Bomb,Air : Main Icon,Air;Weapon;Bomb;Appendices\Air\01130100.svg;Point;Weapon (Air) : Bomb;01130100,icon is MAIN;image file does not exist;
{Symbols_Root}\Appendices\Air\01130200.emf,32,Weapon (Air) : Decoy,Air : Main Icon,Air;Weapon;Decoy;Appendices\Air\01130200.svg;Point;Weapon (Air) : Decoy;01130200,icon is MAIN;image file does not exist;
{Symbols_Root}\Appendices\Air\10140000.emf,32,Manual Track (Air),Air : Main Icon,Air;Manual Track;Appendices\Air\10140000.svg;Point;Manual Track (Air);01140000,icon is FULL_OCTAGON;image file does not exist;
{Symbols_Root}\Appendices\Air\02110000.emf,32,Missile (Air Missile),Air Missile : Main Icon,Air Missile;Missile;Appendices\Air\02110000.svg;Point;Missile (Air Missile);02110000,icon is MAIN;image file does not exist;
{Symbols_Root}\Appendices\Air\mod1\01011.emf,32,Military Aircraft Type : Attack/Strike,Air : Modifier 1,Air;Modifier 1;Attack/Strike;Appendices\Air\mod1\01011.svg;Point;Military Aircraft Type : Attack/Strike;01011,image file does not exist;
{Symbols_Root}\Appendices\Air\mod1\01021.emf,32,Military Aircraft Type : Bomber,Air : Modifier 1,Air;Modifier 1;Bomber;Appendices\Air\mod1\01021.svg;Point;Military Aircraft Type : Bomber;01021,image file does not exist;
{Symbols_Root}\Appendices\Air\mod1\01031.emf,32,Aircraft Type : Cargo,Air : Modifier 1,Air;Modifier 1;Cargo;Appendices\Air\mod1\01031.svg;Point;Aircraft Type : Cargo;01031,image file does not exist;
{Symbols_Root}\Appendices\Air\mod1\01041.emf,32,Military Aircraft Type : Fighter,Air : Modifier 1,Air;Modifier 1;Fighter;Appendices\Air\mod1\01041.svg;Point;Military Aircraft Type : Fighter;01041,image file does not exist;
{Symbols_Root}\Appendices\Air\mod1\01051.emf,32,Military Aircraft Type : Interceptor,Air : Modifier 1,Air;Modifier 1;Interceptor;Appendices\Air\mod1\01051.svg;Point;Military Aircraft Type : Interceptor;01051,image file does not exist;
{Symbols_Root}\Appendices\Air\mod1\01061.emf,32,Aircraft Type : Tanker,Air : Modifier 1,Air;Modifier 1;Tanker;Appendices\Air\mod1\01061.svg;Point;Aircraft Type : Tanker;01061,image file does not exist;
{Symbols_Root}\Appendices\Air\mod1\01071.emf,32,Aircraft Type : Utility,Air : Modifier 1,Air;Modifier 1;Utility;Appendices\Air\mod1\01071.svg;Point;Aircraft Type : Utility;01071,image file does not exist;
{Symbols_Root}\Appendices\Air\mod1\01081.emf,32,Aircraft Type : VSTOL/VTOL,Air : Modifier 1,Air;Modifier 1;VSTOL/VTOL;Appendices\Air\mod1\01081.svg;Point;Aircraft Type : VSTOL/VTOL;01081,image file does not exist;
{Symbols_Root}\Appendices\Air\mod1\01091.emf,32,Aircraft Type : Passenger,Air : Modifier 1,Air;Modifier 1;Passenger;Appendices\Air\mod1\01091.svg;Point;Aircraft Type : Passenger;01091,image file does not exist;
{Symbols_Root}\Appendices\Air\mod1\01101.emf,32,Aircraft Type : Ultra Light,Air : Modifier 1,Air;Modifier 1;Ultra Light;Appendices\Air\mod1\01101.svg;Point;Aircraft Type : Ultra Light;01101,image file does not exist;
{Symbols_Root}\Appendices\Air\mod1\01111.emf,32,Military Aircraft Type : Airborne Command Post (ACP),Air : Modifier 1,Air;Modifier 1;Airborne Command Post (ACP);Appendices\Air\mod1\01111.svg;Point;Military Aircraft Type : Airborne Command Post (ACP);01111,image file does not exist;
{Symbols_Root}\Appendices\Air\mod1\01121.emf,32,Military Aircraft Type : Airborne Early Warning (AEW),Air : Modifier 1,Air;Modifier 1;Airborne Early Warning (AEW);Appendices\Air\mod1\01121.svg;Point;Military Aircraft Type : Airborne Early Warning (AEW);01121,image file does not exist;
{Symbols_Root}\Appendices\Air\mod1\01131.emf,32,Aircraft Type : Government,Air : Modifier 1,Air;Modifier 1;Government;Appendices\Air\mod1\01131.svg;Point;Aircraft Type : Government;01131,image file does not exist;
{Symbols_Root}\Appendices\Air\mod1\01141.emf,32,Mission Area : Medical Evacuation (MEDEVAC),Air : Modifier 1,Air;Modifier 1;Medical Evacuation (MEDEVAC);Appendices\Air\mod1\01141.svg;Point;Mission Area : Medical Evacuation (MEDEVAC);01141,image file does not exist;
{Symbols_Root}\Appendices\Air\mod1\01151.emf,32,Military Mission Area : Escort,Air : Modifier 1,Air;Modifier 1;Escort;Appendices\Air\mod1\01151.svg;Point;Military Mission Area : Escort;01151,image file does not exist;
{Symbols_Root}\Appendices\Air\mod1\01161.emf,32,Military Mission Area : Electronic Combat (EC)/Jammer,Air : Modifier 1,Air;Modifier 1;Electronic Combat (EC)/Jammer;Appendices\Air\mod1\01161.svg;Point;Military Mission Area : Electronic Combat (EC)/Jammer;01161,image file does not exist;
{Symbols_Root}\Appendices\Air\mod1\01171.emf,32,Mission Area : Patrol,Air : Modifier 1,Air;Modifier 1;Patrol;Appendices\Air\mod1\01171.svg;Point;Mission Area : Patrol;01171,image file does not exist;
{Symbols_Root}\Appendices\Air\mod1\01181.emf,32,Mission Area : Reconnaissance,Air : Modifier 1,Air;Modifier 1;Reconnaissance;Appendices\Air\mod1\01181.svg;Point;Mission Area : Reconnaissance;01181,image file does not exist;
{Symbols_Root}\Appendices\Air\mod1\01191.emf,32,Mission Area : Trainer,Air : Modifier 1,Air;Modifier 1;Trainer;Appendices\Air\mod1\01191.svg;Point;Mission Area : Trainer;01191,image file does not exist;
{Symbols_Root}\Appendices\Air\mod1\01201.emf,32,Mission Area : Photographic (Reconnaissance),Air : Modifier 1,Air;Modifier 1;Photographic (Reconnaissance);Appendices\Air\mod1\01201.svg;Point;Mission Area : Photographic (Reconnaissance);01201,image file does not exist;
{Symbols_Root}\Appendices\Air\mod1\01211.emf,32,Mission Area : Personnel Recovery,Air : Modifier 1,Air;Modifier 1;Personnel Recovery;Appendices\Air\mod1\01211.svg;Point;Mission Area : Personnel Recovery;01211,image file does not exist;
{Symbols_Root}\Appendices\Air\mod1\01221.emf,32,Military Mission Area : Antisubmarine Warfare,Air : Modifier 1,Air;Modifier 1;Antisubmarine Warfare;Appendices\Air\mod1\01221.svg;Point;Military Mission Area : Antisubmarine Warfare;01221,image file does not exist;
{Symbols_Root}\Appendices\Air\mod1\01231.emf,32,Mission Area : Communications,Air : Modifier 1,Air;Modifier 1;Communications;Appendices\Air\mod1\01231.svg;Point;Mission Area : Communications;01231,image file does not exist;
{Symbols_Root}\Appendices\Air\mod1\01241.emf,32,Military Mission Area : Electronic Support (ES),Air : Modifier 1,Air;Modifier 1;Electronic Support (ES);Appendices\Air\mod1\01241.svg;Point;Military Mission Area : Electronic Support (ES);01241,image file does not exist;
{Symbols_Root}\Appendices\Air\mod1\01251.emf,32,Military Mission Area : Mine Countermeasures (MCM),Air : Modifier 1,Air;Modifier 1;Mine Countermeasures (MCM);Appendices\Air\mod1\01251.svg;Point;Military Mission Area : Mine Countermeasures (MCM);01251,image file does not exist;
{Symbols_Root}\Appendices\Air\mod1\01261.emf,32,Mission Area : Search and Rescue,Air : Modifier 1,Air;Modifier 1;Search and Rescue;Appendices\Air\mod1\01261.svg;Point;Mission Area : Search and Rescue;01261,image file does not exist;
{Symbols_Root}\Appendices\Air\mod1\01271.emf,32,Military Mission Area : Special Operations Forces,Air : Modifier 1,Air;Modifier 1;Special Operations Forces;Appendices\Air\mod1\01271.svg;Point;Military Mission Area : Special Operations Forces;01271,image file does not exist;
{Symbols_Root}\Appendices\Air\mod1\01281.emf,32,Military Mission Area : Surface Warfare,Air : Modifier 1,Air;Modifier 1;Surface Warfare;Appendices\Air\mod1\01281.svg;Point;Military Mission Area : Surface Warfare;01281,image file does not exist;
{Symbols_Root}\Appendices\Air\mod1\01291.emf,32,Mission Area : Very Important Person (VIP) Transport,Air : Modifier 1,Air;Modifier 1;Very Important Person (VIP) Transport;Appendices\Air\mod1\01291.svg;Point;Mission Area : Very Important Person (VIP) Transport;01291,image file does not exist;
{Symbols_Root}\Appendices\Air\mod1\01301.emf,32,Military Mission Area : Combat Search and Rescue (CSAR),Air : Modifier 1,Air;Modifier 1;Combat Search and Rescue (CSAR);Appendices\Air\mod1\01301.svg;Point;Military Mission Area : Combat Search and Rescue (CSAR);01301,image file does not exist;
{Symbols_Root}\Appendices\Air\mod1\01311.emf,32,Military Mission Area : Suppression of Enemy Air Defenses,Air : Modifier 1,Air;Modifier 1;Suppression of Enemy Air Defenses;Appendices\Air\mod1\01311.svg;Point;Military Mission Area : Suppression of Enemy Air Defenses;01311,image file does not exist;
{Symbols_Root}\Appendices\Air\mod1\01321.emf,32,Military Mission Area : Antisurface Warfare,Air : Modifier 1,Air;Modifier 1;Antisurface Warfare;Appendices\Air\mod1\01321.svg;Point;Military Mission Area : Antisurface Warfare;01321,image file does not exist;
{Symbols_Root}\Appendices\Air\mod1\01331.emf,32,Military Aircraft Type : Fighter/Bomber,Air : Modifier 1,Air;Modifier 1;Fighter/Bomber;Appendices\Air\mod1\01331.svg;Point;Military Aircraft Type : Fighter/Bomber;01331,image file does not exist;
{Symbols_Root}\Appendices\Air\mod1\01341.emf,32,Mission Area : Intensive Care,Air : Modifier 1,Air;Modifier 1;Intensive Care;Appendices\Air\mod1\01341.svg;Point;Mission Area : Intensive Care;01341,image file does not exist;
{Symbols_Root}\Appendices\Air\mod1\01351.emf,32,Military Mission Area : Electronic Attack (EA),Air : Modifier 1,Air;Modifier 1;Electronic Attack (EA);Appendices\Air\mod1\01351.svg;Point;Military Mission Area : Electronic Attack (EA);01351,image file does not exist;
{Symbols_Root}\Appendices\Air\mod1\01361.emf,32,Mission Area : Multimission,Air : Modifier 1,Air;Modifier 1;Multimission;Appendices\Air\mod1\01361.svg;Point;Mission Area : Multimission;01361,image file does not exist;
{Symbols_Root}\Appendices\Air\mod1\01371.emf,32,Crime : Hijacking (Air),Air : Modifier 1,Air;Modifier 1;Hijacking;Appendices\Air\mod1\01371.svg;Point;Crime : Hijacking (Air);01371,image file does not exist;
{Symbols_Root}\Appendices\Air\mod1\01381.emf,32,Mission Area : ASW Helo - LAMPS,Air : Modifier 1,Air;Modifier 1;ASW Helo - LAMPS;Appendices\Air\mod1\01381.svg;Point;Mission Area : ASW Helo - LAMPS;01381,image file does not exist;
{Symbols_Root}\Appendices\Air\mod1\01391.emf,32,Mission Area : ASW Helo – SH-60R,Air : Modifier 1,Air;Modifier 1;ASW Helo – SH-60R;Appendices\Air\mod1\01391.svg;Point;Mission Area : ASW Helo – SH-60R;01391,image file does not exist;
{Symbols_Root}\Appendices\Air\mod1\02011.emf,32,Launch Origin : Air,Air Missile : Modifier 1,Air Missile;Modifier 1;Air;Appendices\Air\mod1\02011.svg;Point;Launch Origin : Air;02011,image file does not exist;
{Symbols_Root}\Appendices\Air\mod1\02021.emf,32,Launch Origin : Surface,Air Missile : Modifier 1,Air Missile;Modifier 1;Surface;Appendices\Air\mod1\02021.svg;Point;Launch Origin : Surface;02021,image file does not exist;
{Symbols_Root}\Appendices\Air\mod1\02031.emf,32,Launch Origin : Subsurface,Air Missile : Modifier 1,Air Missile;Modifier 1;Subsurface;Appendices\Air\mod1\02031.svg;Point;Launch Origin : Subsurface;02031,image file does not exist;
{Symbols_Root}\Appendices\Air\mod1\02041.emf,32,Launch Origin : Space,Air Missile : Modifier 1,Air Missile;Modifier 1;Space;Appendices\Air\mod1\02041.svg;Point;Launch Origin : Space;02041,image file does not exist;
{Symbols_Root}\Appendices\Air\mod1\02051.emf,32,Missile Class : Anti-Ballistic,Air Missile : Modifier 1,Air Missile;Modifier 1;Anti-Ballistic;Appendices\Air\mod1\02051.svg;Point;Missile Class : Anti-Ballistic;02051,image file does not exist;
{Symbols_Root}\Appendices\Air\mod1\02061.emf,32,Missile Class : Ballistic (Air Missile),Air Missile : Modifier 1,Air Missile;Modifier 1;Ballistic;Appendices\Air\mod1\02061.svg;Point;Missile Class : Ballistic (Air Missile);02061,image file does not exist;
{Symbols_Root}\Appendices\Air\mod1\02071.emf,32,Missile Class : Cruise,Air Missile : Modifier 1,Air Missile;Modifier 1;Cruise;Appendices\Air\mod1\02071.svg;Point;Missile Class : Cruise;02071,image file does not exist;
{Symbols_Root}\Appendices\Air\mod1\02081.emf,32,Missile Class : Interceptor (Air Missile),Air Missile : Modifier 1,Air Missile;Modifier 1;Interceptor;Appendices\Air\mod1\02081.svg;Point;Missile Class : Interceptor (Air Missile);02081,image file does not exist;
{Symbols_Root}\Appendices\Air\mod2\01012.emf,32,Cargo/Transport Capacity : Heavy,Air : Modifier 2,Air;Modifier 2;Heavy;Appendices\Air\mod2\01012.svg;Point;Cargo/Transport Capacity : Heavy;01012,image file does not exist;
{Symbols_Root}\Appendices\Air\mod2\01022.emf,32,Cargo/Transport Capacity : Medium,Air : Modifier 2,Air;Modifier 2;Medium;Appendices\Air\mod2\01022.svg;Point;Cargo/Transport Capacity : Medium;01022,image file does not exist;
{Symbols_Root}\Appendices\Air\mod2\01032.emf,32,Cargo/Transport Capacity : Light,Air : Modifier 2,Air;Modifier 2;Light;Appendices\Air\mod2\01032.svg;Point;Cargo/Transport Capacity : Light;01032,image file does not exist;
{Symbols_Root}\Appendices\Air\mod2\01042.emf,32,Re-fueling Capability : Boom-Only,Air : Modifier 2,Air;Modifier 2;Boom-Only;Appendices\Air\mod2\01042.svg;Point;Re-fueling Capability : Boom-Only;01042,image file does not exist;
{Symbols_Root}\Appendices\Air\mod2\01052.emf,32,Re-fueling Capability : Drogue-Only,Air : Modifier 2,Air;Modifier 2;Drogue-Only;Appendices\Air\mod2\01052.svg;Point;Re-fueling Capability : Drogue-Only;01052,image file does not exist;
{Symbols_Root}\Appendices\Air\mod2\01062.emf,32,Re-fueling Capability : Boom and Drogue,Air : Modifier 2,Air;Modifier 2;Boom and Drogue;Appendices\Air\mod2\01062.svg;Point;Re-fueling Capability : Boom and Drogue;01062,image file does not exist;
{Symbols_Root}\Appendices\Air\mod2\01072.emf,32,Range : Close Range,Air : Modifier 2,Air;Modifier 2;Close Range;Appendices\Air\mod2\01072.svg;Point;Range : Close Range;01072,image file does not exist;
{Symbols_Root}\Appendices\Air\mod2\01082.emf,32,Range : Short Range,Air : Modifier 2,Air;Modifier 2;Short Range;Appendices\Air\mod2\01082.svg;Point;Range : Short Range;01082,image file does not exist;
{Symbols_Root}\Appendices\Air\mod2\01092.emf,32,Range : Medium Range,Air : Modifier 2,Air;Modifier 2;Medium Range;Appendices\Air\mod2\01092.svg;Point;Range : Medium Range;01092,image file does not exist;
{Symbols_Root}\Appendices\Air\mod2\01102.emf,32,Range : Long Range,Air : Modifier 2,Air;Modifier 2;Long Range;Appendices\Air\mod2\01102.svg;Point;Range : Long Range;01102,image file does not exist;
{Symbols_Root}\Appendices\Air\mod2\01112.emf,32,Track Link Availability : Downlinked,Air : Modifier 2,Air;Modifier 2;Downlinked;Appendices\Air\mod2\01112.svg;Point;Track Link Availability : Downlinked;01112,image file does not exist;
{Symbols_Root}\Appendices\Air\mod2\02012.emf,32,Missile Destination : Air,Air Missile : Modifier 2,Air Missile;Modifier 2;Air;Appendices\Air\mod2\02012.svg;Point;Missile Destination : Air;02012,image file does not exist;
{Symbols_Root}\Appendices\Air\mod2\02022.emf,32,Missile Destination : Surface,Air Missile : Modifier 2,Air Missile;Modifier 2;Surface;Appendices\Air\mod2\02022.svg;Point;Missile Destination : Surface;02022,image file does not exist;
{Symbols_Root}\Appendices\Air\mod2\02032.emf,32,Missile Destination : Subsurface,Air Missile : Modifier 2,Air Missile;Modifier 2;Subsurface;Appendices\Air\mod2\02032.svg;Point;Missile Destination : Subsurface;02032,image file does not exist;
{Symbols_Root}\Appendices\Air\mod2\02042.emf,32,Missile Destination : Space,Air Missile : Modifier 2,Air Missile;Modifier 2;Space;Appendices\Air\mod2\02042.svg;Point;Missile Destination : Space;02042,image file does not exist;
{Symbols_Root}\Appendices\Air\mod2\02052.emf,32,Missile Status : Launched,Air Missile : Modifier 2,Air Missile;Modifier 2;Launched;Appendices\Air\mod2\02052.svg;Point;Missile Status : Launched;02052,image file does not exist;
{Symbols_Root}\Appendices\Air\mod2\02062.emf,32,Missile Status : Missile,Air Missile : Modifier 2,Air Missile;Modifier 2;Missile;Appendices\Air\mod2\02062.svg;Point;Missile Status : Missile;02062,image file does not exist;
{Symbols_Root}\Appendices\Air\mod2\02072.emf,32,Missile Type-BMD : Patriot,Air Missile : Modifier 2,Air Missile;Modifier 2;Patriot;Appendices\Air\mod2\02072.svg;Point;Missile Type-BMD : Patriot;02072,image file does not exist;
{Symbols_Root}\Appendices\Air\mod2\02082.emf,32,Missile Type-AAW : Standard Missile-2 (SM-2),Air Missile : Modifier 2,Air Missile;Modifier 2;Standard Missile-2 (SM-2);Appendices\Air\mod2\02082.svg;Point;Missile Type-AAW : Standard Missile-2 (SM-2);02082,image file does not exist;
{Symbols_Root}\Appendices\Air\mod2\02092.emf,32,Missile Type-AAW : Standard Missile-6 (SM-6),Air Missile : Modifier 2,Air Missile;Modifier 2;Standard Missile-6 (SM-6);Appendices\Air\mod2\02092.svg;Point;Missile Type-AAW : Standard Missile-6 (SM-6);02092,image file does not exist;
{Symbols_Root}\Appendices\Air\mod2\02102.emf,32,Missile Type-AAW : Evolved Sea Sparrow Missile (ESSM),Air Missile : Modifier 2,Air Missile;Modifier 2;Evolved Sea Sparrow Missile (ESSM);Appendices\Air\mod2\02102.svg;Point;Missile Type-AAW : Evolved Sea Sparrow Missile (ESSM);02102,image file does not exist;
{Symbols_Root}\Appendices\Air\mod2\02112.emf,32,Missile Type-AAW : Rolling Airframe Missile (RAM),Air Missile : Modifier 2,Air Missile;Modifier 2;Rolling Airframe Missile (RAM);Appendices\Air\mod2\02112.svg;Point;Missile Type-AAW : Rolling Airframe Missile (RAM);02112,image file does not exist;
{Symbols_Root}\Appendices\Air\mod2\02122.emf,32,Missile Range : Short Range (Air Missile),Air Missile : Modifier 2,Air Missile;Modifier 2;Short Range;Appendices\Air\mod2\02122.svg;Point;Missile Range : Short Range (Air Missile);02122,image file does not exist;
{Symbols_Root}\Appendices\Air\mod2\02132.emf,32,Missile Range : Medium Range (Air Missile),Air Missile : Modifier 2,Air Missile;Modifier 2;Medium Range;Appendices\Air\mod2\02132.svg;Point;Missile Range : Medium Range (Air Missile);02132,image file does not exist;
{Symbols_Root}\Appendices\Air\mod2\02142.emf,32,Missile Range : Intermediate Range (Air Missile),Air Missile : Modifier 2,Air Missile;Modifier 2;Intermediate Range;Appendices\Air\mod2\02142.svg;Point;Missile Range : Intermediate Range (Air Missile);02142,image file does not exist;
{Symbols_Root}\Appendices\Air\mod2\02152.emf,32,Missile Range : Long Range (Air Missile),Air Missile : Modifier 2,Air Missile;Modifier 2;Long Range;Appendices\Air\mod2\02152.svg;Point;Missile Range : Long Range (Air Missile);02152,image file does not exist;
{Symbols_Root}\Appendices\Air\mod2\02162.emf,32,Missile Range : Intercontinental (Air Missile),Air Missile : Modifier 2,Air Missile;Modifier 2;Intercontinental;Appendices\Air\mod2\02162.svg;Point;Missile Range : Intercontinental (Air Missile);02162,image file does not exist;
