filePath,pointSize,styleItemName,styleItemCategory,styleItemTags,notes
{Symbols_Root}\Appendices\Land\20110000.emf,32,Installation,Land Installation : Main Icon,Land Installation;Installation;Appendices\Land\20110000.svg;Point;Installation;20110000,icon is MAIN;image file does not exist;
{Symbols_Root}\Appendices\Land\20110100.emf,32,Installation : Aircraft Production/Assembly,Land Installation : Main Icon,Land Installation;Installation;Aircraft Production/Assembly;Appendices\Land\20110100.svg;Point;Installation : Aircraft Production/Assembly;20110100,icon is MAIN;image file does not exist;
{Symbols_Root}\Appendices\Land\20110200.emf,32,Installation : Ammunition and Explosives/Assembly,Land Installation : Main Icon,Land Installation;Installation;Ammunition and Explosives/Assembly;Appendices\Land\20110200.svg;Point;Installation : Ammunition and Explosives/Assembly;20110200,icon is FULL_OCTAGON;image file does not exist;
{Symbols_Root}\Appendices\Land\20110300_2.emf,32,Installation : Ammunition Cache,Land Installation : Main Icon,Land Installation;Installation;Ammunition Cache;Appendices\Land\20110300_2.svg;Point;Installation : Ammunition Cache;20110300,icon is FULL_FRAME;image file does not exist;icon touches frame;
{Symbols_Root}\Appendices\Land\20110400.emf,32,Installation : Armament Production,Land Installation : Main Icon,Land Installation;Installation;Armament Production;Appendices\Land\20110400.svg;Point;Installation : Armament Production;20110400,icon is FULL_OCTAGON;image file does not exist;
{Symbols_Root}\Appendices\Land\20110500.emf,32,Installation : Black List Location,Land Installation : Main Icon,Land Installation;Installation;Black List Location;Appendices\Land\20110500.svg;Point;Installation : Black List Location;20110500,icon is MAIN;image file does not exist;
{Symbols_Root}\Appendices\Land\20110600.emf,32,Installation : Chemical-Biological-Radiological and Nuclear (CBRN),Land Installation : Main Icon,Land Installation;Installation;Chemical-Biological-Radiological and Nuclear (CBRN);Appendices\Land\20110600.svg;Point;Installation : Chemical-Biological-Radiological and Nuclear (CBRN);20110600,icon is MAIN;image file does not exist;
{Symbols_Root}\Appendices\Land\20110700.emf,32,Installation : Engineering Equipment Production,Land Installation : Main Icon,Land Installation;Installation;Engineering Equipment Production;Appendices\Land\20110700.svg;Point;Installation : Engineering Equipment Production;20110700,icon is FULL_OCTAGON;image file does not exist;
{Symbols_Root}\Appendices\Land\20110701.emf,32,Installation : Engineering Equipment Production : Bridge,Land Installation : Main Icon,Land Installation;Installation;Engineering Equipment Production;Bridge;Appendices\Land\20110701.svg;Point;Installation : Engineering Equipment Production : Bridge;20110701,icon is MAIN;image file does not exist;
{Symbols_Root}\Appendices\Land\20110800.emf,32,Installation : Equipment Manufacture,Land Installation : Main Icon,Land Installation;Installation;Equipment Manufacture;Appendices\Land\20110800.svg;Point;Installation : Equipment Manufacture;20110800,icon is FULL_OCTAGON;image file does not exist;
{Symbols_Root}\Appendices\Land\20110900.emf,32,Installation : Government Leadership,Land Installation : Main Icon,Land Installation;Installation;Government Leadership;Appendices\Land\20110900.svg;Point;Installation : Government Leadership;20110900,icon is MAIN;image file does not exist;
{Symbols_Root}\Appendices\Land\20111000.emf,32,Installation : Gray List Location,Land Installation : Main Icon,Land Installation;Installation;Gray List Location;Appendices\Land\20111000.svg;Point;Installation : Gray List Location;20111000,icon is MAIN;image file does not exist;
{Symbols_Root}\Appendices\Land\20111100.emf,32,Installation : Mass Grave Site,Land Installation : Main Icon,Land Installation;Installation;Mass Grave Site;Appendices\Land\20111100.svg;Point;Installation : Mass Grave Site;20111100,icon is MAIN;image file does not exist;
{Symbols_Root}\Appendices\Land\20111200_2.emf,32,Installation : Materiel,Land Installation : Main Icon,Land Installation;Installation;Materiel;Appendices\Land\20111200_2.svg;Point;Installation : Materiel;20111200,icon is FULL_FRAME;image file does not exist;icon touches frame;
{Symbols_Root}\Appendices\Land\20111300.emf,32,Installation : Mine,Land Installation : Main Icon,Land Installation;Installation;Mine;Appendices\Land\20111300.svg;Point;Installation : Mine;20111300,icon is MAIN;image file does not exist;
{Symbols_Root}\Appendices\Land\20111400.emf,32,Installation : Missile and Space System Production,Land Installation : Main Icon,Land Installation;Installation;Missile and Space System Production;Appendices\Land\20111400.svg;Point;Installation : Missile and Space System Production;20111400,icon is FULL_OCTAGON;image file does not exist;
{Symbols_Root}\Appendices\Land\20111500.emf,32,Installation : Nuclear (Non CBRN Defense),Land Installation : Main Icon,Land Installation;Installation;Nuclear (Non CBRN Defense);Appendices\Land\20111500.svg;Point;Installation : Nuclear (Non CBRN Defense);20111500,icon is MAIN;image file does not exist;
{Symbols_Root}\Appendices\Land\20111600.emf,32,Installation : Printed Media,Land Installation : Main Icon,Land Installation;Installation;Printed Media;Appendices\Land\20111600.svg;Point;Installation : Printed Media;20111600,icon is MAIN;image file does not exist;
{Symbols_Root}\Appendices\Land\20111700.emf,32,Installation : Safe House,Land Installation : Main Icon,Land Installation;Installation;Safe House;Appendices\Land\20111700.svg;Point;Installation : Safe House;20111700,icon is MAIN;image file does not exist;
{Symbols_Root}\Appendices\Land\20111800.emf,32,Installation : White List Location,Land Installation : Main Icon,Land Installation;Installation;White List Location;Appendices\Land\20111800.svg;Point;Installation : White List Location;20111800,icon is MAIN;image file does not exist;
{Symbols_Root}\Appendices\Land\20111900.emf,32,Installation : Tented Camp,Land Installation : Main Icon,Land Installation;Installation;Tented Camp;Appendices\Land\20111900.svg;Point;Installation : Tented Camp;20111900,icon is FULL_OCTAGON;image file does not exist;
{Symbols_Root}\Appendices\Land\20111901.emf,32,Installation : Tented Camp : Displaced Persons / Refugee / Evacuees Camp,Land Installation : Main Icon,Land Installation;Installation;Tented Camp;Displaced Persons / Refugee / Evacuees Camp;Appendices\Land\20111901.svg;Point;Installation : Tented Camp : Displaced Persons / Refugee / Evacuees Camp;20111901,icon is FULL_OCTAGON;image file does not exist;
{Symbols_Root}\Appendices\Land\20111902.emf,32,Installation : Tented Camp : Training Camp,Land Installation : Main Icon,Land Installation;Installation;Tented Camp;Training Camp;Appendices\Land\20111902.svg;Point;Installation : Tented Camp : Training Camp;20111902,icon is FULL_OCTAGON;image file does not exist;
{Symbols_Root}\Appendices\Land\20112000.emf,32,Installation : Warehouse/Storage Facility,Land Installation : Main Icon,Land Installation;Installation;Warehouse/Storage Facility;Appendices\Land\20112000.svg;Point;Installation : Warehouse/Storage Facility;20112000,icon is FULL_OCTAGON;image file does not exist;
{Symbols_Root}\Appendices\Land\20112100.emf,32,Installation : Law Enforcement,Land Installation : Main Icon,Land Installation;Installation;Law Enforcement;Appendices\Land\20112100.svg;Point;Installation : Law Enforcement;20112100,icon is FULL_OCTAGON;image file does not exist;
{Symbols_Root}\Appendices\Land\20112101.emf,32,Installation : Law Enforcement : Bureau of Alcohol-Tobacco-Firearms and Explosives (ATF) (Department of Justice),Land Installation : Main Icon,Land Installation;Installation;Law Enforcement;Bureau of Alcohol-Tobacco-Firearms and Explosives (ATF) (Department of Justice);Appendices\Land\20112101.svg;Point;Installation : Law Enforcement : Bureau of Alcohol-Tobacco-Firearms and Explosives (ATF) (Department of Justice);20112101,icon is MAIN;image file does not exist;styleItemTags > 255;
{Symbols_Root}\Appendices\Land\20112102.emf,32,Installation : Law Enforcement : Border Patrol,Land Installation : Main Icon,Land Installation;Installation;Law Enforcement;Border Patrol;Appendices\Land\20112102.svg;Point;Installation : Law Enforcement : Border Patrol;20112102,icon is FULL_OCTAGON;image file does not exist;
{Symbols_Root}\Appendices\Land\20112103.emf,32,Installation : Law Enforcement : Customs Service,Land Installation : Main Icon,Land Installation;Installation;Law Enforcement;Customs Service;Appendices\Land\20112103.svg;Point;Installation : Law Enforcement : Customs Service;20112103,icon is FULL_OCTAGON;image file does not exist;
{Symbols_Root}\Appendices\Land\20112104.emf,32,Installation : Law Enforcement : Drug Enforcement Administration (DEA),Land Installation : Main Icon,Land Installation;Installation;Law Enforcement;Drug Enforcement Administration (DEA);Appendices\Land\20112104.svg;Point;Installation : Law Enforcement : Drug Enforcement Administration (DEA);20112104,icon is MAIN;image file does not exist;
{Symbols_Root}\Appendices\Land\20112105.emf,32,Installation : Law Enforcement : Department of Justice (DOJ),Land Installation : Main Icon,Land Installation;Installation;Law Enforcement;Department of Justice (DOJ);Appendices\Land\20112105.svg;Point;Installation : Law Enforcement : Department of Justice (DOJ);20112105,icon is FULL_OCTAGON;image file does not exist;
{Symbols_Root}\Appendices\Land\20112106.emf,32,Installation : Law Enforcement : Federal Bureau of Investigation (FBI),Land Installation : Main Icon,Land Installation;Installation;Law Enforcement;Federal Bureau of Investigation (FBI);Appendices\Land\20112106.svg;Point;Installation : Law Enforcement : Federal Bureau of Investigation (FBI);20112106,icon is MAIN;image file does not exist;
{Symbols_Root}\Appendices\Land\20112107.emf,32,Installation : Law Enforcement : Police,Land Installation : Main Icon,Land Installation;Installation;Law Enforcement;Police;Appendices\Land\20112107.svg;Point;Installation : Law Enforcement : Police;20112107,icon is MAIN;image file does not exist;
{Symbols_Root}\Appendices\Land\20112108.emf,32,Installation : Law Enforcement : Prison,Land Installation : Main Icon,Land Installation;Installation;Law Enforcement;Prison;Appendices\Land\20112108.svg;Point;Installation : Law Enforcement : Prison;20112108,icon is FULL_OCTAGON;image file does not exist;
{Symbols_Root}\Appendices\Land\20112109.emf,32,Installation : Law Enforcement : United States Secret Service (USSS),Land Installation : Main Icon,Land Installation;Installation;Law Enforcement;United States Secret Service (USSS);Appendices\Land\20112109.svg;Point;Installation : Law Enforcement : United States Secret Service (USSS);20112109,icon is MAIN;image file does not exist;
{Symbols_Root}\Appendices\Land\20112110.emf,32,Installation : Law Enforcement : Transportation Security Administration (TSA),Land Installation : Main Icon,Land Installation;Installation;Law Enforcement;Transportation Security Administration (TSA);Appendices\Land\20112110.svg;Point;Installation : Law Enforcement : Transportation Security Administration (TSA);20112110,icon is MAIN;image file does not exist;
{Symbols_Root}\Appendices\Land\20112111.emf,32,Installation : Law Enforcement : Coast Guard,Land Installation : Main Icon,Land Installation;Installation;Law Enforcement;Coast Guard;Appendices\Land\20112111.svg;Point;Installation : Law Enforcement : Coast Guard;20112111,icon is FULL_OCTAGON;image file does not exist;
{Symbols_Root}\Appendices\Land\20112112.emf,32,Installation : Law Enforcement : US Marshals Service,Land Installation : Main Icon,Land Installation;Installation;Law Enforcement;US Marshals Service;Appendices\Land\20112112.svg;Point;Installation : Law Enforcement : US Marshals Service;20112112,icon is FULL_OCTAGON;image file does not exist;
{Symbols_Root}\Appendices\Land\20112200.emf,32,Installation : Emergency Operation,Land Installation : Main Icon,Land Installation;Installation;Emergency Operation;Appendices\Land\20112200.svg;Point;Installation : Emergency Operation;20112200,icon is FULL_OCTAGON;image file does not exist;
{Symbols_Root}\Appendices\Land\20112201.emf,32,Installation : Emergency Operation : Fire Station,Land Installation : Main Icon,Land Installation;Installation;Emergency Operation;Fire Station;Appendices\Land\20112201.svg;Point;Installation : Emergency Operation : Fire Station;20112201,icon is FULL_OCTAGON;image file does not exist;
{Symbols_Root}\Appendices\Land\20112202.emf,32,Installation : Emergency Operation : Emergency Medical Operation,Land Installation : Main Icon,Land Installation;Installation;Emergency Operation;Emergency Medical Operation;Appendices\Land\20112202.svg;Point;Installation : Emergency Operation : Emergency Medical Operation;20112202,icon is FULL_OCTAGON;image file does not exist;
{Symbols_Root}\Appendices\Land\20120100.emf,32,Infrastructure : Agriculture and Food,Land Installation : Main Icon,Land Installation;Infrastructure;Agriculture and Food Infrastructure;Appendices\Land\20120100.svg;Point;Infrastructure : Agriculture and Food;20120100,icon is FULL_OCTAGON;image file does not exist;
{Symbols_Root}\Appendices\Land\20120101.emf,32,Infrastructure : Agriculture and Food : Agriculture Laboratory,Land Installation : Main Icon,Land Installation;Infrastructure;Agriculture and Food Infrastructure;Agriculture Laboratory;Appendices\Land\20120101.svg;Point;Infrastructure : Agriculture and Food : Agriculture Laboratory;20120101,icon is FULL_OCTAGON;image file does not exist;
{Symbols_Root}\Appendices\Land\20120102.emf,32,Infrastructure : Agriculture and Food : Animal Feedlot,Land Installation : Main Icon,Land Installation;Infrastructure;Agriculture and Food Infrastructure;Animal Feedlot;Appendices\Land\20120102.svg;Point;Infrastructure : Agriculture and Food : Animal Feedlot;20120102,icon is FULL_OCTAGON;image file does not exist;
{Symbols_Root}\Appendices\Land\20120103_2.emf,32,Infrastructure : Agriculture and Food : Commercial Food Distribution Center,Land Installation : Main Icon,Land Installation;Infrastructure;Agriculture and Food Infrastructure;Commercial Food Distribution Center;Appendices\Land\20120103_2.svg;Point;Infrastructure : Agriculture and Food : Commercial Food Distribution Center;20120103,icon is FULL_FRAME;image file does not exist;icon touches frame;
{Symbols_Root}\Appendices\Land\20120104.emf,32,Infrastructure : Agriculture and Food : Farm/Ranch,Land Installation : Main Icon,Land Installation;Infrastructure;Agriculture and Food Infrastructure;Farm/Ranch;Appendices\Land\20120104.svg;Point;Infrastructure : Agriculture and Food : Farm/Ranch;20120104,icon is FULL_OCTAGON;image file does not exist;
{Symbols_Root}\Appendices\Land\20120105_2.emf,32,Infrastructure : Agriculture and Food : Food Distribution,Land Installation : Main Icon,Land Installation;Infrastructure;Agriculture and Food Infrastructure;Food Distribution;Appendices\Land\20120105_2.svg;Point;Infrastructure : Agriculture and Food : Food Distribution;20120105,icon is FULL_FRAME;image file does not exist;icon touches frame;
{Symbols_Root}\Appendices\Land\20120106_2.emf,32,Infrastructure : Agriculture and Food : Food Production Center,Land Installation : Main Icon,Land Installation;Infrastructure;Agriculture and Food Infrastructure;Food Production Center;Appendices\Land\20120106_2.svg;Point;Infrastructure : Agriculture and Food : Food Production Center;20120106,icon is FULL_FRAME;image file does not exist;icon touches frame;
{Symbols_Root}\Appendices\Land\20120107_2.emf,32,Infrastructure : Agriculture and Food : Food Retail,Land Installation : Main Icon,Land Installation;Infrastructure;Agriculture and Food Infrastructure;Food Retail;Appendices\Land\20120107_2.svg;Point;Infrastructure : Agriculture and Food : Food Retail;20120107,icon is FULL_FRAME;image file does not exist;icon touches frame;
{Symbols_Root}\Appendices\Land\20120108.emf,32,Infrastructure : Agriculture and Food : Grain Storage,Land Installation : Main Icon,Land Installation;Infrastructure;Agriculture and Food Infrastructure;Grain Storage;Appendices\Land\20120108.svg;Point;Infrastructure : Agriculture and Food : Grain Storage;20120108,icon is FULL_OCTAGON;image file does not exist;
{Symbols_Root}\Appendices\Land\20120200.emf,32,Infrastructure : Banking- Finance- and Insurance,Land Installation : Main Icon,Land Installation;Infrastructure;Banking- Finance- and Insurance Infrastructure;Appendices\Land\20120200.svg;Point;Infrastructure : Banking- Finance- and Insurance;20120200,icon is FULL_OCTAGON;image file does not exist;
{Symbols_Root}\Appendices\Land\20120201.emf,32,Infrastructure : Banking- Finance- and Insurance : ATM,Land Installation : Main Icon,Land Installation;Infrastructure;Banking- Finance- and Insurance Infrastructure;ATM;Appendices\Land\20120201.svg;Point;Infrastructure : Banking- Finance- and Insurance : ATM;20120201,icon is FULL_OCTAGON;image file does not exist;
{Symbols_Root}\Appendices\Land\20120202.emf,32,Infrastructure : Banking- Finance- and Insurance : Bank,Land Installation : Main Icon,Land Installation;Infrastructure;Banking- Finance- and Insurance Infrastructure;Bank;Appendices\Land\20120202.svg;Point;Infrastructure : Banking- Finance- and Insurance : Bank;20120202,icon is FULL_OCTAGON;image file does not exist;
{Symbols_Root}\Appendices\Land\20120203.emf,32,Infrastructure : Banking- Finance- and Insurance : Bullion Storage,Land Installation : Main Icon,Land Installation;Infrastructure;Banking- Finance- and Insurance Infrastructure;Bullion Storage;Appendices\Land\20120203.svg;Point;Infrastructure : Banking- Finance- and Insurance : Bullion Storage;20120203,icon is FULL_OCTAGON;image file does not exist;
{Symbols_Root}\Appendices\Land\20120204.emf,32,Infrastructure : Banking- Finance- and Insurance : Economic Infrastructure Asset,Land Installation : Main Icon,Land Installation;Infrastructure;Banking- Finance- and Insurance Infrastructure;Economic Infrastructure Asset;Appendices\Land\20120204.svg;Point;Infrastructure : Banking- Finance- and Insurance : Economic Infrastructure Asset;20120204,icon is MAIN;image file does not exist;
{Symbols_Root}\Appendices\Land\20120205.emf,32,Infrastructure : Banking- Finance- and Insurance : Federal Reserve Bank,Land Installation : Main Icon,Land Installation;Infrastructure;Banking- Finance- and Insurance Infrastructure;Federal Reserve Bank;Appendices\Land\20120205.svg;Point;Infrastructure : Banking- Finance- and Insurance : Federal Reserve Bank;20120205,icon is FULL_OCTAGON;image file does not exist;
{Symbols_Root}\Appendices\Land\20120206.emf,32,Infrastructure : Banking- Finance- and Insurance : Financial Exchange,Land Installation : Main Icon,Land Installation;Infrastructure;Banking- Finance- and Insurance Infrastructure;Financial Exchange;Appendices\Land\20120206.svg;Point;Infrastructure : Banking- Finance- and Insurance : Financial Exchange;20120206,icon is FULL_OCTAGON;image file does not exist;
{Symbols_Root}\Appendices\Land\20120207.emf,32,Infrastructure : Banking- Finance- and Insurance : Financial Services-Other,Land Installation : Main Icon,Land Installation;Infrastructure;Banking- Finance- and Insurance Infrastructure;Financial Services-Other;Appendices\Land\20120207.svg;Point;Infrastructure : Banking- Finance- and Insurance : Financial Services-Other;20120207,icon is FULL_OCTAGON;image file does not exist;
{Symbols_Root}\Appendices\Land\20120300.emf,32,Infrastructure : Commercial,Land Installation : Main Icon,Land Installation;Infrastructure;Commercial Infrastructure;Appendices\Land\20120300.svg;Point;Infrastructure : Commercial;20120300,icon is FULL_OCTAGON;image file does not exist;
{Symbols_Root}\Appendices\Land\20120301.emf,32,Infrastructure : Commercial : Chemical Plant,Land Installation : Main Icon,Land Installation;Infrastructure;Commercial Infrastructure;Chemical Plant;Appendices\Land\20120301.svg;Point;Infrastructure : Commercial : Chemical Plant;20120301,icon is FULL_OCTAGON;image file does not exist;
{Symbols_Root}\Appendices\Land\20120302.emf,32,Infrastructure : Commercial : Firearms Manufacturer,Land Installation : Main Icon,Land Installation;Infrastructure;Commercial Infrastructure;Firearms Manufacturer;Appendices\Land\20120302.svg;Point;Infrastructure : Commercial : Firearms Manufacturer;20120302,icon is FULL_OCTAGON;image file does not exist;
{Symbols_Root}\Appendices\Land\20120303.emf,32,Infrastructure : Commercial : Firearms Retailer,Land Installation : Main Icon,Land Installation;Infrastructure;Commercial Infrastructure;Firearms Retailer;Appendices\Land\20120303.svg;Point;Infrastructure : Commercial : Firearms Retailer;20120303,icon is FULL_OCTAGON;image file does not exist;
{Symbols_Root}\Appendices\Land\20120304.emf,32,Infrastructure : Commercial : Hazardous Material Production,Land Installation : Main Icon,Land Installation;Infrastructure;Commercial Infrastructure;Hazardous Material Production;Appendices\Land\20120304.svg;Point;Infrastructure : Commercial : Hazardous Material Production;20120304,icon is FULL_OCTAGON;image file does not exist;
{Symbols_Root}\Appendices\Land\20120305.emf,32,Infrastructure : Commercial : Hazardous Material Storage,Land Installation : Main Icon,Land Installation;Infrastructure;Commercial Infrastructure;Hazardous Material Storage;Appendices\Land\20120305.svg;Point;Infrastructure : Commercial : Hazardous Material Storage;20120305,icon is FULL_OCTAGON;image file does not exist;
{Symbols_Root}\Appendices\Land\20120306.emf,32,Infrastructure : Commercial : Industrial Site,Land Installation : Main Icon,Land Installation;Infrastructure;Commercial Infrastructure;Industrial Site;Appendices\Land\20120306.svg;Point;Infrastructure : Commercial : Industrial Site;20120306,icon is FULL_OCTAGON;image file does not exist;
{Symbols_Root}\Appendices\Land\20120307.emf,32,Infrastructure : Commercial : Landfill,Land Installation : Main Icon,Land Installation;Infrastructure;Commercial Infrastructure;Landfill;Appendices\Land\20120307.svg;Point;Infrastructure : Commercial : Landfill;20120307,icon is FULL_OCTAGON;image file does not exist;
{Symbols_Root}\Appendices\Land\20120308.emf,32,Infrastructure : Commercial : Pharmaceutical Manufacturer,Land Installation : Main Icon,Land Installation;Infrastructure;Commercial Infrastructure;Pharmaceutical Manufacturer;Appendices\Land\20120308.svg;Point;Infrastructure : Commercial : Pharmaceutical Manufacturer;20120308,icon is FULL_OCTAGON;image file does not exist;
{Symbols_Root}\Appendices\Land\20120309.emf,32,Infrastructure : Commercial : Contaminated Hazardous Waste Site,Land Installation : Main Icon,Land Installation;Infrastructure;Commercial Infrastructure;Contaminated Hazardous Waste Site;Appendices\Land\20120309.svg;Point;Infrastructure : Commercial : Contaminated Hazardous Waste Site;20120309,icon is FULL_OCTAGON;image file does not exist;
{Symbols_Root}\Appendices\Land\20120310.emf,32,Infrastructure : Commercial : Toxic Release Inventory,Land Installation : Main Icon,Land Installation;Infrastructure;Commercial Infrastructure;Toxic Release Inventory;Appendices\Land\20120310.svg;Point;Infrastructure : Commercial : Toxic Release Inventory;20120310,icon is FULL_OCTAGON;image file does not exist;
{Symbols_Root}\Appendices\Land\20120400.emf,32,Infrastructure : Educational Facilities,Land Installation : Main Icon,Land Installation;Infrastructure;Educational Facilities Infrastructure;Appendices\Land\20120400.svg;Point;Infrastructure : Educational Facilities;20120400,icon is FULL_OCTAGON;image file does not exist;
{Symbols_Root}\Appendices\Land\20120401.emf,32,Infrastructure : Educational Facilities : College/University,Land Installation : Main Icon,Land Installation;Infrastructure;Educational Facilities Infrastructure;College/University;Appendices\Land\20120401.svg;Point;Infrastructure : Educational Facilities : College/University;20120401,icon is FULL_OCTAGON;image file does not exist;
{Symbols_Root}\Appendices\Land\20120402.emf,32,Infrastructure : Educational Facilities : School,Land Installation : Main Icon,Land Installation;Infrastructure;Educational Facilities Infrastructure;School;Appendices\Land\20120402.svg;Point;Infrastructure : Educational Facilities : School;20120402,icon is FULL_OCTAGON;image file does not exist;
{Symbols_Root}\Appendices\Land\20120500.emf,32,Infrastructure : Energy Facility,Land Installation : Main Icon,Land Installation;Infrastructure;Energy Facility Infrastructure;Appendices\Land\20120500.svg;Point;Infrastructure : Energy Facility;20120500,icon is FULL_OCTAGON;image file does not exist;
{Symbols_Root}\Appendices\Land\20120501.emf,32,Infrastructure : Energy Facility : Electric Power,Land Installation : Main Icon,Land Installation;Infrastructure;Energy Facility Infrastructure;Electric Power;Appendices\Land\20120501.svg;Point;Infrastructure : Energy Facility : Electric Power;20120501,icon is MAIN;image file does not exist;
{Symbols_Root}\Appendices\Land\20120502.emf,32,Infrastructure : Energy Facility : Generation Station,Land Installation : Main Icon,Land Installation;Infrastructure;Energy Facility Infrastructure;Generation Station;Appendices\Land\20120502.svg;Point;Infrastructure : Energy Facility : Generation Station;20120502,icon is FULL_OCTAGON;image file does not exist;
{Symbols_Root}\Appendices\Land\20120503.emf,32,Infrastructure : Energy Facility : Natural Gas Facility,Land Installation : Main Icon,Land Installation;Infrastructure;Energy Facility Infrastructure;Natural Gas Facility;Appendices\Land\20120503.svg;Point;Infrastructure : Energy Facility : Natural Gas Facility;20120503,icon is FULL_OCTAGON;image file does not exist;
{Symbols_Root}\Appendices\Land\20120504.emf,32,Infrastructure : Energy Facility : Petroleum Facility,Land Installation : Main Icon,Land Installation;Infrastructure;Energy Facility Infrastructure;Petroleum Facility;Appendices\Land\20120504.svg;Point;Infrastructure : Energy Facility : Petroleum Facility;20120504,icon is FULL_OCTAGON;image file does not exist;
{Symbols_Root}\Appendices\Land\20120505.emf,32,Infrastructure : Energy Facility : Petroleum/Gas/Oil,Land Installation : Main Icon,Land Installation;Infrastructure;Energy Facility Infrastructure;Petroleum/Gas/Oil;Appendices\Land\20120505.svg;Point;Infrastructure : Energy Facility : Petroleum/Gas/Oil;20120505,icon is MAIN;image file does not exist;
{Symbols_Root}\Appendices\Land\20120506.emf,32,Infrastructure : Energy Facility : Propane Facility,Land Installation : Main Icon,Land Installation;Infrastructure;Energy Facility Infrastructure;Propane Facility;Appendices\Land\20120506.svg;Point;Infrastructure : Energy Facility : Propane Facility;20120506,icon is FULL_OCTAGON;image file does not exist;
{Symbols_Root}\Appendices\Land\20120600.emf,32,Infrastructure : Government Site Infrastructure,Land Installation : Main Icon,Land Installation;Infrastructure;Government Site Infrastructure;Appendices\Land\20120600.svg;Point;Infrastructure : Government Site Infrastructure;20120600,icon is FULL_OCTAGON;image file does not exist;
{Symbols_Root}\Appendices\Land\20120701_2.emf,32,Infrastructure : Medical : Medical,Land Installation : Main Icon,Land Installation;Infrastructure;Medical Infrastructure;Medical;Appendices\Land\20120701_2.svg;Point;Infrastructure : Medical : Medical;20120701,icon is FULL_FRAME;image file does not exist;icon touches frame;
{Symbols_Root}\Appendices\Land\20120702_2.emf,32,Infrastructure : Medical : Medical Treatment Facility (Hospital),Land Installation : Main Icon,Land Installation;Infrastructure;Medical Infrastructure;Medical Treatment Facility (Hospital);Appendices\Land\20120702_2.svg;Point;Infrastructure : Medical : Medical Treatment Facility (Hospital);20120702,icon is FULL_FRAME;image file does not exist;icon touches frame;
{Symbols_Root}\Appendices\Land\20120800.emf,32,Infrastructure : Military,Land Installation : Main Icon,Land Installation;Infrastructure;Military Infrastructure;Appendices\Land\20120800.svg;Point;Infrastructure : Military;20120800,icon is FULL_OCTAGON;image file does not exist;
{Symbols_Root}\Appendices\Land\20120801.emf,32,Infrastructure : Military : Military Armory,Land Installation : Main Icon,Land Installation;Infrastructure;Military Infrastructure;Military Armory;Appendices\Land\20120801.svg;Point;Infrastructure : Military : Military Armory;20120801,icon is FULL_OCTAGON;image file does not exist;
{Symbols_Root}\Appendices\Land\20120802.emf,32,Infrastructure : Military : Military Base,Land Installation : Main Icon,Land Installation;Infrastructure;Military Infrastructure;Military Base;Appendices\Land\20120802.svg;Point;Infrastructure : Military : Military Base;20120802,icon is FULL_OCTAGON;image file does not exist;
{Symbols_Root}\Appendices\Land\20120900.emf,32,Infrastructure : Postal Services,Land Installation : Main Icon,Land Installation;Infrastructure;Postal Services Infrastructure;Appendices\Land\20120900.svg;Point;Infrastructure : Postal Services;20120900,icon is FULL_OCTAGON;image file does not exist;
{Symbols_Root}\Appendices\Land\20120901.emf,32,Infrastructure : Postal Services : Postal Distribution Center,Land Installation : Main Icon,Land Installation;Infrastructure;Postal Services Infrastructure;Postal Distribution Center;Appendices\Land\20120901.svg;Point;Infrastructure : Postal Services : Postal Distribution Center;20120901,icon is FULL_OCTAGON;image file does not exist;
{Symbols_Root}\Appendices\Land\20120902.emf,32,Infrastructure : Postal Services : Post Office,Land Installation : Main Icon,Land Installation;Infrastructure;Postal Services Infrastructure;Post Office;Appendices\Land\20120902.svg;Point;Infrastructure : Postal Services : Post Office;20120902,icon is FULL_OCTAGON;image file does not exist;
{Symbols_Root}\Appendices\Land\20121000.emf,32,Infrastructure : Public Venues,Land Installation : Main Icon,Land Installation;Infrastructure;Public Venues Infrastructure;Appendices\Land\20121000.svg;Point;Infrastructure : Public Venues;20121000,icon is FULL_OCTAGON;image file does not exist;
{Symbols_Root}\Appendices\Land\20121001.emf,32,Infrastructure : Public Venues : Enclosed Facility,Land Installation : Main Icon,Land Installation;Infrastructure;Public Venues Infrastructure;Enclosed Facility;Appendices\Land\20121001.svg;Point;Infrastructure : Public Venues : Enclosed Facility;20121001,icon is FULL_OCTAGON;image file does not exist;
{Symbols_Root}\Appendices\Land\20121002.emf,32,Infrastructure : Public Venues : Open Facility,Land Installation : Main Icon,Land Installation;Infrastructure;Public Venues Infrastructure;Open Facility;Appendices\Land\20121002.svg;Point;Infrastructure : Public Venues : Open Facility;20121002,icon is FULL_OCTAGON;image file does not exist;
{Symbols_Root}\Appendices\Land\20121003.emf,32,Infrastructure : Public Venues : Recreational Area,Land Installation : Main Icon,Land Installation;Infrastructure;Public Venues Infrastructure;Recreational Area;Appendices\Land\20121003.svg;Point;Infrastructure : Public Venues : Recreational Area;20121003,icon is FULL_OCTAGON;image file does not exist;
{Symbols_Root}\Appendices\Land\20121004.emf,32,Infrastructure : Public Venues : Religious Institution,Land Installation : Main Icon,Land Installation;Infrastructure;Public Venues Infrastructure;Religious Institution;Appendices\Land\20121004.svg;Point;Infrastructure : Public Venues : Religious Institution;20121004,icon is FULL_OCTAGON;image file does not exist;
{Symbols_Root}\Appendices\Land\20121100.emf,32,Infrastructure : Special Needs,Land Installation : Main Icon,Land Installation;Infrastructure;Special Needs Infrastructure;Appendices\Land\20121100.svg;Point;Infrastructure : Special Needs;20121100,icon is FULL_OCTAGON;image file does not exist;
{Symbols_Root}\Appendices\Land\20121101.emf,32,Infrastructure : Special Needs : Adult Day Care,Land Installation : Main Icon,Land Installation;Infrastructure;Special Needs Infrastructure;Adult Day Care;Appendices\Land\20121101.svg;Point;Infrastructure : Special Needs : Adult Day Care;20121101,icon is FULL_OCTAGON;image file does not exist;
{Symbols_Root}\Appendices\Land\20121102.emf,32,Infrastructure : Special Needs : Child Day Care,Land Installation : Main Icon,Land Installation;Infrastructure;Special Needs Infrastructure;Child Day Care;Appendices\Land\20121102.svg;Point;Infrastructure : Special Needs : Child Day Care;20121102,icon is FULL_OCTAGON;image file does not exist;
{Symbols_Root}\Appendices\Land\20121103.emf,32,Infrastructure : Special Needs : Elder Care,Land Installation : Main Icon,Land Installation;Infrastructure;Special Needs Infrastructure;Elder Care;Appendices\Land\20121103.svg;Point;Infrastructure : Special Needs : Elder Care;20121103,icon is FULL_OCTAGON;image file does not exist;
{Symbols_Root}\Appendices\Land\20121200.emf,32,Infrastructure : Telecommunications,Land Installation : Main Icon,Land Installation;Infrastructure;Telecommunications Infrastructure;Appendices\Land\20121200.svg;Point;Infrastructure : Telecommunications;20121200,icon is FULL_OCTAGON;image file does not exist;
{Symbols_Root}\Appendices\Land\20121201.emf,32,Infrastructure : Telecommunications : Broadcast Transmitter Antennae,Land Installation : Main Icon,Land Installation;Infrastructure;Telecommunications Infrastructure;Broadcast Transmitter Antennae;Appendices\Land\20121201.svg;Point;Infrastructure : Telecommunications : Broadcast Transmitter Antennae;20121201,icon is FULL_OCTAGON;image file does not exist;
{Symbols_Root}\Appendices\Land\20121202.emf,32,Infrastructure : Telecommunications : Telecommunications,Land Installation : Main Icon,Land Installation;Infrastructure;Telecommunications Infrastructure;Telecommunications;Appendices\Land\20121202.svg;Point;Infrastructure : Telecommunications : Telecommunications;20121202,icon is MAIN;image file does not exist;
{Symbols_Root}\Appendices\Land\20121203.emf,32,Infrastructure : Telecommunications : Telecommunications Tower,Land Installation : Main Icon,Land Installation;Infrastructure;Telecommunications Infrastructure;Telecommunications Tower;Appendices\Land\20121203.svg;Point;Infrastructure : Telecommunications : Telecommunications Tower;20121203,icon is FULL_OCTAGON;image file does not exist;
{Symbols_Root}\Appendices\Land\20121300.emf,32,Infrastructure : Transportation,Land Installation : Main Icon,Land Installation;Infrastructure;Transportation Infrastructure;Appendices\Land\20121300.svg;Point;Infrastructure : Transportation;20121300,icon is FULL_OCTAGON;image file does not exist;
{Symbols_Root}\Appendices\Land\20121301.emf,32,Infrastructure : Transportation : Airport/Air Base,Land Installation : Main Icon,Land Installation;Infrastructure;Transportation Infrastructure;Airport/Air Base;Appendices\Land\20121301.svg;Point;Infrastructure : Transportation : Airport/Air Base;20121301,icon is MAIN_1;image file does not exist;
{Symbols_Root}\Appendices\Land\20121302.emf,32,Infrastructure : Transportation : Air Traffic Control Facility,Land Installation : Main Icon,Land Installation;Infrastructure;Transportation Infrastructure;Air Traffic Control Facility;Appendices\Land\20121302.svg;Point;Infrastructure : Transportation : Air Traffic Control Facility;20121302,icon is FULL_OCTAGON;image file does not exist;
{Symbols_Root}\Appendices\Land\20121303.emf,32,Infrastructure : Transportation : Bus Station,Land Installation : Main Icon,Land Installation;Infrastructure;Transportation Infrastructure;Bus Station;Appendices\Land\20121303.svg;Point;Infrastructure : Transportation : Bus Station;20121303,icon is FULL_OCTAGON;image file does not exist;
{Symbols_Root}\Appendices\Land\20121304.emf,32,Infrastructure : Transportation : Ferry Terminal,Land Installation : Main Icon,Land Installation;Infrastructure;Transportation Infrastructure;Ferry Terminal;Appendices\Land\20121304.svg;Point;Infrastructure : Transportation : Ferry Terminal;20121304,icon is FULL_OCTAGON;image file does not exist;
{Symbols_Root}\Appendices\Land\20121305.emf,32,Infrastructure : Transportation : Helicopter Landing Site,Land Installation : Main Icon,Land Installation;Infrastructure;Transportation Infrastructure;Helicopter Landing Site;Appendices\Land\20121305.svg;Point;Infrastructure : Transportation : Helicopter Landing Site;20121305,icon is FULL_OCTAGON;image file does not exist;
{Symbols_Root}\Appendices\Land\20121306.emf,32,Infrastructure : Transportation : Maintenance Facility,Land Installation : Main Icon,Land Installation;Infrastructure;Transportation Infrastructure;Maintenance Facility;Appendices\Land\20121306.svg;Point;Infrastructure : Transportation : Maintenance Facility;20121306,icon is FULL_OCTAGON;image file does not exist;
{Symbols_Root}\Appendices\Land\20121307.emf,32,Infrastructure : Transportation : Railhead/Railroad Station,Land Installation : Main Icon,Land Installation;Infrastructure;Transportation Infrastructure;Railhead/Railroad Station;Appendices\Land\20121307.svg;Point;Infrastructure : Transportation : Railhead/Railroad Station;20121307,icon is MAIN_1;image file does not exist;
{Symbols_Root}\Appendices\Land\20121308.emf,32,Infrastructure : Transportation : Rest Stop,Land Installation : Main Icon,Land Installation;Infrastructure;Transportation Infrastructure;Rest Stop;Appendices\Land\20121308.svg;Point;Infrastructure : Transportation : Rest Stop;20121308,icon is FULL_OCTAGON;image file does not exist;
{Symbols_Root}\Appendices\Land\20121309.emf,32,Infrastructure : Transportation : Sea Port/Naval Base,Land Installation : Main Icon,Land Installation;Infrastructure;Transportation Infrastructure;Sea Port/Naval Base;Appendices\Land\20121309.svg;Point;Infrastructure : Transportation : Sea Port/Naval Base;20121309,icon is MAIN_1;image file does not exist;
{Symbols_Root}\Appendices\Land\20121310.emf,32,Infrastructure : Transportation : Ship Yard,Land Installation : Main Icon,Land Installation;Infrastructure;Transportation Infrastructure;Ship Yard;Appendices\Land\20121310.svg;Point;Infrastructure : Transportation : Ship Yard;20121310,icon is MAIN_1;image file does not exist;
{Symbols_Root}\Appendices\Land\20121311.emf,32,Infrastructure : Transportation : Toll Facility,Land Installation : Main Icon,Land Installation;Infrastructure;Transportation Infrastructure;Toll Facility;Appendices\Land\20121311.svg;Point;Infrastructure : Transportation : Toll Facility;20121311,icon is FULL_OCTAGON;image file does not exist;
{Symbols_Root}\Appendices\Land\20121312.emf,32,Infrastructure : Transportation : Traffic Inspection Facility,Land Installation : Main Icon,Land Installation;Infrastructure;Transportation Infrastructure;Traffic Inspection Facility;Appendices\Land\20121312.svg;Point;Infrastructure : Transportation : Traffic Inspection Facility;20121312,icon is FULL_OCTAGON;image file does not exist;
{Symbols_Root}\Appendices\Land\20121313.emf,32,Infrastructure : Transportation : Tunnel,Land Installation : Main Icon,Land Installation;Infrastructure;Transportation Infrastructure;Tunnel;Appendices\Land\20121313.svg;Point;Infrastructure : Transportation : Tunnel;20121313,icon is FULL_OCTAGON;image file does not exist;
{Symbols_Root}\Appendices\Land\20121400.emf,32,Infrastructure : Water Supply,Land Installation : Main Icon,Land Installation;Infrastructure;Water Supply Infrastructure;Appendices\Land\20121400.svg;Point;Infrastructure : Water Supply;20121400,icon is FULL_OCTAGON;image file does not exist;
{Symbols_Root}\Appendices\Land\20121401.emf,32,Infrastructure : Water Supply : Control Valve,Land Installation : Main Icon,Land Installation;Infrastructure;Water Supply Infrastructure;Control Valve;Appendices\Land\20121401.svg;Point;Infrastructure : Water Supply : Control Valve;20121401,icon is FULL_OCTAGON;image file does not exist;
{Symbols_Root}\Appendices\Land\20121402.emf,32,Infrastructure : Water Supply : Dam,Land Installation : Main Icon,Land Installation;Infrastructure;Water Supply Infrastructure;Dam;Appendices\Land\20121402.svg;Point;Infrastructure : Water Supply : Dam;20121402,icon is FULL_OCTAGON;image file does not exist;
{Symbols_Root}\Appendices\Land\20121403.emf,32,Infrastructure : Water Supply : Discharge Outfall,Land Installation : Main Icon,Land Installation;Infrastructure;Water Supply Infrastructure;Discharge Outfall;Appendices\Land\20121403.svg;Point;Infrastructure : Water Supply : Discharge Outfall;20121403,icon is FULL_OCTAGON;image file does not exist;
{Symbols_Root}\Appendices\Land\20121404.emf,32,Infrastructure : Water Supply : Ground Water Well,Land Installation : Main Icon,Land Installation;Infrastructure;Water Supply Infrastructure;Ground Water Well;Appendices\Land\20121404.svg;Point;Infrastructure : Water Supply : Ground Water Well;20121404,icon is FULL_OCTAGON;image file does not exist;
{Symbols_Root}\Appendices\Land\20121405.emf,32,Infrastructure : Water Supply : Pumping Station,Land Installation : Main Icon,Land Installation;Infrastructure;Water Supply Infrastructure;Pumping Station;Appendices\Land\20121405.svg;Point;Infrastructure : Water Supply : Pumping Station;20121405,icon is FULL_OCTAGON;image file does not exist;
{Symbols_Root}\Appendices\Land\20121406.emf,32,Infrastructure : Water Supply : Reservoir,Land Installation : Main Icon,Land Installation;Infrastructure;Water Supply Infrastructure;Reservoir;Appendices\Land\20121406.svg;Point;Infrastructure : Water Supply : Reservoir;20121406,icon is FULL_OCTAGON;image file does not exist;
{Symbols_Root}\Appendices\Land\20121407.emf,32,Infrastructure : Water Supply : Storage Tower,Land Installation : Main Icon,Land Installation;Infrastructure;Water Supply Infrastructure;Storage Tower;Appendices\Land\20121407.svg;Point;Infrastructure : Water Supply : Storage Tower;20121407,icon is FULL_OCTAGON;image file does not exist;
{Symbols_Root}\Appendices\Land\20121408.emf,32,Infrastructure : Water Supply : Surface Water Intake,Land Installation : Main Icon,Land Installation;Infrastructure;Water Supply Infrastructure;Surface Water Intake;Appendices\Land\20121408.svg;Point;Infrastructure : Water Supply : Surface Water Intake;20121408,icon is FULL_OCTAGON;image file does not exist;
{Symbols_Root}\Appendices\Land\20121409.emf,32,Infrastructure : Water Supply : Wastewater Treatment Facility,Land Installation : Main Icon,Land Installation;Infrastructure;Water Supply Infrastructure;Wastewater Treatment Facility;Appendices\Land\20121409.svg;Point;Infrastructure : Water Supply : Wastewater Treatment Facility;20121409,icon is FULL_OCTAGON;image file does not exist;
{Symbols_Root}\Appendices\Land\20121410.emf,32,Infrastructure : Water Supply : Water,Land Installation : Main Icon,Land Installation;Infrastructure;Water Supply Infrastructure;Water;Appendices\Land\20121410.svg;Point;Infrastructure : Water Supply : Water;20121410,icon is MAIN;image file does not exist;
{Symbols_Root}\Appendices\Land\20121411.emf,32,Infrastructure : Water Supply : Water Treatment,Land Installation : Main Icon,Land Installation;Infrastructure;Water Supply Infrastructure;Water Treatment;Appendices\Land\20121411.svg;Point;Infrastructure : Water Supply : Water Treatment;20121411,icon is MAIN;image file does not exist;
{Symbols_Root}\Appendices\Land\mod1\20011.emf,32,CBRN Type : Biological,Land Installation : Modifier 1,Land Installation;Modifier 1;Biological;Appendices\Land\mod1\20011.svg;Point;CBRN Type : Biological;20011,image file does not exist;
{Symbols_Root}\Appendices\Land\mod1\20021.emf,32,CBRN Type : Chemical,Land Installation : Modifier 1,Land Installation;Modifier 1;Chemical;Appendices\Land\mod1\20021.svg;Point;CBRN Type : Chemical;20021,image file does not exist;
{Symbols_Root}\Appendices\Land\mod1\20031.emf,32,CBRN Type : Nuclear,Land Installation : Modifier 1,Land Installation;Modifier 1;Nuclear;Appendices\Land\mod1\20031.svg;Point;CBRN Type : Nuclear;20031,image file does not exist;
{Symbols_Root}\Appendices\Land\mod1\20041.emf,32,CBRN Type : Radiological,Land Installation : Modifier 1,Land Installation;Modifier 1;Radiological;Appendices\Land\mod1\20041.svg;Point;CBRN Type : Radiological;20041,image file does not exist;
{Symbols_Root}\Appendices\Land\mod1\20051.emf,32,CBRN Type : Decontamination,Land Installation : Modifier 1,Land Installation;Modifier 1;Decontamination;Appendices\Land\mod1\20051.svg;Point;CBRN Type : Decontamination;20051,image file does not exist;
{Symbols_Root}\Appendices\Land\mod1\20061.emf,32,Electric Power Type : Coal,Land Installation : Modifier 1,Land Installation;Modifier 1;Coal;Appendices\Land\mod1\20061.svg;Point;Electric Power Type : Coal;20061,image file does not exist;
{Symbols_Root}\Appendices\Land\mod1\20071.emf,32,Electric Power Type : Geothermal,Land Installation : Modifier 1,Land Installation;Modifier 1;Geothermal;Appendices\Land\mod1\20071.svg;Point;Electric Power Type : Geothermal;20071,image file does not exist;
{Symbols_Root}\Appendices\Land\mod1\20081.emf,32,Electric Power Type : Hydroelectric,Land Installation : Modifier 1,Land Installation;Modifier 1;Hydroelectric;Appendices\Land\mod1\20081.svg;Point;Electric Power Type : Hydroelectric;20081,image file does not exist;
{Symbols_Root}\Appendices\Land\mod1\20091.emf,32,Electric Power Type : Natural Gas,Land Installation : Modifier 1,Land Installation;Modifier 1;Natural Gas;Appendices\Land\mod1\20091.svg;Point;Electric Power Type : Natural Gas;20091,image file does not exist;
{Symbols_Root}\Appendices\Land\mod1\20101.emf,32,Electric Power Type : Petroleum,Land Installation : Modifier 1,Land Installation;Modifier 1;Petroleum;Appendices\Land\mod1\20101.svg;Point;Electric Power Type : Petroleum;20101,image file does not exist;
{Symbols_Root}\Appendices\Land\mod1\20111.emf,32,Operation : Civilian (Land Installation),Land Installation : Modifier 1,Land Installation;Modifier 1;Civilian;Appendices\Land\mod1\20111.svg;Point;Operation : Civilian (Land Installation);20111,image file does not exist;
{Symbols_Root}\Appendices\Land\mod1\20121.emf,32,Civilian Telecommunications Type : Civilian Telephone,Land Installation : Modifier 1,Land Installation;Modifier 1;Civilian Telephone;Appendices\Land\mod1\20121.svg;Point;Civilian Telecommunications Type : Civilian Telephone;20121,image file does not exist;
{Symbols_Root}\Appendices\Land\mod1\20131.emf,32,Civilian Telecommunications Type : Civilian Television,Land Installation : Modifier 1,Land Installation;Modifier 1;Civilian Television;Appendices\Land\mod1\20131.svg;Point;Civilian Telecommunications Type : Civilian Television;20131,image file does not exist;
{Symbols_Root}\Appendices\Land\mod2\20012.emf,32,No Category Listed : Biological,Land Installation : Modifier 2,Land Installation;Modifier 2;Biological;Appendices\Land\mod2\20012.svg;Point;No Category Listed : Biological;20012,image file does not exist;
{Symbols_Root}\Appendices\Land\mod2\20022.emf,32,No Category Listed : Chemical,Land Installation : Modifier 2,Land Installation;Modifier 2;Chemical;Appendices\Land\mod2\20022.svg;Point;No Category Listed : Chemical;20022,image file does not exist;
{Symbols_Root}\Appendices\Land\mod2\20032.emf,32,No Category Listed : Nuclear,Land Installation : Modifier 2,Land Installation;Modifier 2;Nuclear;Appendices\Land\mod2\20032.svg;Point;No Category Listed : Nuclear;20032,image file does not exist;
{Symbols_Root}\Appendices\Land\mod2\20042.emf,32,No Category Listed : Radiological,Land Installation : Modifier 2,Land Installation;Modifier 2;Radiological;Appendices\Land\mod2\20042.svg;Point;No Category Listed : Radiological;20042,image file does not exist;
{Symbols_Root}\Appendices\Land\mod2\20052.emf,32,No Category Listed : Atomic Energy Reactor,Land Installation : Modifier 2,Land Installation;Modifier 2;Atomic Energy Reactor;Appendices\Land\mod2\20052.svg;Point;No Category Listed : Atomic Energy Reactor;20052,image file does not exist;
{Symbols_Root}\Appendices\Land\mod2\20062.emf,32,No Category Listed : Nuclear Material Production,Land Installation : Modifier 2,Land Installation;Modifier 2;Nuclear Material Production;Appendices\Land\mod2\20062.svg;Point;No Category Listed : Nuclear Material Production;20062,image file does not exist;
{Symbols_Root}\Appendices\Land\mod2\20072.emf,32,No Category Listed : Nuclear Material Storage,Land Installation : Modifier 2,Land Installation;Modifier 2;Nuclear Material Storage;Appendices\Land\mod2\20072.svg;Point;No Category Listed : Nuclear Material Storage;20072,image file does not exist;
{Symbols_Root}\Appendices\Land\mod2\20082.emf,32,No Category Listed : Weapons Grade,Land Installation : Modifier 2,Land Installation;Modifier 2;Weapons Grade;Appendices\Land\mod2\20082.svg;Point;No Category Listed : Weapons Grade;20082,image file does not exist;
