filePath,pointSize,styleItemName,styleItemCategory,styleItemTags,notes
{Symbols_Root}\Appendices\METOC\Atmospheric\45110301.emf,32,Pressure Systems : Frontal Systems : Cold Front,Meteorological - Atmospheric : Main Icon,Meteorological - Atmospheric;Pressure Systems;Frontal Systems;Cold Front;Appendices\METOC\Atmospheric\45110301.svg;Line;Pressure Systems : Frontal Systems : Cold Front;45110301,icon is MAIN;image file does not exist;
{Symbols_Root}\Appendices\METOC\Atmospheric\45110302.emf,32,Pressure Systems : Frontal Systems : Upper Cold Front,Meteorological - Atmospheric : Main Icon,Meteorological - Atmospheric;Pressure Systems;Frontal Systems;Upper Cold Front;Appendices\METOC\Atmospheric\45110302.svg;Line;Pressure Systems : Frontal Systems : Upper Cold Front;45110302,icon is MAIN;image file does not exist;
{Symbols_Root}\Appendices\METOC\Atmospheric\45110203.emf,32,Pressure Systems : Frontal Systems : Cold Frontogenesis,Meteorological - Atmospheric : Main Icon,Meteorological - Atmospheric;Pressure Systems;Frontal Systems;Cold Frontogenesis;Appendices\METOC\Atmospheric\45110203.svg;Line;Pressure Systems : Frontal Systems : Cold Frontogenesis;45110303,icon is MAIN;image file does not exist;
{Symbols_Root}\Appendices\METOC\Atmospheric\45110104.emf,32,Pressure Systems : Frontal Systems : Cold Frontolysis,Meteorological - Atmospheric : Main Icon,Meteorological - Atmospheric;Pressure Systems;Frontal Systems;Cold Frontolysis;Appendices\METOC\Atmospheric\45110104.svg;Line;Pressure Systems : Frontal Systems : Cold Frontolysis;45110304,icon is MAIN;image file does not exist;
{Symbols_Root}\Appendices\METOC\Atmospheric\45110305.emf,32,Pressure Systems : Frontal Systems : Warm Front,Meteorological - Atmospheric : Main Icon,Meteorological - Atmospheric;Pressure Systems;Frontal Systems;Warm Front;Appendices\METOC\Atmospheric\45110305.svg;Line;Pressure Systems : Frontal Systems : Warm Front;45110305,icon is MAIN;image file does not exist;
{Symbols_Root}\Appendices\METOC\Atmospheric\45110306.emf,32,Pressure Systems : Frontal Systems : Upper Warm Front,Meteorological - Atmospheric : Main Icon,Meteorological - Atmospheric;Pressure Systems;Frontal Systems;Upper Warm Front;Appendices\METOC\Atmospheric\45110306.svg;Line;Pressure Systems : Frontal Systems : Upper Warm Front;45110306,icon is MAIN;image file does not exist;
{Symbols_Root}\Appendices\METOC\Atmospheric\45110307.emf,32,Pressure Systems : Frontal Systems : Warm Frontogenesis,Meteorological - Atmospheric : Main Icon,Meteorological - Atmospheric;Pressure Systems;Frontal Systems;Warm Frontogenesis;Appendices\METOC\Atmospheric\45110307.svg;Line;Pressure Systems : Frontal Systems : Warm Frontogenesis;45110307,icon is MAIN;image file does not exist;
{Symbols_Root}\Appendices\METOC\Atmospheric\45110308.emf,32,Pressure Systems : Frontal Systems : Warm Frontolysis,Meteorological - Atmospheric : Main Icon,Meteorological - Atmospheric;Pressure Systems;Frontal Systems;Warm Frontolysis;Appendices\METOC\Atmospheric\45110308.svg;Line;Pressure Systems : Frontal Systems : Warm Frontolysis;45110308,icon is MAIN;image file does not exist;
{Symbols_Root}\Appendices\METOC\Atmospheric\45110309.emf,32,Pressure Systems : Frontal Systems : Occluded Front,Meteorological - Atmospheric : Main Icon,Meteorological - Atmospheric;Pressure Systems;Frontal Systems;Occluded Front;Appendices\METOC\Atmospheric\45110309.svg;Line;Pressure Systems : Frontal Systems : Occluded Front;45110309,icon is MAIN;image file does not exist;
{Symbols_Root}\Appendices\METOC\Atmospheric\45110310.emf,32,Pressure Systems : Frontal Systems : Upper Occluded Front,Meteorological - Atmospheric : Main Icon,Meteorological - Atmospheric;Pressure Systems;Frontal Systems;Upper Occluded Front;Appendices\METOC\Atmospheric\45110310.svg;Line;Pressure Systems : Frontal Systems : Upper Occluded Front;45110310,icon is MAIN;image file does not exist;
{Symbols_Root}\Appendices\METOC\Atmospheric\45110311.emf,32,Pressure Systems : Frontal Systems : Occluded Frontolysis,Meteorological - Atmospheric : Main Icon,Meteorological - Atmospheric;Pressure Systems;Frontal Systems;Occluded Frontolysis;Appendices\METOC\Atmospheric\45110311.svg;Line;Pressure Systems : Frontal Systems : Occluded Frontolysis;45110311,icon is MAIN;image file does not exist;
{Symbols_Root}\Appendices\METOC\Atmospheric\45110312.emf,32,Pressure Systems : Frontal Systems : Stationary Front,Meteorological - Atmospheric : Main Icon,Meteorological - Atmospheric;Pressure Systems;Frontal Systems;Stationary Front;Appendices\METOC\Atmospheric\45110312.svg;Line;Pressure Systems : Frontal Systems : Stationary Front;45110312,icon is MAIN;image file does not exist;
{Symbols_Root}\Appendices\METOC\Atmospheric\45110313.emf,32,Pressure Systems : Frontal Systems : Upper Stationary Front,Meteorological - Atmospheric : Main Icon,Meteorological - Atmospheric;Pressure Systems;Frontal Systems;Upper Stationary Front;Appendices\METOC\Atmospheric\45110313.svg;Line;Pressure Systems : Frontal Systems : Upper Stationary Front;45110313,icon is MAIN;image file does not exist;
{Symbols_Root}\Appendices\METOC\Atmospheric\45110314.emf,32,Pressure Systems : Frontal Systems : Stationary Frontogenesis,Meteorological - Atmospheric : Main Icon,Meteorological - Atmospheric;Pressure Systems;Frontal Systems;Stationary Frontogenesis;Appendices\METOC\Atmospheric\45110314.svg;Line;Pressure Systems : Frontal Systems : Stationary Frontogenesis;45110314,icon is MAIN;image file does not exist;
{Symbols_Root}\Appendices\METOC\Atmospheric\45110315.emf,32,Pressure Systems : Frontal Systems : Stationary Frontolysis,Meteorological - Atmospheric : Main Icon,Meteorological - Atmospheric;Pressure Systems;Frontal Systems;Stationary Frontolysis;Appendices\METOC\Atmospheric\45110315.svg;Line;Pressure Systems : Frontal Systems : Stationary Frontolysis;45110315,icon is MAIN;image file does not exist;
{Symbols_Root}\Appendices\METOC\Atmospheric\45110401.emf,32,Pressure Systems : Lines : Trough Axis,Meteorological - Atmospheric : Main Icon,Meteorological - Atmospheric;Pressure Systems;Lines;Trough Axis;Appendices\METOC\Atmospheric\45110401.svg;Line;Pressure Systems : Lines : Trough Axis;45110401,icon is MAIN;image file does not exist;
{Symbols_Root}\Appendices\METOC\Atmospheric\45110402.emf,32,Pressure Systems : Lines : Upper Trough Axis,Meteorological - Atmospheric : Main Icon,Meteorological - Atmospheric;Pressure Systems;Lines;Upper Trough Axis;Appendices\METOC\Atmospheric\45110402.svg;Line;Pressure Systems : Lines : Upper Trough Axis;45110402,icon is MAIN;image file does not exist;
{Symbols_Root}\Appendices\METOC\Atmospheric\45110403.emf,32,Pressure Systems : Lines : Ridge Axis,Meteorological - Atmospheric : Main Icon,Meteorological - Atmospheric;Pressure Systems;Lines;Ridge Axis;Appendices\METOC\Atmospheric\45110403.svg;Line;Pressure Systems : Lines : Ridge Axis;45110403,icon is MAIN;image file does not exist;
{Symbols_Root}\Appendices\METOC\Atmospheric\45110404.emf,32,Pressure Systems : Lines : Severe Squall Line,Meteorological - Atmospheric : Main Icon,Meteorological - Atmospheric;Pressure Systems;Lines;Severe Squall Line;Appendices\METOC\Atmospheric\45110404.svg;Line;Pressure Systems : Lines : Severe Squall Line;45110404,icon is MAIN;image file does not exist;
{Symbols_Root}\Appendices\METOC\Atmospheric\45110405.emf,32,Pressure Systems : Lines : Instability Line,Meteorological - Atmospheric : Main Icon,Meteorological - Atmospheric;Pressure Systems;Lines;Instability Line;Appendices\METOC\Atmospheric\45110405.svg;Line;Pressure Systems : Lines : Instability Line;45110405,icon is MAIN;image file does not exist;
{Symbols_Root}\Appendices\METOC\Atmospheric\45110406.emf,32,Pressure Systems : Lines : Shear Line,Meteorological - Atmospheric : Main Icon,Meteorological - Atmospheric;Pressure Systems;Lines;Shear Line;Appendices\METOC\Atmospheric\45110406.svg;Line;Pressure Systems : Lines : Shear Line;45110406,icon is MAIN;image file does not exist;
{Symbols_Root}\Appendices\METOC\Atmospheric\45110407.emf,32,Pressure Systems : Lines : Inter-Tropical Convergence Zone,Meteorological - Atmospheric : Main Icon,Meteorological - Atmospheric;Pressure Systems;Lines;Inter-Tropical Convergence Zone;Appendices\METOC\Atmospheric\45110407.svg;Line;Pressure Systems : Lines : Inter-Tropical Convergence Zone;45110407,icon is MAIN;image file does not exist;
{Symbols_Root}\Appendices\METOC\Atmospheric\45110408.emf,32,Pressure Systems : Lines : Convergence Line,Meteorological - Atmospheric : Main Icon,Meteorological - Atmospheric;Pressure Systems;Lines;Convergence Line;Appendices\METOC\Atmospheric\45110408.svg;Line;Pressure Systems : Lines : Convergence Line;45110408,icon is MAIN;image file does not exist;
{Symbols_Root}\Appendices\METOC\Atmospheric\45110409.emf,32,Pressure Systems : Lines : Inter-Tropical Discontinuity,Meteorological - Atmospheric : Main Icon,Meteorological - Atmospheric;Pressure Systems;Lines;Inter-Tropical Discontinuity;Appendices\METOC\Atmospheric\45110409.svg;Line;Pressure Systems : Lines : Inter-Tropical Discontinuity;45110409,icon is MAIN;image file does not exist;
{Symbols_Root}\Appendices\METOC\Atmospheric\45140300.emf,32,Winds : Jet Stream,Meteorological - Atmospheric : Main Icon,Meteorological - Atmospheric;Winds;Jet Stream;Appendices\METOC\Atmospheric\45140300.svg;Line;Winds : Jet Stream;45140300,icon is MAIN;image file does not exist;
{Symbols_Root}\Appendices\METOC\Atmospheric\45140400.emf,32,Winds : Stream Line,Meteorological - Atmospheric : Main Icon,Meteorological - Atmospheric;Winds;Stream Line;Appendices\METOC\Atmospheric\45140400.svg;Line;Winds : Stream Line;45140400,icon is MAIN;image file does not exist;
{Symbols_Root}\Appendices\METOC\Atmospheric\45180100.emf,32,Isopleths : Isobar - Surface,Meteorological - Atmospheric : Main Icon,Meteorological - Atmospheric;Isopleths;Isobar - Surface;Appendices\METOC\Atmospheric\45180100.svg;Line;Isopleths : Isobar - Surface;45180100,icon is MAIN;image file does not exist;
{Symbols_Root}\Appendices\METOC\Atmospheric\45180200.emf,32,Isopleths : Contour - Upper Air,Meteorological - Atmospheric : Main Icon,Meteorological - Atmospheric;Isopleths;Contour - Upper Air;Appendices\METOC\Atmospheric\45180200.svg;Line;Isopleths : Contour - Upper Air;45180200,icon is MAIN;image file does not exist;
{Symbols_Root}\Appendices\METOC\Atmospheric\45180300.emf,32,Isopleths : Isotherm,Meteorological - Atmospheric : Main Icon,Meteorological - Atmospheric;Isopleths;Isotherm;Appendices\METOC\Atmospheric\45180300.svg;Line;Isopleths : Isotherm;45180300,icon is MAIN;image file does not exist;
{Symbols_Root}\Appendices\METOC\Atmospheric\45180400.emf,32,Isopleths : Isotach,Meteorological - Atmospheric : Main Icon,Meteorological - Atmospheric;Isopleths;Isotach;Appendices\METOC\Atmospheric\45180400.svg;Line;Isopleths : Isotach;45180400,icon is MAIN;image file does not exist;
{Symbols_Root}\Appendices\METOC\Atmospheric\45180500.emf,32,Isopleths : Isodrosotherm,Meteorological - Atmospheric : Main Icon,Meteorological - Atmospheric;Isopleths;Isodrosotherm;Appendices\METOC\Atmospheric\45180500.svg;Line;Isopleths : Isodrosotherm;45180500,icon is MAIN;image file does not exist;
{Symbols_Root}\Appendices\METOC\Atmospheric\45180600.emf,32,Isopleths : Thickness,Meteorological - Atmospheric : Main Icon,Meteorological - Atmospheric;Isopleths;Thickness;Appendices\METOC\Atmospheric\45180600.svg;Line;Isopleths : Thickness;45180600,icon is MAIN;image file does not exist;
{Symbols_Root}\Appendices\METOC\Atmospheric\45180700.emf,32,Isopleths : Operator-Defined Freeform,Meteorological - Atmospheric : Main Icon,Meteorological - Atmospheric;Isopleths;Operator-Defined Freeform;Appendices\METOC\Atmospheric\45180700.svg;Line;Isopleths : Operator-Defined Freeform;45180700,icon is MAIN;image file does not exist;
{Symbols_Root}\Appendices\METOC\Oceanograhic\46110501.emf,32,Ice Systems : Limits : Limits of Visual Observation,Meteorological - Oceanographic : Main Icon,Meteorological - Oceanographic;Ice Systems;Limits;Limits of Visual Observation;Appendices\METOC\Oceanograhic\46110501.svg;Line;Ice Systems : Limits : Limits of Visual Observation;46110501,icon is MAIN;image file does not exist;
{Symbols_Root}\Appendices\METOC\Oceanograhic\46110502.emf,32,Ice Systems : Limits : Limits of Under Cast,Meteorological - Oceanographic : Main Icon,Meteorological - Oceanographic;Ice Systems;Limits;Limits of Under Cast;Appendices\METOC\Oceanograhic\46110502.svg;Line;Ice Systems : Limits : Limits of Under Cast;46110502,icon is MAIN;image file does not exist;
{Symbols_Root}\Appendices\METOC\Oceanograhic\46110503.emf,32,Ice Systems : Limits : Limits of Radar Observation,Meteorological - Oceanographic : Main Icon,Meteorological - Oceanographic;Ice Systems;Limits;Limits of Radar Observation;Appendices\METOC\Oceanograhic\46110503.svg;Line;Ice Systems : Limits : Limits of Radar Observation;46110503,icon is MAIN;image file does not exist;
{Symbols_Root}\Appendices\METOC\Oceanograhic\46110504.emf,32,Ice Systems : Limits : Observed Ice Edge or Boundary,Meteorological - Oceanographic : Main Icon,Meteorological - Oceanographic;Ice Systems;Limits;Observed Ice Edge or Boundary;Appendices\METOC\Oceanograhic\46110504.svg;Line;Ice Systems : Limits : Observed Ice Edge or Boundary;46110504,icon is MAIN;image file does not exist;
{Symbols_Root}\Appendices\METOC\Oceanograhic\46110505.emf,32,Ice Systems : Limits : Estimated Ice Edge or Boundary,Meteorological - Oceanographic : Main Icon,Meteorological - Oceanographic;Ice Systems;Limits;Estimated Ice Edge or Boundary;Appendices\METOC\Oceanograhic\46110505.svg;Line;Ice Systems : Limits : Estimated Ice Edge or Boundary;46110505,icon is MAIN;image file does not exist;
{Symbols_Root}\Appendices\METOC\Oceanograhic\46110506.emf,32,Ice Systems : Limits : Ice Edge or Boundary From Radar,Meteorological - Oceanographic : Main Icon,Meteorological - Oceanographic;Ice Systems;Limits;Ice Edge or Boundary From Radar;Appendices\METOC\Oceanograhic\46110506.svg;Line;Ice Systems : Limits : Ice Edge or Boundary From Radar;46110506,icon is MAIN;image file does not exist;
{Symbols_Root}\Appendices\METOC\Oceanograhic\,32,Ice Systems : Openings in the Ice,Meteorological - Oceanographic : Main Icon,Meteorological - Oceanographic;Ice Systems;Openings in the Ice;Appendices\METOC\Oceanograhic\;Line;Ice Systems : Openings in the Ice;46110600,icon is MAIN;image file does not exist;
{Symbols_Root}\Appendices\METOC\Oceanograhic\46110601.emf,32,Ice Systems : Openings in the Ice : Cracks,Meteorological - Oceanographic : Main Icon,Meteorological - Oceanographic;Ice Systems;Openings in the Ice;Cracks;Appendices\METOC\Oceanograhic\46110601.svg;Line;Ice Systems : Openings in the Ice : Cracks;46110601,icon is MAIN;image file does not exist;
{Symbols_Root}\Appendices\METOC\Oceanograhic\46110602.emf,32,Ice Systems : Openings in the Ice : Cracks at a Specific Location,Meteorological - Oceanographic : Main Icon,Meteorological - Oceanographic;Ice Systems;Openings in the Ice;Cracks at a Specific Location;Appendices\METOC\Oceanograhic\46110602.svg;Line;Ice Systems : Openings in the Ice : Cracks at a Specific Location;46110602,icon is MAIN;image file does not exist;
{Symbols_Root}\Appendices\METOC\Oceanograhic\46110603.emf,32,Ice Systems : Openings in the Ice : Lead,Meteorological - Oceanographic : Main Icon,Meteorological - Oceanographic;Ice Systems;Openings in the Ice;Lead;Appendices\METOC\Oceanograhic\46110603.svg;Line;Ice Systems : Openings in the Ice : Lead;46110603,icon is MAIN;image file does not exist;
{Symbols_Root}\Appendices\METOC\Oceanograhic\46110604.emf,32,Ice Systems : Openings in the Ice : Frozen Lead,Meteorological - Oceanographic : Main Icon,Meteorological - Oceanographic;Ice Systems;Openings in the Ice;Frozen Lead;Appendices\METOC\Oceanograhic\46110604.svg;Line;Ice Systems : Openings in the Ice : Frozen Lead;46110604,icon is MAIN;image file does not exist;
{Symbols_Root}\Appendices\METOC\Oceanograhic\46120102.emf,32,Hydrography : Depth : Depth Curve,Meteorological - Oceanographic : Main Icon,Meteorological - Oceanographic;Hydrography;Depth;Depth Curve;Appendices\METOC\Oceanograhic\46120102.svg;Line;Hydrography : Depth : Depth Curve;46120102,icon is MAIN;image file does not exist;
{Symbols_Root}\Appendices\METOC\Oceanograhic\46120103.emf,32,Hydrography : Depth : Depth Contour,Meteorological - Oceanographic : Main Icon,Meteorological - Oceanographic;Hydrography;Depth;Depth Contour;Appendices\METOC\Oceanograhic\46120103.svg;Line;Hydrography : Depth : Depth Contour;46120103,icon is MAIN;image file does not exist;
{Symbols_Root}\Appendices\METOC\Oceanograhic\46120201.emf,32,Hydrography : Coastal Hydrography : Coastline,Meteorological - Oceanographic : Main Icon,Meteorological - Oceanographic;Hydrography;Coastal Hydrography;Coastline;Appendices\METOC\Oceanograhic\46120201.svg;Line;Hydrography : Coastal Hydrography : Coastline;46120201,icon is MAIN;image file does not exist;
{Symbols_Root}\Appendices\METOC\Oceanograhic\46120205.emf,32,Hydrography : Coastal Hydrography : Foreshore - Line,Meteorological - Oceanographic : Main Icon,Meteorological - Oceanographic;Hydrography;Coastal Hydrography;Foreshore - Line;Appendices\METOC\Oceanograhic\46120205.svg;Line;Hydrography : Coastal Hydrography : Foreshore - Line;46120205,icon is MAIN;image file does not exist;
{Symbols_Root}\Appendices\METOC\Oceanograhic\46120305.emf,32,Hydrography : Ports and Harbors : Anchorage - Line,Meteorological - Oceanographic : Main Icon,Meteorological - Oceanographic;Hydrography;Ports and Harbors;Anchorage - Line;Appendices\METOC\Oceanograhic\46120305.svg;Line;Hydrography : Ports and Harbors : Anchorage - Line;46120305,icon is MAIN;image file does not exist;
{Symbols_Root}\Appendices\METOC\Oceanograhic\46120308.emf,32,Hydrography : Ports and Harbors : Pier/Wharf/Quay,Meteorological - Oceanographic : Main Icon,Meteorological - Oceanographic;Hydrography;Ports and Harbors;Pier/Wharf/Quay;Appendices\METOC\Oceanograhic\46120308.svg;Line;Hydrography : Ports and Harbors : Pier/Wharf/Quay;46120308,icon is MAIN;image file does not exist;
{Symbols_Root}\Appendices\METOC\Oceanograhic\46120317.emf,32,Hydrography : Ports and Harbors : Offshore Loading Facility - Line,Meteorological - Oceanographic : Main Icon,Meteorological - Oceanographic;Hydrography;Ports and Harbors;Offshore Loading Facility - Line;Appendices\METOC\Oceanograhic\46120317.svg;Line;Hydrography : Ports and Harbors : Offshore Loading Facility - Line;46120317,icon is MAIN;image file does not exist;
{Symbols_Root}\Appendices\METOC\Oceanograhic\46120319.emf,32,Hydrography : Ports and Harbors : Ramp - Above Water,Meteorological - Oceanographic : Main Icon,Meteorological - Oceanographic;Hydrography;Ports and Harbors;Ramp - Above Water;Appendices\METOC\Oceanograhic\46120319.svg;Line;Hydrography : Ports and Harbors : Ramp - Above Water;46120319,icon is MAIN;image file does not exist;
{Symbols_Root}\Appendices\METOC\Oceanograhic\46120320.emf,32,Hydrography : Ports and Harbors : Ramp - Below Water,Meteorological - Oceanographic : Main Icon,Meteorological - Oceanographic;Hydrography;Ports and Harbors;Ramp - Below Water;Appendices\METOC\Oceanograhic\46120320.svg;Line;Hydrography : Ports and Harbors : Ramp - Below Water;46120320,icon is MAIN;image file does not exist;
{Symbols_Root}\Appendices\METOC\Oceanograhic\46120326.emf,32,Hydrography : Ports and Harbors : Breakwater/Groin/Jetty - Above Water,Meteorological - Oceanographic : Main Icon,Meteorological - Oceanographic;Hydrography;Ports and Harbors;Breakwater/Groin/Jetty - Above Water;Appendices\METOC\Oceanograhic\46120326.svg;Line;Hydrography : Ports and Harbors : Breakwater/Groin/Jetty - Above Water;46120326,icon is MAIN;image file does not exist;
{Symbols_Root}\Appendices\METOC\Oceanograhic\46120327.emf,32,Hydrography : Ports and Harbors : Breakwater/Groin/Jetty - Below Water,Meteorological - Oceanographic : Main Icon,Meteorological - Oceanographic;Hydrography;Ports and Harbors;Breakwater/Groin/Jetty - Below Water;Appendices\METOC\Oceanograhic\46120327.svg;Line;Hydrography : Ports and Harbors : Breakwater/Groin/Jetty - Below Water;46120327,icon is MAIN;image file does not exist;
{Symbols_Root}\Appendices\METOC\Oceanograhic\46120328.emf,32,Hydrography : Ports and Harbors : Seawall,Meteorological - Oceanographic : Main Icon,Meteorological - Oceanographic;Hydrography;Ports and Harbors;Seawall;Appendices\METOC\Oceanograhic\46120328.svg;Line;Hydrography : Ports and Harbors : Seawall;46120328,icon is MAIN;image file does not exist;
{Symbols_Root}\Appendices\METOC\Oceanograhic\46120407.emf,32,Hydrography : Aids to Navigation : Leading Line,Meteorological - Oceanographic : Main Icon,Meteorological - Oceanographic;Hydrography;Aids to Navigation;Leading Line;Appendices\METOC\Oceanograhic\46120407.svg;Line;Hydrography : Aids to Navigation : Leading Line;46120407,icon is MAIN;image file does not exist;
{Symbols_Root}\Appendices\METOC\Oceanograhic\46120511.emf,32,Hydrography : Dangers/Hazards : Breakers,Meteorological - Oceanographic : Main Icon,Meteorological - Oceanographic;Hydrography;Dangers/Hazards;Breakers;Appendices\METOC\Oceanograhic\46120511.svg;Line;Hydrography : Dangers/Hazards : Breakers;46120511,icon is MAIN;image file does not exist;
{Symbols_Root}\Appendices\METOC\Oceanograhic\46120512.emf,32,Hydrography : Dangers/Hazards : Reef,Meteorological - Oceanographic : Main Icon,Meteorological - Oceanographic;Hydrography;Dangers/Hazards;Reef;Appendices\METOC\Oceanograhic\46120512.svg;Line;Hydrography : Dangers/Hazards : Reef;46120512,icon is MAIN;image file does not exist;
{Symbols_Root}\Appendices\METOC\Oceanograhic\46120702.emf,32,Hydrography : Tide and Current : Current Flow - Ebb,Meteorological - Oceanographic : Main Icon,Meteorological - Oceanographic;Hydrography;Tide and Current;Current Flow - Ebb;Appendices\METOC\Oceanograhic\46120702.svg;Line;Hydrography : Tide and Current : Current Flow - Ebb;46120702,icon is MAIN;image file does not exist;
{Symbols_Root}\Appendices\METOC\Oceanograhic\46120703.emf,32,Hydrography : Tide and Current : Current Flow - Flood,Meteorological - Oceanographic : Main Icon,Meteorological - Oceanographic;Hydrography;Tide and Current;Current Flow - Flood;Appendices\METOC\Oceanograhic\46120703.svg;Line;Hydrography : Tide and Current : Current Flow - Flood;46120703,icon is MAIN;image file does not exist;
{Symbols_Root}\Appendices\METOC\Oceanograhic\46150100.emf,32,Limits : Maritime Limit Boundary,Meteorological - Oceanographic : Main Icon,Meteorological - Oceanographic;Limits;Maritime Limit Boundary;Appendices\METOC\Oceanograhic\46150100.svg;Line;Limits : Maritime Limit Boundary;46150100,icon is MAIN;image file does not exist;
{Symbols_Root}\Appendices\METOC\Oceanograhic\46150300.emf,32,Limits : Restricted Area,Meteorological - Oceanographic : Main Icon,Meteorological - Oceanographic;Limits;Restricted Area;Appendices\METOC\Oceanograhic\46150300.svg;Line;Limits : Restricted Area;46150300,icon is MAIN;image file does not exist;
{Symbols_Root}\Appendices\METOC\Oceanograhic\46160100.emf,32,Man-Made Structures : Submarine Cable,Meteorological - Oceanographic : Main Icon,Meteorological - Oceanographic;Man-Made Structures;Submarine Cable;Appendices\METOC\Oceanograhic\46160100.svg;Line;Man-Made Structures : Submarine Cable;46160100,icon is MAIN;image file does not exist;
{Symbols_Root}\Appendices\METOC\Oceanograhic\46160300.emf,32,Man-Made Structures : Canal,Meteorological - Oceanographic : Main Icon,Meteorological - Oceanographic;Man-Made Structures;Canal;Appendices\METOC\Oceanograhic\46160300.svg;Line;Man-Made Structures : Canal;46160300,icon is MAIN;image file does not exist;
{Symbols_Root}\Appendices\METOC\Oceanograhic\46160800.emf,32,Man-Made Structures : Pipelines/Pipe,Meteorological - Oceanographic : Main Icon,Meteorological - Oceanographic;Man-Made Structures;Pipelines/Pipe;Appendices\METOC\Oceanograhic\46160800.svg;Line;Man-Made Structures : Pipelines/Pipe;46160800,icon is MAIN;image file does not exist;
