filePath,pointSize,styleItemName,styleItemCategory,styleItemTags,notes
{Symbols_Root}\Appendices\Activities\40110100.emf,32,Incident : Criminal Activity Incident,Activities : Main Icon,Activities;Incident;Criminal Activity Incident;Appendices\Activities\40110100.svg;Point;Incident : Criminal Activity Incident;40110100,icon is MAIN;image file does not exist;
{Symbols_Root}\Appendices\Activities\40110101.emf,32,Incident : Criminal Activity Incident : Arrest,Activities : Main Icon,Activities;Incident;Criminal Activity Incident;Arrest;Appendices\Activities\40110101.svg;Point;Incident : Criminal Activity Incident : Arrest;40110101,icon is MAIN;image file does not exist;
{Symbols_Root}\Appendices\Activities\40110102.emf,32,Incident : Criminal Activity Incident : Arson,Activities : Main Icon,Activities;Incident;Criminal Activity Incident;Arson;Appendices\Activities\40110102.svg;Point;Incident : Criminal Activity Incident : Arson;40110102,icon is MAIN;image file does not exist;
{Symbols_Root}\Appendices\Activities\40110103.emf,32,Incident : Criminal Activity Incident : Attempted Criminal Activity,Activities : Main Icon,Activities;Incident;Criminal Activity Incident;Attempted Criminal Activity;Appendices\Activities\40110103.svg;Point;Incident : Criminal Activity Incident : Attempted Criminal Activity;40110103,icon is MAIN;image file does not exist;
{Symbols_Root}\Appendices\Activities\40110104.emf,32,Incident : Criminal Activity Incident : Drive-by Shooting,Activities : Main Icon,Activities;Incident;Criminal Activity Incident;Drive-by Shooting;Appendices\Activities\40110104.svg;Point;Incident : Criminal Activity Incident : Drive-by Shooting;40110104,icon is MAIN;image file does not exist;
{Symbols_Root}\Appendices\Activities\40110105.emf,32,Incident : Criminal Activity Incident : Drug Related,Activities : Main Icon,Activities;Incident;Criminal Activity Incident;Drug Related;Appendices\Activities\40110105.svg;Point;Incident : Criminal Activity Incident : Drug Related;40110105,icon is MAIN;image file does not exist;
{Symbols_Root}\Appendices\Activities\40110106.emf,32,Incident : Criminal Activity Incident : Extortion,Activities : Main Icon,Activities;Incident;Criminal Activity Incident;Extortion;Appendices\Activities\40110106.svg;Point;Incident : Criminal Activity Incident : Extortion;40110106,icon is MAIN;image file does not exist;
{Symbols_Root}\Appendices\Activities\40110107.emf,32,Incident : Criminal Activity Incident : Graffiti,Activities : Main Icon,Activities;Incident;Criminal Activity Incident;Graffiti;Appendices\Activities\40110107.svg;Point;Incident : Criminal Activity Incident : Graffiti;40110107,icon is MAIN;image file does not exist;
{Symbols_Root}\Appendices\Activities\40110108.emf,32,Incident : Criminal Activity Incident : Killing,Activities : Main Icon,Activities;Incident;Criminal Activity Incident;Killing;Appendices\Activities\40110108.svg;Point;Incident : Criminal Activity Incident : Killing;40110108,icon is MAIN;image file does not exist;
{Symbols_Root}\Appendices\Activities\40110109.emf,32,Incident : Criminal Activity Incident : Poisoning,Activities : Main Icon,Activities;Incident;Criminal Activity Incident;Poisoning;Appendices\Activities\40110109.svg;Point;Incident : Criminal Activity Incident : Poisoning;40110109,icon is MAIN;image file does not exist;
{Symbols_Root}\Appendices\Activities\40110110.emf,32,Incident : Criminal Activity Incident : Civil Rioting,Activities : Main Icon,Activities;Incident;Criminal Activity Incident;Civil Rioting;Appendices\Activities\40110110.svg;Point;Incident : Criminal Activity Incident : Civil Rioting;40110110,icon is MAIN;image file does not exist;
{Symbols_Root}\Appendices\Activities\40110111.emf,32,Incident : Criminal Activity Incident : Booby Trap,Activities : Main Icon,Activities;Incident;Criminal Activity Incident;Booby Trap;Appendices\Activities\40110111.svg;Point;Incident : Criminal Activity Incident : Booby Trap;40110111,icon is MAIN;image file does not exist;
{Symbols_Root}\Appendices\Activities\40110112.emf,32,Incident : Criminal Activity Incident : Home Eviction,Activities : Main Icon,Activities;Incident;Criminal Activity Incident;Home Eviction;Appendices\Activities\40110112.svg;Point;Incident : Criminal Activity Incident : Home Eviction;40110112,icon is MAIN;image file does not exist;
{Symbols_Root}\Appendices\Activities\40110113.emf,32,Incident : Criminal Activity Incident : Black Marketing,Activities : Main Icon,Activities;Incident;Criminal Activity Incident;Black Marketing;Appendices\Activities\40110113.svg;Point;Incident : Criminal Activity Incident : Black Marketing;40110113,icon is MAIN;image file does not exist;
{Symbols_Root}\Appendices\Activities\40110114.emf,32,Incident : Criminal Activity Incident : Vandalism / Loot / Ransack / Plunder,Activities : Main Icon,Activities;Incident;Criminal Activity Incident;Vandalism / Loot / Ransack / Plunder;Appendices\Activities\40110114.svg;Point;Incident : Criminal Activity Incident : Vandalism / Loot / Ransack / Plunder;40110114,icon is MAIN;image file does not exist;
{Symbols_Root}\Appendices\Activities\40110115.emf,32,Incident : Criminal Activity Incident : Jail Break,Activities : Main Icon,Activities;Incident;Criminal Activity Incident;Jail Break;Appendices\Activities\40110115.svg;Point;Incident : Criminal Activity Incident : Jail Break;40110115,icon is MAIN;image file does not exist;
{Symbols_Root}\Appendices\Activities\40110116.emf,32,Incident : Criminal Activity Incident : Robbery,Activities : Main Icon,Activities;Incident;Criminal Activity Incident;Robbery;Appendices\Activities\40110116.svg;Point;Incident : Criminal Activity Incident : Robbery;40110116,icon is MAIN;image file does not exist;
{Symbols_Root}\Appendices\Activities\40110117.emf,32,Incident : Criminal Activity Incident : Theft,Activities : Main Icon,Activities;Incident;Criminal Activity Incident;Theft;Appendices\Activities\40110117.svg;Point;Incident : Criminal Activity Incident : Theft;40110117,icon is MAIN;image file does not exist;
{Symbols_Root}\Appendices\Activities\40110118.emf,32,Incident : Criminal Activity Incident : Burglary,Activities : Main Icon,Activities;Incident;Criminal Activity Incident;Burglary;Appendices\Activities\40110118.svg;Point;Incident : Criminal Activity Incident : Burglary;40110118,icon is MAIN;image file does not exist;
{Symbols_Root}\Appendices\Activities\40110119.emf,32,Incident : Criminal Activity Incident : Smuggling,Activities : Main Icon,Activities;Incident;Criminal Activity Incident;Smuggling;Appendices\Activities\40110119.svg;Point;Incident : Criminal Activity Incident : Smuggling;40110119,icon is MAIN;image file does not exist;
{Symbols_Root}\Appendices\Activities\40110120.emf,32,Incident : Criminal Activity Incident : Rock Throwing,Activities : Main Icon,Activities;Incident;Criminal Activity Incident;Rock Throwing;Appendices\Activities\40110120.svg;Point;Incident : Criminal Activity Incident : Rock Throwing;40110120,icon is MAIN;image file does not exist;
{Symbols_Root}\Appendices\Activities\40110121.emf,32,Incident : Criminal Activity Incident : Dead Body,Activities : Main Icon,Activities;Incident;Criminal Activity Incident;Dead Body;Appendices\Activities\40110121.svg;Point;Incident : Criminal Activity Incident : Dead Body;40110121,icon is MAIN;image file does not exist;
{Symbols_Root}\Appendices\Activities\40110122.emf,32,Incident : Criminal Activity Incident : Sabotage,Activities : Main Icon,Activities;Incident;Criminal Activity Incident;Sabotage;Appendices\Activities\40110122.svg;Point;Incident : Criminal Activity Incident : Sabotage;40110122,icon is MAIN;image file does not exist;
{Symbols_Root}\Appendices\Activities\40110123.emf,32,Incident : Criminal Activity Incident : Suspicious Activity,Activities : Main Icon,Activities;Incident;Criminal Activity Incident;Suspicious Activity;Appendices\Activities\40110123.svg;Point;Incident : Criminal Activity Incident : Suspicious Activity;40110123,icon is MAIN;image file does not exist;
{Symbols_Root}\Appendices\Activities\40110200.emf,32,Incident : Bomb/Bombing,Activities : Main Icon,Activities;Incident;Bomb/Bombing;Appendices\Activities\40110200.svg;Point;Incident : Bomb/Bombing;40110200,icon is MAIN;image file does not exist;
{Symbols_Root}\Appendices\Activities\40110201.emf,32,Incident : Bomb/Bombing : Bomb Threat,Activities : Main Icon,Activities;Incident;Bomb/Bombing;Bomb Threat;Appendices\Activities\40110201.svg;Point;Incident : Bomb/Bombing : Bomb Threat;40110201,icon is MAIN;image file does not exist;
{Symbols_Root}\Appendices\Activities\40110300.emf,32,Incident : IED Event,Activities : Main Icon,Activities;Incident;IED Event;Appendices\Activities\40110300.svg;Point;Incident : IED Event;40110300,icon is MAIN;image file does not exist;
{Symbols_Root}\Appendices\Activities\40110301.emf,32,Incident : IED Event : IED Explosion,Activities : Main Icon,Activities;Incident;IED Event;IED Explosion;Appendices\Activities\40110301.svg;Point;Incident : IED Event : IED Explosion;40110301,icon is MAIN;image file does not exist;
{Symbols_Root}\Appendices\Activities\40110302.emf,32,Incident : IED Event : Premature IED Explosion,Activities : Main Icon,Activities;Incident;IED Event;Premature IED Explosion;Appendices\Activities\40110302.svg;Point;Incident : IED Event : Premature IED Explosion;40110302,icon is MAIN;image file does not exist;
{Symbols_Root}\Appendices\Activities\40110303_2.emf,32,Incident : IED Event : IED Cache,Activities : Main Icon,Activities;Incident;IED Event;IED Cache;Appendices\Activities\40110303_2.svg;Point;Incident : IED Event : IED Cache;40110303,icon is FULL_FRAME;image file does not exist;icon touches frame;
{Symbols_Root}\Appendices\Activities\40110304.emf,32,Incident : IED Event : IED Suicide Bomber,Activities : Main Icon,Activities;Incident;IED Event;IED Suicide Bomber;Appendices\Activities\40110304.svg;Point;Incident : IED Event : IED Suicide Bomber;40110304,icon is MAIN;image file does not exist;
{Symbols_Root}\Appendices\Activities\40110400.emf,32,Incident : Shooting,Activities : Main Icon,Activities;Incident;Shooting;Appendices\Activities\40110400.svg;Point;Incident : Shooting;40110400,icon is MAIN;image file does not exist;
{Symbols_Root}\Appendices\Activities\40110401.emf,32,Incident : Shooting : Sniping,Activities : Main Icon,Activities;Incident;Shooting;Sniping;Appendices\Activities\40110401.svg;Point;Incident : Shooting : Sniping;40110401,icon is MAIN;image file does not exist;
{Symbols_Root}\Appendices\Activities\40110500.emf,32,Incident : Illegal Drug Operation,Activities : Main Icon,Activities;Incident;Illegal Drug Operation;Appendices\Activities\40110500.svg;Point;Incident : Illegal Drug Operation;40110500,icon is MAIN;image file does not exist;
{Symbols_Root}\Appendices\Activities\40110501.emf,32,Incident : Illegal Drug Operation : Trafficking,Activities : Main Icon,Activities;Incident;Illegal Drug Operation;Trafficking;Appendices\Activities\40110501.svg;Point;Incident : Illegal Drug Operation : Trafficking;40110501,icon is MAIN;image file does not exist;
{Symbols_Root}\Appendices\Activities\40110502.emf,32,Incident : Illegal Drug Operation : Illegal Drug Lab,Activities : Main Icon,Activities;Incident;Illegal Drug Operation;Illegal Drug Lab;Appendices\Activities\40110502.svg;Point;Incident : Illegal Drug Operation : Illegal Drug Lab;40110502,icon is MAIN;image file does not exist;
{Symbols_Root}\Appendices\Activities\40110600.emf,32,Incident : Explosion,Activities : Main Icon,Activities;Incident;Explosion;Appendices\Activities\40110600.svg;Point;Incident : Explosion;40110600,icon is MAIN;image file does not exist;
{Symbols_Root}\Appendices\Activities\40110601.emf,32,Incident : Explosion : Grenade Explosion,Activities : Main Icon,Activities;Incident;Explosion;Grenade Explosion;Appendices\Activities\40110601.svg;Point;Incident : Explosion : Grenade Explosion;40110601,icon is MAIN;image file does not exist;
{Symbols_Root}\Appendices\Activities\40110602.emf,32,Incident : Explosion : Incendiary Explosion,Activities : Main Icon,Activities;Incident;Explosion;Incendiary Explosion;Appendices\Activities\40110602.svg;Point;Incident : Explosion : Incendiary Explosion;40110602,icon is MAIN;image file does not exist;
{Symbols_Root}\Appendices\Activities\40110603.emf,32,Incident : Explosion : Mine Explosion,Activities : Main Icon,Activities;Incident;Explosion;Mine Explosion;Appendices\Activities\40110603.svg;Point;Incident : Explosion : Mine Explosion;40110603,icon is MAIN;image file does not exist;
{Symbols_Root}\Appendices\Activities\40110604.emf,32,Incident : Explosion : Mortar Fire Explosion,Activities : Main Icon,Activities;Incident;Explosion;Mortar Fire Explosion;Appendices\Activities\40110604.svg;Point;Incident : Explosion : Mortar Fire Explosion;40110604,icon is MAIN;image file does not exist;
{Symbols_Root}\Appendices\Activities\40110605.emf,32,Incident : Explosion : Rocket Explosion,Activities : Main Icon,Activities;Incident;Explosion;Rocket Explosion;Appendices\Activities\40110605.svg;Point;Incident : Explosion : Rocket Explosion;40110605,icon is MAIN;image file does not exist;
{Symbols_Root}\Appendices\Activities\40110606.emf,32,Incident : Explosion : Bomb Explosion,Activities : Main Icon,Activities;Incident;Explosion;Bomb Explosion;Appendices\Activities\40110606.svg;Point;Incident : Explosion : Bomb Explosion;40110606,icon is MAIN;image file does not exist;
{Symbols_Root}\Appendices\Activities\40120000.emf,32,Civil Disturbance,Activities : Main Icon,Activities;Civil Disturbance;Appendices\Activities\40120000.svg;Point;Civil Disturbance;40120000,icon is MAIN;image file does not exist;
{Symbols_Root}\Appendices\Activities\40120100.emf,32,Civil Disturbance : Demonstration,Activities : Main Icon,Activities;Civil Disturbance;Demonstration;Appendices\Activities\40120100.svg;Point;Civil Disturbance : Demonstration;40120100,icon is MAIN;image file does not exist;
{Symbols_Root}\Appendices\Activities\40130100.emf,32,Operation : Patrolling,Activities : Main Icon,Activities;Operation;Patrolling;Appendices\Activities\40130100.svg;Point;Operation : Patrolling;40130100,icon is MAIN;image file does not exist;
{Symbols_Root}\Appendices\Activities\40130200.emf,32,Operation : Military Information Support Operation (MISO),Activities : Main Icon,Activities;Operation;Military Information Support Operation (MISO);Appendices\Activities\40130200.svg;Point;Operation : Military Information Support Operation (MISO);40130200,icon is MAIN;image file does not exist;
{Symbols_Root}\Appendices\Activities\40130201_2.emf,32,Operation : Military Information Support Operation (MISO) : TV and Radio Propaganda,Activities : Main Icon,Activities;Operation;Military Information Support Operation (MISO);TV and Radio Propaganda;Appendices\Activities\40130201_2.svg;Point;Operation : Military Information Support Operation (MISO) : TV and Radio Propaganda;40130201,icon is FULL_FRAME;image file does not exist;icon touches frame;
{Symbols_Root}\Appendices\Activities\40130300.emf,32,Operation : Foraging/Searching,Activities : Main Icon,Activities;Operation;Foraging/Searching;Appendices\Activities\40130300.svg;Point;Operation : Foraging/Searching;40130300,icon is MAIN;image file does not exist;
{Symbols_Root}\Appendices\Activities\40130401.emf,32,Operation : Recruitment : Willing,Activities : Main Icon,Activities;Operation;Recruitment;Willing;Appendices\Activities\40130401.svg;Point;Operation : Recruitment : Willing;40130401,icon is MAIN;image file does not exist;
{Symbols_Root}\Appendices\Activities\40130402.emf,32,Operation : Recruitment : Coerced/Impressed,Activities : Main Icon,Activities;Operation;Recruitment;Coerced/Impressed;Appendices\Activities\40130402.svg;Point;Operation : Recruitment : Coerced/Impressed;40130402,icon is MAIN;image file does not exist;
{Symbols_Root}\Appendices\Activities\40130500.emf,32,Operation : Mine Laying,Activities : Main Icon,Activities;Operation;Mine Laying;Appendices\Activities\40130500.svg;Point;Operation : Mine Laying;40130500,icon is MAIN;image file does not exist;
{Symbols_Root}\Appendices\Activities\40130600.emf,32,Operation : Spy,Activities : Main Icon,Activities;Operation;Spy;Appendices\Activities\40130600.svg;Point;Operation : Spy;40130600,icon is MAIN;image file does not exist;
{Symbols_Root}\Appendices\Activities\40130700.emf,32,Operation : Warrant Served,Activities : Main Icon,Activities;Operation;Warrant Served;Appendices\Activities\40130700.svg;Point;Operation : Warrant Served;40130700,icon is MAIN;image file does not exist;
{Symbols_Root}\Appendices\Activities\40130800.emf,32,Operation : Exfiltration,Activities : Main Icon,Activities;Operation;Exfiltration;Appendices\Activities\40130800.svg;Point;Operation : Exfiltration;40130800,icon is MAIN;image file does not exist;
{Symbols_Root}\Appendices\Activities\40130900.emf,32,Operation : Infiltration,Activities : Main Icon,Activities;Operation;Infiltration;Appendices\Activities\40130900.svg;Point;Operation : Infiltration;40130900,icon is MAIN;image file does not exist;
{Symbols_Root}\Appendices\Activities\40131000.emf,32,Operation : Meeting,Activities : Main Icon,Activities;Operation;Meeting;Appendices\Activities\40131000.svg;Point;Operation : Meeting;40131000,icon is MAIN;image file does not exist;
{Symbols_Root}\Appendices\Activities\40131001.emf,32,Operation : Meeting : Polling Place/Election,Activities : Main Icon,Activities;Operation;Meeting;Polling Place/Election;Appendices\Activities\40131001.svg;Point;Operation : Meeting : Polling Place/Election;40131001,icon is MAIN;image file does not exist;
{Symbols_Root}\Appendices\Activities\40131100.emf,32,Operation : Raid on House,Activities : Main Icon,Activities;Operation;Raid on House;Appendices\Activities\40131100.svg;Point;Operation : Raid on House;40131100,icon is MAIN;image file does not exist;
{Symbols_Root}\Appendices\Activities\40131200.emf,32,Operation : Emergency Operation,Activities : Main Icon,Activities;Operation;Emergency Operation;Appendices\Activities\40131200.svg;Point;Operation : Emergency Operation;40131200,icon is MAIN;image file does not exist;
{Symbols_Root}\Appendices\Activities\40131201.emf,32,Operation : Emergency Operation : Emergency Collection Evacuation Point,Activities : Main Icon,Activities;Operation;Emergency Operation;Emergency Collection Evacuation Point;Appendices\Activities\40131201.svg;Point;Operation : Emergency Operation : Emergency Collection Evacuation Point;40131201,icon is MAIN;image file does not exist;
{Symbols_Root}\Appendices\Activities\40131202_2.emf,32,Operation : Emergency Operation : Emergency Food Distribution,Activities : Main Icon,Activities;Operation;Emergency Operation;Emergency Food Distribution;Appendices\Activities\40131202_2.svg;Point;Operation : Emergency Operation : Emergency Food Distribution;40131202,icon is FULL_FRAME;image file does not exist;icon touches frame;
{Symbols_Root}\Appendices\Activities\40131203.emf,32,Operation : Emergency Operation : Emergency Incident Command Center,Activities : Main Icon,Activities;Operation;Emergency Operation;Emergency Incident Command Center;Appendices\Activities\40131203.svg;Point;Operation : Emergency Operation : Emergency Incident Command Center;40131203,icon is MAIN;image file does not exist;
{Symbols_Root}\Appendices\Activities\40131204.emf,32,Operation : Emergency Operation : Emergency Operations Center,Activities : Main Icon,Activities;Operation;Emergency Operation;Emergency Operations Center;Appendices\Activities\40131204.svg;Point;Operation : Emergency Operation : Emergency Operations Center;40131204,icon is MAIN;image file does not exist;
{Symbols_Root}\Appendices\Activities\40131205.emf,32,Operation : Emergency Operation : Emergency Public Information Center,Activities : Main Icon,Activities;Operation;Emergency Operation;Emergency Public Information Center;Appendices\Activities\40131205.svg;Point;Operation : Emergency Operation : Emergency Public Information Center;40131205,icon is MAIN;image file does not exist;
{Symbols_Root}\Appendices\Activities\40131206.emf,32,Operation : Emergency Operation : Emergency Shelter,Activities : Main Icon,Activities;Operation;Emergency Operation;Emergency Shelter;Appendices\Activities\40131206.svg;Point;Operation : Emergency Operation : Emergency Shelter;40131206,icon is MAIN;image file does not exist;
{Symbols_Root}\Appendices\Activities\40131207.emf,32,Operation : Emergency Operation : Emergency Staging Area,Activities : Main Icon,Activities;Operation;Emergency Operation;Emergency Staging Area;Appendices\Activities\40131207.svg;Point;Operation : Emergency Operation : Emergency Staging Area;40131207,icon is MAIN;image file does not exist;
{Symbols_Root}\Appendices\Activities\40131208_2.emf,32,Operation : Emergency Operation : Emergency Water Distribution Center,Activities : Main Icon,Activities;Operation;Emergency Operation;Emergency Water Distribution Center;Appendices\Activities\40131208_2.svg;Point;Operation : Emergency Operation : Emergency Water Distribution Center;40131208,icon is FULL_FRAME;image file does not exist;icon touches frame;
{Symbols_Root}\Appendices\Activities\40131300.emf,32,Operation : Emergency Medical Operation,Activities : Main Icon,Activities;Operation;Emergency Medical Operation;Appendices\Activities\40131300.svg;Point;Operation : Emergency Medical Operation;40131300,icon is MAIN;image file does not exist;
{Symbols_Root}\Appendices\Activities\40131301.emf,32,Operation : Emergency Medical Operation : EMT Station Location,Activities : Main Icon,Activities;Operation;Emergency Medical Operation;EMT Station Location;Appendices\Activities\40131301.svg;Point;Operation : Emergency Medical Operation : EMT Station Location;40131301,icon is MAIN;image file does not exist;
{Symbols_Root}\Appendices\Activities\40131302.emf,32,Operation : Emergency Medical Operation : Health Department Facility,Activities : Main Icon,Activities;Operation;Emergency Medical Operation;Health Department Facility;Appendices\Activities\40131302.svg;Point;Operation : Emergency Medical Operation : Health Department Facility;40131302,icon is MAIN;image file does not exist;
{Symbols_Root}\Appendices\Activities\40131303.emf,32,Operation : Emergency Medical Operation : Medical Facilities Outpatient,Activities : Main Icon,Activities;Operation;Emergency Medical Operation;Medical Facilities Outpatient;Appendices\Activities\40131303.svg;Point;Operation : Emergency Medical Operation : Medical Facilities Outpatient;40131303,icon is MAIN;image file does not exist;
{Symbols_Root}\Appendices\Activities\40131304.emf,32,Operation : Emergency Medical Operation : Morgue,Activities : Main Icon,Activities;Operation;Emergency Medical Operation;Morgue;Appendices\Activities\40131304.svg;Point;Operation : Emergency Medical Operation : Morgue;40131304,icon is MAIN;image file does not exist;
{Symbols_Root}\Appendices\Activities\40131305.emf,32,Operation : Emergency Medical Operation : Pharmacy,Activities : Main Icon,Activities;Operation;Emergency Medical Operation;Pharmacy;Appendices\Activities\40131305.svg;Point;Operation : Emergency Medical Operation : Pharmacy;40131305,icon is MAIN;image file does not exist;
{Symbols_Root}\Appendices\Activities\40131306.emf,32,Operation : Emergency Medical Operation : Triage,Activities : Main Icon,Activities;Operation;Emergency Medical Operation;Triage;Appendices\Activities\40131306.svg;Point;Operation : Emergency Medical Operation : Triage;40131306,icon is MAIN;image file does not exist;
{Symbols_Root}\Appendices\Activities\40131400.emf,32,Operation : Fire Fighting Operation,Activities : Main Icon,Activities;Operation;Fire Fighting Operation;Appendices\Activities\40131400.svg;Point;Operation : Fire Fighting Operation;40131400,icon is MAIN;image file does not exist;
{Symbols_Root}\Appendices\Activities\40131401.emf,32,Operation : Fire Fighting Operation : Fire Hydrant,Activities : Main Icon,Activities;Operation;Fire Fighting Operation;Fire Hydrant;Appendices\Activities\40131401.svg;Point;Operation : Fire Fighting Operation : Fire Hydrant;40131401,icon is MAIN;image file does not exist;
{Symbols_Root}\Appendices\Activities\40131402.emf,32,Operation : Fire Fighting Operation : Fire Station,Activities : Main Icon,Activities;Operation;Fire Fighting Operation;Fire Station;Appendices\Activities\40131402.svg;Point;Operation : Fire Fighting Operation : Fire Station;40131402,icon is MAIN;image file does not exist;
{Symbols_Root}\Appendices\Activities\40131403.emf,32,Operation : Fire Fighting Operation : Other Water Supply Location,Activities : Main Icon,Activities;Operation;Fire Fighting Operation;Other Water Supply Location;Appendices\Activities\40131403.svg;Point;Operation : Fire Fighting Operation : Other Water Supply Location;40131403,icon is MAIN;image file does not exist;
{Symbols_Root}\Appendices\Activities\40131500.emf,32,Operation : Law Enforcement Operation,Activities : Main Icon,Activities;Operation;Law Enforcement Operation;Appendices\Activities\40131500.svg;Point;Operation : Law Enforcement Operation;40131500,icon is MAIN;image file does not exist;
{Symbols_Root}\Appendices\Activities\40131501.emf,32,Operation : Law Enforcement Operation : ATF,Activities : Main Icon,Activities;Operation;Law Enforcement Operation;Bureau of Alcohol-Tobacco-Firearms and Explosives (ATF) (Department of Justice);Appendices\Activities\40131501.svg;Point;Operation : Law Enforcement Operation : ATF;40131501,icon is MAIN;image file does not exist;
{Symbols_Root}\Appendices\Activities\40131502.emf,32,Operation : Law Enforcement Operation : Border Patrol,Activities : Main Icon,Activities;Operation;Law Enforcement Operation;Border Patrol;Appendices\Activities\40131502.svg;Point;Operation : Law Enforcement Operation : Border Patrol;40131502,icon is MAIN;image file does not exist;
{Symbols_Root}\Appendices\Activities\40131503.emf,32,Operation : Law Enforcement Operation : Customs Service,Activities : Main Icon,Activities;Operation;Law Enforcement Operation;Customs Service;Appendices\Activities\40131503.svg;Point;Operation : Law Enforcement Operation : Customs Service;40131503,icon is MAIN;image file does not exist;
{Symbols_Root}\Appendices\Activities\40131504.emf,32,Operation : Law Enforcement Operation : DEA,Activities : Main Icon,Activities;Operation;Law Enforcement Operation;Drug Enforcement Administration (DEA);Appendices\Activities\40131504.svg;Point;Operation : Law Enforcement Operation : DEA;40131504,icon is MAIN;image file does not exist;
{Symbols_Root}\Appendices\Activities\40131505.emf,32,Operation : Law Enforcement Operation : DOJ,Activities : Main Icon,Activities;Operation;Law Enforcement Operation;Department of Justice (DOJ);Appendices\Activities\40131505.svg;Point;Operation : Law Enforcement Operation : DOJ;40131505,icon is MAIN;image file does not exist;
{Symbols_Root}\Appendices\Activities\40131506.emf,32,Operation : Law Enforcement Operation : FBI,Activities : Main Icon,Activities;Operation;Law Enforcement Operation;Federal Bureau of Investigation (FBI);Appendices\Activities\40131506.svg;Point;Operation : Law Enforcement Operation : FBI;40131506,icon is MAIN;image file does not exist;
{Symbols_Root}\Appendices\Activities\40131507.emf,32,Operation : Law Enforcement Operation : Police,Activities : Main Icon,Activities;Operation;Law Enforcement Operation;Police;Appendices\Activities\40131507.svg;Point;Operation : Law Enforcement Operation : Police;40131507,icon is MAIN;image file does not exist;
{Symbols_Root}\Appendices\Activities\40131508.emf,32,Operation : Law Enforcement Operation : Prison,Activities : Main Icon,Activities;Operation;Law Enforcement Operation;Prison;Appendices\Activities\40131508.svg;Point;Operation : Law Enforcement Operation : Prison;40131508,icon is MAIN;image file does not exist;
{Symbols_Root}\Appendices\Activities\40131509.emf,32,Operation : Law Enforcement Operation : USSS,Activities : Main Icon,Activities;Operation;Law Enforcement Operation;United States Secret Service (USSS);Appendices\Activities\40131509.svg;Point;Operation : Law Enforcement Operation : USSS;40131509,icon is MAIN;image file does not exist;
{Symbols_Root}\Appendices\Activities\40131510.emf,32,Operation : Law Enforcement Operation : TSA,Activities : Main Icon,Activities;Operation;Law Enforcement Operation;Transportation Security Administration (TSA);Appendices\Activities\40131510.svg;Point;Operation : Law Enforcement Operation : TSA;40131510,icon is MAIN;image file does not exist;
{Symbols_Root}\Appendices\Activities\40131511.emf,32,Operation : Law Enforcement Operation : Coast Guard,Activities : Main Icon,Activities;Operation;Law Enforcement Operation;Coast Guard;Appendices\Activities\40131511.svg;Point;Operation : Law Enforcement Operation : Coast Guard;40131511,icon is MAIN;image file does not exist;
{Symbols_Root}\Appendices\Activities\40131512.emf,32,Operation : Law Enforcement Operation : US Marshals Service,Activities : Main Icon,Activities;Operation;Law Enforcement Operation;US Marshals Service;Appendices\Activities\40131512.svg;Point;Operation : Law Enforcement Operation : US Marshals Service;40131512,icon is MAIN;image file does not exist;
{Symbols_Root}\Appendices\Activities\40131513.emf,32,Operation : Law Enforcement Operation : Internal Security Force,Activities : Main Icon,Activities;Operation;Law Enforcement Operation;Internal Security Force;Appendices\Activities\40131513.svg;Point;Operation : Law Enforcement Operation : Internal Security Force;40131513,icon is MAIN;image file does not exist;
{Symbols_Root}\Appendices\Activities\40140000.emf,32,Fire Event,Activities : Main Icon,Activities;Fire Event;Appendices\Activities\40140000.svg;Point;Fire Event;40140000,icon is MAIN;image file does not exist;
{Symbols_Root}\Appendices\Activities\40140100.emf,32,Fire Event : Fire Origin,Activities : Main Icon,Activities;Fire Event;Fire Origin;Appendices\Activities\40140100.svg;Point;Fire Event : Fire Origin;40140100,icon is MAIN;image file does not exist;
{Symbols_Root}\Appendices\Activities\40140200.emf,32,Fire Event : Smoke,Activities : Main Icon,Activities;Fire Event;Smoke;Appendices\Activities\40140200.svg;Point;Fire Event : Smoke;40140200,icon is MAIN;image file does not exist;
{Symbols_Root}\Appendices\Activities\40140300.emf,32,Fire Event : Hot Spot,Activities : Main Icon,Activities;Fire Event;Hot Spot;Appendices\Activities\40140300.svg;Point;Fire Event : Hot Spot;40140300,icon is MAIN;image file does not exist;
{Symbols_Root}\Appendices\Activities\40140400.emf,32,Fire Event : Non-Residential Fire,Activities : Main Icon,Activities;Fire Event;Non-Residential Fire;Appendices\Activities\40140400.svg;Point;Fire Event : Non-Residential Fire;40140400,icon is MAIN;image file does not exist;
{Symbols_Root}\Appendices\Activities\40140500.emf,32,Fire Event : Residential Fire,Activities : Main Icon,Activities;Fire Event;Residential Fire;Appendices\Activities\40140500.svg;Point;Fire Event : Residential Fire;40140500,icon is MAIN;image file does not exist;
{Symbols_Root}\Appendices\Activities\40140600.emf,32,Fire Event : School Fire,Activities : Main Icon,Activities;Fire Event;School Fire;Appendices\Activities\40140600.svg;Point;Fire Event : School Fire;40140600,icon is MAIN;image file does not exist;
{Symbols_Root}\Appendices\Activities\40140700.emf,32,Fire Event : Special Needs Fire,Activities : Main Icon,Activities;Fire Event;Special Needs Fire;Appendices\Activities\40140700.svg;Point;Fire Event : Special Needs Fire;40140700,icon is MAIN;image file does not exist;
{Symbols_Root}\Appendices\Activities\40140800.emf,32,Fire Event : Wild Fire,Activities : Main Icon,Activities;Fire Event;Wild Fire;Appendices\Activities\40140800.svg;Point;Fire Event : Wild Fire;40140800,icon is MAIN;image file does not exist;
{Symbols_Root}\Appendices\Activities\40150100.emf,32,Hazard Materials : Incident,Activities : Main Icon,Activities;Hazard Materials;Hazard Materials Incident;Appendices\Activities\40150100.svg;Point;Hazard Materials : Incident;40150100,icon is MAIN;image file does not exist;
{Symbols_Root}\Appendices\Activities\40150101.emf,32,Hazard Materials : Incident : Chemical Agent,Activities : Main Icon,Activities;Hazard Materials;Hazard Materials Incident;Chemical Agent;Appendices\Activities\40150101.svg;Point;Hazard Materials : Incident : Chemical Agent;40150101,icon is MAIN;image file does not exist;
{Symbols_Root}\Appendices\Activities\40150102.emf,32,Hazard Materials : Incident : Corrosive Material,Activities : Main Icon,Activities;Hazard Materials;Hazard Materials Incident;Corrosive Material;Appendices\Activities\40150102.svg;Point;Hazard Materials : Incident : Corrosive Material;40150102,icon is MAIN;image file does not exist;
{Symbols_Root}\Appendices\Activities\40150103.emf,32,Hazard Materials : Incident : Hazardous when Wet,Activities : Main Icon,Activities;Hazard Materials;Hazard Materials Incident;Hazardous when Wet;Appendices\Activities\40150103.svg;Point;Hazard Materials : Incident : Hazardous when Wet;40150103,icon is MAIN;image file does not exist;
{Symbols_Root}\Appendices\Activities\40150104.emf,32,Hazard Materials : Incident : Explosive Material,Activities : Main Icon,Activities;Hazard Materials;Hazard Materials Incident;Explosive Material;Appendices\Activities\40150104.svg;Point;Hazard Materials : Incident : Explosive Material;40150104,icon is MAIN;image file does not exist;
{Symbols_Root}\Appendices\Activities\40150105.emf,32,Hazard Materials : Incident : Flammable Gas,Activities : Main Icon,Activities;Hazard Materials;Hazard Materials Incident;Flammable Gas;Appendices\Activities\40150105.svg;Point;Hazard Materials : Incident : Flammable Gas;40150105,icon is MAIN;image file does not exist;
{Symbols_Root}\Appendices\Activities\40150106.emf,32,Hazard Materials : Incident : Flammable Liquid,Activities : Main Icon,Activities;Hazard Materials;Hazard Materials Incident;Flammable Liquid;Appendices\Activities\40150106.svg;Point;Hazard Materials : Incident : Flammable Liquid;40150106,icon is MAIN;image file does not exist;
{Symbols_Root}\Appendices\Activities\40150107.emf,32,Hazard Materials : Incident : Flammable Solid,Activities : Main Icon,Activities;Hazard Materials;Hazard Materials Incident;Flammable Solid;Appendices\Activities\40150107.svg;Point;Hazard Materials : Incident : Flammable Solid;40150107,icon is MAIN;image file does not exist;
{Symbols_Root}\Appendices\Activities\40150108.emf,32,Hazard Materials : Incident : Non-Flammable Gas,Activities : Main Icon,Activities;Hazard Materials;Hazard Materials Incident;Non-Flammable Gas;Appendices\Activities\40150108.svg;Point;Hazard Materials : Incident : Non-Flammable Gas;40150108,icon is MAIN;image file does not exist;
{Symbols_Root}\Appendices\Activities\40150109.emf,32,Hazard Materials : Incident : Organic Peroxide,Activities : Main Icon,Activities;Hazard Materials;Hazard Materials Incident;Organic Peroxide;Appendices\Activities\40150109.svg;Point;Hazard Materials : Incident : Organic Peroxide;40150109,icon is MAIN;image file does not exist;
{Symbols_Root}\Appendices\Activities\40150110.emf,32,Hazard Materials : Incident : Oxidizer,Activities : Main Icon,Activities;Hazard Materials;Hazard Materials Incident;Oxidizer;Appendices\Activities\40150110.svg;Point;Hazard Materials : Incident : Oxidizer;40150110,icon is MAIN;image file does not exist;
{Symbols_Root}\Appendices\Activities\40150111.emf,32,Hazard Materials : Incident : Radioactive Material,Activities : Main Icon,Activities;Hazard Materials;Hazard Materials Incident;Radioactive Material;Appendices\Activities\40150111.svg;Point;Hazard Materials : Incident : Radioactive Material;40150111,icon is MAIN;image file does not exist;
{Symbols_Root}\Appendices\Activities\40150112.emf,32,Hazard Materials : Incident : Spontaneously Combustible Material,Activities : Main Icon,Activities;Hazard Materials;Hazard Materials Incident;Spontaneously Combustible Material;Appendices\Activities\40150112.svg;Point;Hazard Materials : Incident : Spontaneously Combustible Material;40150112,icon is MAIN;image file does not exist;
{Symbols_Root}\Appendices\Activities\40150113.emf,32,Hazard Materials : Incident : Toxic Gas,Activities : Main Icon,Activities;Hazard Materials;Hazard Materials Incident;Toxic Gas;Appendices\Activities\40150113.svg;Point;Hazard Materials : Incident : Toxic Gas;40150113,icon is MAIN;image file does not exist;
{Symbols_Root}\Appendices\Activities\40150114.emf,32,Hazard Materials : Incident : Toxic Infectious Material,Activities : Main Icon,Activities;Hazard Materials;Hazard Materials Incident;Toxic Infectious Material;Appendices\Activities\40150114.svg;Point;Hazard Materials : Incident : Toxic Infectious Material;40150114,icon is MAIN;image file does not exist;
{Symbols_Root}\Appendices\Activities\40150115.emf,32,Hazard Materials : Incident : Unexploded Ordnance,Activities : Main Icon,Activities;Hazard Materials;Hazard Materials Incident;Unexploded Ordnance;Appendices\Activities\40150115.svg;Point;Hazard Materials : Incident : Unexploded Ordnance;40150115,icon is MAIN;image file does not exist;
{Symbols_Root}\Appendices\Activities\40160000.emf,32,Transportation Incident,Activities : Main Icon,Activities;Transportation Incident;Appendices\Activities\40160000.svg;Point;Transportation Incident;40160000,icon is MAIN;image file does not exist;
{Symbols_Root}\Appendices\Activities\40160100.emf,32,Transportation Incident : Air,Activities : Main Icon,Activities;Transportation Incident;Air;Appendices\Activities\40160100.svg;Point;Transportation Incident : Air;40160100,icon is MAIN;image file does not exist;
{Symbols_Root}\Appendices\Activities\40160200.emf,32,Transportation Incident : Marine,Activities : Main Icon,Activities;Transportation Incident;Marine;Appendices\Activities\40160200.svg;Point;Transportation Incident : Marine;40160200,icon is MAIN;image file does not exist;
{Symbols_Root}\Appendices\Activities\40160300.emf,32,Transportation Incident : Rail,Activities : Main Icon,Activities;Transportation Incident;Rail;Appendices\Activities\40160300.svg;Point;Transportation Incident : Rail;40160300,icon is MAIN;image file does not exist;
{Symbols_Root}\Appendices\Activities\40160400.emf,32,Transportation Incident : Vehicle,Activities : Main Icon,Activities;Transportation Incident;Vehicle;Appendices\Activities\40160400.svg;Point;Transportation Incident : Vehicle;40160400,icon is MAIN;image file does not exist;
{Symbols_Root}\Appendices\Activities\40160500.emf,32,Transportation Incident : Wheeled Vehicle Explosion,Activities : Main Icon,Activities;Transportation Incident;Wheeled Vehicle Explosion;Appendices\Activities\40160500.svg;Point;Transportation Incident : Wheeled Vehicle Explosion;40160500,icon is MAIN;image file does not exist;
{Symbols_Root}\Appendices\Activities\40170000.emf,32,Natural Event,Activities : Main Icon,Activities;Natural Event;Appendices\Activities\40170000.svg;Point;Natural Event;40170000,icon is MAIN;image file does not exist;
{Symbols_Root}\Appendices\Activities\40170100.emf,32,Natural Event : Geologic,Activities : Main Icon,Activities;Natural Event;Geologic;Appendices\Activities\40170100.svg;Point;Natural Event : Geologic;40170100,icon is MAIN;image file does not exist;
{Symbols_Root}\Appendices\Activities\40170101.emf,32,Natural Event : Geologic : Aftershock,Activities : Main Icon,Activities;Natural Event;Geologic;Aftershock;Appendices\Activities\40170101.svg;Point;Natural Event : Geologic : Aftershock;40170101,icon is MAIN;image file does not exist;
{Symbols_Root}\Appendices\Activities\40170102.emf,32,Natural Event : Geologic : Avalanche,Activities : Main Icon,Activities;Natural Event;Geologic;Avalanche;Appendices\Activities\40170102.svg;Point;Natural Event : Geologic : Avalanche;40170102,icon is MAIN;image file does not exist;
{Symbols_Root}\Appendices\Activities\40170103.emf,32,Natural Event : Geologic : Earthquake Epicenter,Activities : Main Icon,Activities;Natural Event;Geologic;Earthquake Epicenter;Appendices\Activities\40170103.svg;Point;Natural Event : Geologic : Earthquake Epicenter;40170103,icon is MAIN;image file does not exist;
{Symbols_Root}\Appendices\Activities\40170104.emf,32,Natural Event : Geologic : Landslide,Activities : Main Icon,Activities;Natural Event;Geologic;Landslide;Appendices\Activities\40170104.svg;Point;Natural Event : Geologic : Landslide;40170104,icon is MAIN;image file does not exist;
{Symbols_Root}\Appendices\Activities\40170105.emf,32,Natural Event : Geologic : Subsidence,Activities : Main Icon,Activities;Natural Event;Geologic;Subsidence;Appendices\Activities\40170105.svg;Point;Natural Event : Geologic : Subsidence;40170105,icon is MAIN;image file does not exist;
{Symbols_Root}\Appendices\Activities\40170106.emf,32,Natural Event : Geologic : Volcanic Eruption,Activities : Main Icon,Activities;Natural Event;Geologic;Volcanic Eruption;Appendices\Activities\40170106.svg;Point;Natural Event : Geologic : Volcanic Eruption;40170106,icon is MAIN;image file does not exist;
{Symbols_Root}\Appendices\Activities\40170107.emf,32,Natural Event : Geologic : Volcanic Threat,Activities : Main Icon,Activities;Natural Event;Geologic;Volcanic Threat;Appendices\Activities\40170107.svg;Point;Natural Event : Geologic : Volcanic Threat;40170107,icon is MAIN;image file does not exist;
{Symbols_Root}\Appendices\Activities\40170108.emf,32,Natural Event : Geologic : Cave Entrance,Activities : Main Icon,Activities;Natural Event;Geologic;Cave Entrance;Appendices\Activities\40170108.svg;Point;Natural Event : Geologic : Cave Entrance;40170108,icon is MAIN;image file does not exist;
{Symbols_Root}\Appendices\Activities\40170200.emf,32,Natural Event : Hydro-Meteorological,Activities : Main Icon,Activities;Natural Event;Hydro-Meteorological;Appendices\Activities\40170200.svg;Point;Natural Event : Hydro-Meteorological;40170200,icon is MAIN;image file does not exist;
{Symbols_Root}\Appendices\Activities\40170201.emf,32,Natural Event : Hydro-Meteorological : Drought,Activities : Main Icon,Activities;Natural Event;Hydro-Meteorological;Drought;Appendices\Activities\40170201.svg;Point;Natural Event : Hydro-Meteorological : Drought;40170201,icon is MAIN;image file does not exist;
{Symbols_Root}\Appendices\Activities\40170202.emf,32,Natural Event : Hydro-Meteorological : Flood,Activities : Main Icon,Activities;Natural Event;Hydro-Meteorological;Flood;Appendices\Activities\40170202.svg;Point;Natural Event : Hydro-Meteorological : Flood;40170202,icon is MAIN;image file does not exist;
{Symbols_Root}\Appendices\Activities\40170203.emf,32,Natural Event : Hydro-Meteorological : Tsunami,Activities : Main Icon,Activities;Natural Event;Hydro-Meteorological;Tsunami;Appendices\Activities\40170203.svg;Point;Natural Event : Hydro-Meteorological : Tsunami;40170203,icon is MAIN;image file does not exist;
{Symbols_Root}\Appendices\Activities\40170300.emf,32,Natural Event : Infestation,Activities : Main Icon,Activities;Natural Event;Infestation;Appendices\Activities\40170300.svg;Point;Natural Event : Infestation;40170300,icon is MAIN;image file does not exist;
{Symbols_Root}\Appendices\Activities\40170301.emf,32,Natural Event : Infestation : Bird,Activities : Main Icon,Activities;Natural Event;Infestation;Bird;Appendices\Activities\40170301.svg;Point;Natural Event : Infestation : Bird;40170301,icon is MAIN;image file does not exist;
{Symbols_Root}\Appendices\Activities\40170302.emf,32,Natural Event : Infestation : Insect,Activities : Main Icon,Activities;Natural Event;Infestation;Insect;Appendices\Activities\40170302.svg;Point;Natural Event : Infestation : Insect;40170302,icon is MAIN;image file does not exist;
{Symbols_Root}\Appendices\Activities\40170303.emf,32,Natural Event : Infestation : Microbial,Activities : Main Icon,Activities;Natural Event;Infestation;Microbial;Appendices\Activities\40170303.svg;Point;Natural Event : Infestation : Microbial;40170303,icon is MAIN;image file does not exist;
{Symbols_Root}\Appendices\Activities\40170304.emf,32,Natural Event : Infestation : Reptile,Activities : Main Icon,Activities;Natural Event;Infestation;Reptile;Appendices\Activities\40170304.svg;Point;Natural Event : Infestation : Reptile;40170304,icon is MAIN;image file does not exist;
{Symbols_Root}\Appendices\Activities\40170305.emf,32,Natural Event : Infestation : Rodent,Activities : Main Icon,Activities;Natural Event;Infestation;Rodent;Appendices\Activities\40170305.svg;Point;Natural Event : Infestation : Rodent;40170305,icon is MAIN;image file does not exist;
{Symbols_Root}\Appendices\Activities\40180100.emf,32,Individual : Religious Leader,Activities : Main Icon,Activities;Individual;Religious Leader;Appendices\Activities\40180100.svg;Point;Individual : Religious Leader;40180100,icon is MAIN;image file does not exist;
{Symbols_Root}\Appendices\Activities\40180200.emf,32,Individual : Speaker,Activities : Main Icon,Activities;Individual;Speaker;Appendices\Activities\40180200.svg;Point;Individual : Speaker;40180200,icon is MAIN;image file does not exist;
{Symbols_Root}\Appendices\Activities\mod1\40011.emf,32,Crime : Assasination (Activities),Activities : Modifier 1,Activities;Modifier 1;Assassination;Appendices\Activities\mod1\40011.svg;Point;Crime : Assasination (Activities);40011,image file does not exist;
{Symbols_Root}\Appendices\Activities\mod1\40021.emf,32,Crime : Execution (Wrongful Killing) (Activities),Activities : Modifier 1,Activities;Modifier 1;Execution (Wrongful Killing);Appendices\Activities\mod1\40021.svg;Point;Crime : Execution (Wrongful Killing) (Activities);40021,image file does not exist;
{Symbols_Root}\Appendices\Activities\mod1\40031.emf,32,Crime : Hijacking/Hijacked (Activities),Activities : Modifier 1,Activities;Modifier 1;Hijacking/Hijacked;Appendices\Activities\mod1\40031.svg;Point;Crime : Hijacking/Hijacked (Activities);40031,image file does not exist;
{Symbols_Root}\Appendices\Activities\mod1\40041.emf,32,Psychological Operations : House-to-House,Activities : Modifier 1,Activities;Modifier 1;House-to-House;Appendices\Activities\mod1\40041.svg;Point;Psychological Operations : House-to-House;40041,image file does not exist;
{Symbols_Root}\Appendices\Activities\mod1\40051.emf,32,Crime : Kidnapping (Activities),Activities : Modifier 1,Activities;Modifier 1;Kidnapping;Appendices\Activities\mod1\40051.svg;Point;Crime : Kidnapping (Activities);40051,image file does not exist;
{Symbols_Root}\Appendices\Activities\mod1\40061.emf,32,Crime : Murder,Activities : Modifier 1,Activities;Modifier 1;Murder;Appendices\Activities\mod1\40061.svg;Point;Crime : Murder;40061,image file does not exist;
{Symbols_Root}\Appendices\Activities\mod1\40071.emf,32,Crime : Piracy (Activities),Activities : Modifier 1,Activities;Modifier 1;Piracy;Appendices\Activities\mod1\40071.svg;Point;Crime : Piracy (Activities);40071,image file does not exist;
{Symbols_Root}\Appendices\Activities\mod1\40081.emf,32,Crime : Rape (Activities),Activities : Modifier 1,Activities;Modifier 1;Rape;Appendices\Activities\mod1\40081.svg;Point;Crime : Rape (Activities);40081,image file does not exist;
{Symbols_Root}\Appendices\Activities\mod1\40091.emf,32,Psychological Operations : Written Psychological Operations,Activities : Modifier 1,Activities;Modifier 1;Written Psychological Operations;Appendices\Activities\mod1\40091.svg;Point;Psychological Operations : Written Psychological Operations;40091,image file does not exist;
{Symbols_Root}\Appendices\Activities\mod1\40101.emf,32,Crime : Pirate,Activities : Modifier 1,Activities;Modifier 1;Pirate;Appendices\Activities\mod1\40101.svg;Point;Crime : Pirate;40101,image file does not exist;
{Symbols_Root}\Appendices\Activities\mod1\40111.emf,32,IED Category : False,Activities : Modifier 1,Activities;Modifier 1;False;Appendices\Activities\mod1\40111.svg;Point;IED Category : False;40111,image file does not exist;
{Symbols_Root}\Appendices\Activities\mod1\40121.emf,32,IED Category : Find,Activities : Modifier 1,Activities;Modifier 1;Find;Appendices\Activities\mod1\40121.svg;Point;IED Category : Find;40121,image file does not exist;
{Symbols_Root}\Appendices\Activities\mod1\40131.emf,32,IED Category : Found and Cleared,Activities : Modifier 1,Activities;Modifier 1;Found and Cleared;Appendices\Activities\mod1\40131.svg;Point;IED Category : Found and Cleared;40131,image file does not exist;
{Symbols_Root}\Appendices\Activities\mod1\40141.emf,32,IED Category : Hoax (Decoy),Activities : Modifier 1,Activities;Modifier 1;Hoax (Decoy);Appendices\Activities\mod1\40141.svg;Point;IED Category : Hoax (Decoy);40141,image file does not exist;
{Symbols_Root}\Appendices\Activities\mod1\40151.emf,32,Incident Qualifier : Attempted,Activities : Modifier 1,Activities;Modifier 1;Attempted;Appendices\Activities\mod1\40151.svg;Point;Incident Qualifier : Attempted;40151,image file does not exist;
{Symbols_Root}\Appendices\Activities\mod1\40161.emf,32,Incident Qualifier : Accident,Activities : Modifier 1,Activities;Modifier 1;Accident;Appendices\Activities\mod1\40161.svg;Point;Incident Qualifier : Accident;40161,image file does not exist;
{Symbols_Root}\Appendices\Activities\mod1\40171.emf,32,Incident Qualifier : Incident,Activities : Modifier 1,Activities;Modifier 1;Incident;Appendices\Activities\mod1\40171.svg;Point;Incident Qualifier : Incident;40171,image file does not exist;
{Symbols_Root}\Appendices\Activities\mod1\40181.emf,32,Crime : Theft,Activities : Modifier 1,Activities;Modifier 1;Theft;Appendices\Activities\mod1\40181.svg;Point;Crime : Theft;40181,image file does not exist;
