filePath,pointSize,styleItemName,styleItemCategory,styleItemTags,notes
{Symbols_Root}\Appendices\ControlMeasures\25120100.emf,32,Command and Control Areas : Area of Operations,Control Measure : Main Icon,Control Measure;Command and Control Areas;Area of Operations;Appendices\ControlMeasures\25120100.svg;Area;Command and Control Areas : Area of Operations;25120100,icon is MAIN;image file does not exist;
{Symbols_Root}\Appendices\ControlMeasures\25120200.emf,32,Command and Control Areas : Named Area of Interest,Control Measure : Main Icon,Control Measure;Command and Control Areas;Named Area of Interest;Appendices\ControlMeasures\25120200.svg;Area;Command and Control Areas : Named Area of Interest;25120200,icon is MAIN;image file does not exist;
{Symbols_Root}\Appendices\ControlMeasures\25120300.emf,32,Command and Control Areas : Targeted Area of Interest,Control Measure : Main Icon,Control Measure;Command and Control Areas;Targeted Area of Interest;Appendices\ControlMeasures\25120300.svg;Area;Command and Control Areas : Targeted Area of Interest;25120300,icon is MAIN;image file does not exist;
{Symbols_Root}\Appendices\ControlMeasures\25141300.emf,32,Maneuver Lines : Airhead Line,Control Measure : Main Icon,Control Measure;Maneuver Lines;Airhead Line;Appendices\ControlMeasures\25141300.svg;Area;Maneuver Lines : Airhead Line;25141300,icon is MAIN;image file does not exist;
{Symbols_Root}\Appendices\ControlMeasures\25150101.emf,32,Maneuver Areas : Area : Friendly,Control Measure : Main Icon,Control Measure;Maneuver Areas;Area;Friendly;Appendices\ControlMeasures\25150101.svg;Area;Maneuver Areas : Area : Friendly;25150101,icon is MAIN;image file does not exist;
{Symbols_Root}\Appendices\ControlMeasures\25150102.emf,32,Maneuver Areas : Area : Friendly Planned or On Order,Control Measure : Main Icon,Control Measure;Maneuver Areas;Area;Friendly Planned or On Order;Appendices\ControlMeasures\25150102.svg;Area;Maneuver Areas : Area : Friendly Planned or On Order;25150102,icon is MAIN;image file does not exist;
{Symbols_Root}\Appendices\ControlMeasures\25150103.emf,32,Maneuver Areas : Area : Enemy Known or Confirmed,Control Measure : Main Icon,Control Measure;Maneuver Areas;Area;Enemy Known or Confirmed;Appendices\ControlMeasures\25150103.svg;Area;Maneuver Areas : Area : Enemy Known or Confirmed;25150103,icon is MAIN;image file does not exist;
{Symbols_Root}\Appendices\ControlMeasures\25150104.emf,32,Maneuver Areas : Area : Enemy Suspected,Control Measure : Main Icon,Control Measure;Maneuver Areas;Area;Enemy Suspected;Appendices\ControlMeasures\25150104.svg;Area;Maneuver Areas : Area : Enemy Suspected;25150104,icon is MAIN;image file does not exist;
{Symbols_Root}\Appendices\ControlMeasures\25150200.emf,32,Maneuver Areas : Assembly Area,Control Measure : Main Icon,Control Measure;Maneuver Areas;Assembly Area;Appendices\ControlMeasures\25150200.svg;Area;Maneuver Areas : Assembly Area;25150200,icon is MAIN;image file does not exist;
{Symbols_Root}\Appendices\ControlMeasures\25150300.emf,32,Maneuver Areas : Occupied Assembly Area,Control Measure : Main Icon,Control Measure;Maneuver Areas;Occupied Assembly Area;Appendices\ControlMeasures\25150300.svg;Area;Maneuver Areas : Occupied Assembly Area;25150300,icon is MAIN;image file does not exist;
{Symbols_Root}\Appendices\ControlMeasures\25150301.emf,32,Maneuver Areas : Occupied Assembly Area : Occupied Assembly Area w/ Offset Unit,Control Measure : Main Icon,Control Measure;Maneuver Areas;Occupied Assembly Area;Occupied Assembly Area w/ Offset Unit;Appendices\ControlMeasures\25150301.svg;Area;Maneuver Areas : Occupied Assembly Area : Occupied Assembly Area w/ Offset Unit;25150301,icon is MAIN;image file does not exist;
{Symbols_Root}\Appendices\ControlMeasures\25150302.emf,32,Maneuver Areas : Occupied Assembly Area : Occupied Assembly Area w/ Offset Units,Control Measure : Main Icon,Control Measure;Maneuver Areas;Occupied Assembly Area;Occupied Assembly Area w/ Offset Units;Appendices\ControlMeasures\25150302.svg;Area;Maneuver Areas : Occupied Assembly Area : Occupied Assembly Area w/ Offset Units;25150302,icon is MAIN;image file does not exist;
{Symbols_Root}\Appendices\ControlMeasures\25150400.emf,32,Maneuver Areas : Proposed or On Order Assembly Area,Control Measure : Main Icon,Control Measure;Maneuver Areas;Proposed or On Order Assembly Area;Appendices\ControlMeasures\25150400.svg;Area;Maneuver Areas : Proposed or On Order Assembly Area;25150400,icon is MAIN;image file does not exist;
{Symbols_Root}\Appendices\ControlMeasures\25150501.emf,32,Maneuver Areas : Action Area : Joint Tactical Action Area (JTAA),Control Measure : Main Icon,Control Measure;Maneuver Areas;Action Area;Joint Tactical Action Area (JTAA);Appendices\ControlMeasures\25150501.svg;Area;Maneuver Areas : Action Area : Joint Tactical Action Area (JTAA);25150501,icon is MAIN;image file does not exist;
{Symbols_Root}\Appendices\ControlMeasures\25150502.emf,32,Maneuver Areas : Action Area : Submarine Action Area (SAA),Control Measure : Main Icon,Control Measure;Maneuver Areas;Action Area;Submarine Action Area (SAA);Appendices\ControlMeasures\25150502.svg;Area;Maneuver Areas : Action Area : Submarine Action Area (SAA);25150502,icon is MAIN;image file does not exist;
{Symbols_Root}\Appendices\ControlMeasures\25150503.emf,32,Maneuver Areas : Action Area : Submarine-Generated Action Area (SGAA),Control Measure : Main Icon,Control Measure;Maneuver Areas;Action Area;Submarine-Generated Action Area (SGAA);Appendices\ControlMeasures\25150503.svg;Area;Maneuver Areas : Action Area : Submarine-Generated Action Area (SGAA);25150503,icon is MAIN;image file does not exist;
{Symbols_Root}\Appendices\ControlMeasures\25150600.emf,32,Maneuver Areas : Drop Zone,Control Measure : Main Icon,Control Measure;Maneuver Areas;Drop Zone;Appendices\ControlMeasures\25150600.svg;Area;Maneuver Areas : Drop Zone;25150600,icon is MAIN;image file does not exist;
{Symbols_Root}\Appendices\ControlMeasures\25150700.emf,32,Maneuver Areas : Extraction Zone,Control Measure : Main Icon,Control Measure;Maneuver Areas;Extraction Zone;Appendices\ControlMeasures\25150700.svg;Area;Maneuver Areas : Extraction Zone;25150700,icon is MAIN;image file does not exist;
{Symbols_Root}\Appendices\ControlMeasures\25150800.emf,32,Maneuver Areas : Landing Zone,Control Measure : Main Icon,Control Measure;Maneuver Areas;Landing Zone;Appendices\ControlMeasures\25150800.svg;Area;Maneuver Areas : Landing Zone;25150800,icon is MAIN;image file does not exist;
{Symbols_Root}\Appendices\ControlMeasures\25150900.emf,32,Maneuver Areas : Pick-Up Zone,Control Measure : Main Icon,Control Measure;Maneuver Areas;Pick-Up Zone;Appendices\ControlMeasures\25150900.svg;Area;Maneuver Areas : Pick-Up Zone;25150900,icon is MAIN;image file does not exist;
{Symbols_Root}\Appendices\ControlMeasures\25151000.emf,32,Maneuver Areas : Fortified Area,Control Measure : Main Icon,Control Measure;Maneuver Areas;Fortified Area;Appendices\ControlMeasures\25151000.svg;Area;Maneuver Areas : Fortified Area;25151000,icon is MAIN;image file does not exist;
{Symbols_Root}\Appendices\ControlMeasures\25151100.emf,32,Maneuver Areas : Limited Access Area,Control Measure : Main Icon,Control Measure;Maneuver Areas;Limited Access Area;Appendices\ControlMeasures\25151100.svg;Area;Maneuver Areas : Limited Access Area;25151100,icon is MAIN;image file does not exist;
{Symbols_Root}\Appendices\ControlMeasures\25151200.emf,32,Maneuver Areas : Battle Position,Control Measure : Main Icon,Control Measure;Maneuver Areas;Battle Position;Appendices\ControlMeasures\25151200.svg;Area;Maneuver Areas : Battle Position;25151200,icon is MAIN;image file does not exist;
{Symbols_Root}\Appendices\ControlMeasures\25151201.emf,32,Maneuver Areas : Battle Position : Battle Position - Planned,Control Measure : Main Icon,Control Measure;Maneuver Areas;Battle Position;Battle Position - Planned;Appendices\ControlMeasures\25151201.svg;Area;Maneuver Areas : Battle Position : Battle Position - Planned;25151201,icon is MAIN;image file does not exist;
{Symbols_Root}\Appendices\ControlMeasures\25151202.emf,32,Maneuver Areas : Battle Position : Battle Position - Prepared (P) but not Occupied,Control Measure : Main Icon,Control Measure;Maneuver Areas;Battle Position;Battle Position - Prepared (P) but not Occupied;Appendices\ControlMeasures\25151202.svg;Area;Maneuver Areas : Battle Position : Battle Position - Prepared (P) but not Occupied;25151202,icon is MAIN;image file does not exist;
{Symbols_Root}\Appendices\ControlMeasures\25151203.emf,32,Maneuver Areas : Battle Position : Strong Point,Control Measure : Main Icon,Control Measure;Maneuver Areas;Battle Position;Strong Point;Appendices\ControlMeasures\25151203.svg;Area;Maneuver Areas : Battle Position : Strong Point;25151203,icon is MAIN;image file does not exist;
{Symbols_Root}\Appendices\ControlMeasures\25151300.emf,32,Maneuver Areas : Engagement Area (EA),Control Measure : Main Icon,Control Measure;Maneuver Areas;Engagement Area (EA);Appendices\ControlMeasures\25151300.svg;Area;Maneuver Areas : Engagement Area (EA);25151300,icon is MAIN;image file does not exist;
{Symbols_Root}\Appendices\ControlMeasures\25151500.emf,32,Maneuver Areas : Assault Position,Control Measure : Main Icon,Control Measure;Maneuver Areas;Assault Position;Appendices\ControlMeasures\25151500.svg;Area;Maneuver Areas : Assault Position;25151500,icon is MAIN;image file does not exist;
{Symbols_Root}\Appendices\ControlMeasures\25151600.emf,32,Maneuver Areas : Attack Position,Control Measure : Main Icon,Control Measure;Maneuver Areas;Attack Position;Appendices\ControlMeasures\25151600.svg;Area;Maneuver Areas : Attack Position;25151600,icon is MAIN;image file does not exist;
{Symbols_Root}\Appendices\ControlMeasures\25151700.emf,32,Maneuver Areas : Objective,Control Measure : Main Icon,Control Measure;Maneuver Areas;Objective;Appendices\ControlMeasures\25151700.svg;Area;Maneuver Areas : Objective;25151700,icon is MAIN;image file does not exist;
{Symbols_Root}\Appendices\ControlMeasures\25151801.emf,32,Maneuver Areas : Encirclement : Friendly,Control Measure : Main Icon,Control Measure;Maneuver Areas;Encirclement;Friendly;Appendices\ControlMeasures\25151801.svg;Area;Maneuver Areas : Encirclement : Friendly;25151801,icon is MAIN;image file does not exist;
{Symbols_Root}\Appendices\ControlMeasures\25151802.emf,32,Maneuver Areas : Encirclement : Enemy,Control Measure : Main Icon,Control Measure;Maneuver Areas;Encirclement;Enemy;Appendices\ControlMeasures\25151802.svg;Area;Maneuver Areas : Encirclement : Enemy;25151802,icon is MAIN;image file does not exist;
{Symbols_Root}\Appendices\ControlMeasures\25151900.emf,32,Maneuver Areas : Penetration Box,Control Measure : Main Icon,Control Measure;Maneuver Areas;Penetration Box;Appendices\ControlMeasures\25151900.svg;Area;Maneuver Areas : Penetration Box;25151900,icon is MAIN;image file does not exist;
{Symbols_Root}\Appendices\ControlMeasures\25152000.emf,32,Maneuver Areas : Attack by Fire Position,Control Measure : Main Icon,Control Measure;Maneuver Areas;Attack by Fire Position;Appendices\ControlMeasures\25152000.svg;Area;Maneuver Areas : Attack by Fire Position;25152000,icon is MAIN;image file does not exist;
{Symbols_Root}\Appendices\ControlMeasures\25170100.emf,32,Air Corridors : Air Corridor,Control Measure : Main Icon,Control Measure;Airspace Control (Corridors) Areas;Air Corridor;Appendices\ControlMeasures\25170100.svg;Area;Air Corridors : Air Corridor;25170100,icon is MAIN;image file does not exist;
{Symbols_Root}\Appendices\ControlMeasures\25170101.emf,32,Air Corridors : Air Corridor : With Multiple Segments,Control Measure : Main Icon,Control Measure;Airspace Control (Corridors) Areas;Air Corridor;With Multiple Segments;Appendices\ControlMeasures\25170101.svg;Area;Air Corridors : Air Corridor : With Multiple Segments;25170101,icon is MAIN;image file does not exist;
{Symbols_Root}\Appendices\ControlMeasures\25170200.emf,32,Air Corridors : Low Level Transit Route,Control Measure : Main Icon,Control Measure;Airspace Control (Corridors) Areas;Low Level Transit Route;Appendices\ControlMeasures\25170200.svg;Area;Air Corridors : Low Level Transit Route;25170200,icon is MAIN;image file does not exist;
{Symbols_Root}\Appendices\ControlMeasures\25170300.emf,32,Air Corridors : Minimum-Risk Route,Control Measure : Main Icon,Control Measure;Airspace Control (Corridors) Areas;Minimum-Risk Route;Appendices\ControlMeasures\25170300.svg;Area;Air Corridors : Minimum-Risk Route;25170300,icon is MAIN;image file does not exist;
{Symbols_Root}\Appendices\ControlMeasures\25170400.emf,32,Air Corridors : Safe Lane,Control Measure : Main Icon,Control Measure;Airspace Control (Corridors) Areas;Safe Lane;Appendices\ControlMeasures\25170400.svg;Area;Air Corridors : Safe Lane;25170400,icon is MAIN;image file does not exist;
{Symbols_Root}\Appendices\ControlMeasures\25170500.emf,32,Air Corridors : Standard Use Army Aircraft Flight Route,Control Measure : Main Icon,Control Measure;Airspace Control (Corridors) Areas;Standard Use Army Aircraft Flight Route;Appendices\ControlMeasures\25170500.svg;Area;Air Corridors : Standard Use Army Aircraft Flight Route;25170500,icon is MAIN;image file does not exist;
{Symbols_Root}\Appendices\ControlMeasures\25170600.emf,32,Air Corridors : Transit Corridor,Control Measure : Main Icon,Control Measure;Airspace Control (Corridors) Areas;Transit Corridor;Appendices\ControlMeasures\25170600.svg;Area;Air Corridors : Transit Corridor;25170600,icon is MAIN;image file does not exist;
{Symbols_Root}\Appendices\ControlMeasures\25170700.emf,32,Air Corridors : Unmanned Aircraft (UA) Route,Control Measure : Main Icon,Control Measure;Airspace Control (Corridors) Areas;Unmanned Aircraft (UA) Route;Appendices\ControlMeasures\25170700.svg;Area;Air Corridors : Unmanned Aircraft (UA) Route;25170700,icon is MAIN;image file does not exist;
{Symbols_Root}\Appendices\ControlMeasures\25170800.emf,32,Air Corridors : Base Defense Zone,Control Measure : Main Icon,Control Measure;Airspace Control (Corridors) Areas;Base Defense Zone;Appendices\ControlMeasures\25170800.svg;Area;Air Corridors : Base Defense Zone;25170800,icon is MAIN;image file does not exist;
{Symbols_Root}\Appendices\ControlMeasures\25170900.emf,32,Air Corridors : High-Density Airspace Control Zone,Control Measure : Main Icon,Control Measure;Airspace Control (Corridors) Areas;High-Density Airspace Control Zone;Appendices\ControlMeasures\25170900.svg;Area;Air Corridors : High-Density Airspace Control Zone;25170900,icon is MAIN;image file does not exist;
{Symbols_Root}\Appendices\ControlMeasures\25171000.emf,32,Air Corridors : Restricted Operations Zone,Control Measure : Main Icon,Control Measure;Airspace Control (Corridors) Areas;Restricted Operations Zone;Appendices\ControlMeasures\25171000.svg;Area;Air Corridors : Restricted Operations Zone;25171000,icon is MAIN;image file does not exist;
{Symbols_Root}\Appendices\ControlMeasures\25171100.emf,32,Air Corridors : Air-to-Air Restricted Operating Zone,Control Measure : Main Icon,Control Measure;Airspace Control (Corridors) Areas;Air-to-Air Restricted Operating Zone;Appendices\ControlMeasures\25171100.svg;Area;Air Corridors : Air-to-Air Restricted Operating Zone;25171100,icon is MAIN;image file does not exist;
{Symbols_Root}\Appendices\ControlMeasures\25171200.emf,32,Air Corridors : Unmanned Aircraft Restricted Operating Zone,Control Measure : Main Icon,Control Measure;Airspace Control (Corridors) Areas;Unmanned Aircraft Restricted Operating Zone;Appendices\ControlMeasures\25171200.svg;Area;Air Corridors : Unmanned Aircraft Restricted Operating Zone;25171200,icon is MAIN;image file does not exist;
{Symbols_Root}\Appendices\ControlMeasures\25171300.emf,32,Air Corridors : Weapon Engagement Zone,Control Measure : Main Icon,Control Measure;Airspace Control (Corridors) Areas;Weapon Engagement Zone;Appendices\ControlMeasures\25171300.svg;Area;Air Corridors : Weapon Engagement Zone;25171300,icon is MAIN;image file does not exist;
{Symbols_Root}\Appendices\ControlMeasures\25171400.emf,32,Air Corridors : Fighter Engagement Zone,Control Measure : Main Icon,Control Measure;Airspace Control (Corridors) Areas;Fighter Engagement Zone;Appendices\ControlMeasures\25171400.svg;Area;Air Corridors : Fighter Engagement Zone;25171400,icon is MAIN;image file does not exist;
{Symbols_Root}\Appendices\ControlMeasures\25171500.emf,32,Air Corridors : Joint Engagement Zone,Control Measure : Main Icon,Control Measure;Airspace Control (Corridors) Areas;Joint Engagement Zone;Appendices\ControlMeasures\25171500.svg;Area;Air Corridors : Joint Engagement Zone;25171500,icon is MAIN;image file does not exist;
{Symbols_Root}\Appendices\ControlMeasures\25171600.emf,32,Air Corridors : Missile Engagement Zone,Control Measure : Main Icon,Control Measure;Airspace Control (Corridors) Areas;Missile Engagement Zone;Appendices\ControlMeasures\25171600.svg;Area;Air Corridors : Missile Engagement Zone;25171600,icon is MAIN;image file does not exist;
{Symbols_Root}\Appendices\ControlMeasures\25171700.emf,32,Air Corridors : Low Altitude Missile Engagement Zone,Control Measure : Main Icon,Control Measure;Airspace Control (Corridors) Areas;Low Altitude Missile Engagement Zone;Appendices\ControlMeasures\25171700.svg;Area;Air Corridors : Low Altitude Missile Engagement Zone;25171700,icon is MAIN;image file does not exist;
{Symbols_Root}\Appendices\ControlMeasures\25171800.emf,32,Air Corridors : High Altitude Missile Engagement Zone,Control Measure : Main Icon,Control Measure;Airspace Control (Corridors) Areas;High Altitude Missile Engagement Zone;Appendices\ControlMeasures\25171800.svg;Area;Air Corridors : High Altitude Missile Engagement Zone;25171800,icon is MAIN;image file does not exist;
{Symbols_Root}\Appendices\ControlMeasures\25171900.emf,32,Air Corridors : Short Range Air Defense Engagement Zone,Control Measure : Main Icon,Control Measure;Airspace Control (Corridors) Areas;Short Range Air Defense Engagement Zone;Appendices\ControlMeasures\25171900.svg;Area;Air Corridors : Short Range Air Defense Engagement Zone;25171900,icon is MAIN;image file does not exist;
{Symbols_Root}\Appendices\ControlMeasures\25172000.emf,32,Air Corridors : Weapons Free Zone,Control Measure : Main Icon,Control Measure;Airspace Control (Corridors) Areas;Weapons Free Zone;Appendices\ControlMeasures\25172000.svg;Area;Air Corridors : Weapons Free Zone;25172000,icon is MAIN;image file does not exist;
{Symbols_Root}\Appendices\ControlMeasures\25200101.emf,32,Maritime Areas : Launch Area : Ellipse/Circle,Control Measure : Main Icon,Control Measure;Maritime Control Areas;Launch Area;Ellipse/Circle;Appendices\ControlMeasures\25200101.svg;Area;Maritime Areas : Launch Area : Ellipse/Circle;25200101,icon is MAIN;image file does not exist;
{Symbols_Root}\Appendices\ControlMeasures\25200201.emf,32,Maritime Areas : Defended Area : Ellipse/Circle,Control Measure : Main Icon,Control Measure;Maritime Control Areas;Defended Area;Ellipse/Circle;Appendices\ControlMeasures\25200201.svg;Area;Maritime Areas : Defended Area : Ellipse/Circle;25200201,icon is MAIN;image file does not exist;
{Symbols_Root}\Appendices\ControlMeasures\25200202.emf,32,Maritime Areas : Defended Area : Rectangle,Control Measure : Main Icon,Control Measure;Maritime Control Areas;Defended Area;Rectangle;Appendices\ControlMeasures\25200202.svg;Area;Maritime Areas : Defended Area : Rectangle;25200202,icon is MAIN;image file does not exist;
{Symbols_Root}\Appendices\ControlMeasures\25200300.emf,32,Maritime Areas : No Attack (NOTACK) Zone,Control Measure : Main Icon,Control Measure;Maritime Control Areas;No Attack (NOTACK) Zone;Appendices\ControlMeasures\25200300.svg;Area;Maritime Areas : No Attack (NOTACK) Zone;25200300,icon is MAIN;image file does not exist;
{Symbols_Root}\Appendices\ControlMeasures\25200400.emf,32,Maritime Areas : Ship Area of Interest,Control Measure : Main Icon,Control Measure;Maritime Control Areas;Ship Area of Interest;Appendices\ControlMeasures\25200400.svg;Area;Maritime Areas : Ship Area of Interest;25200400,icon is MAIN;image file does not exist;
{Symbols_Root}\Appendices\ControlMeasures\25200401.emf,32,Maritime Areas : Ship Area of Interest : Ellipse/Circle,Control Measure : Main Icon,Control Measure;Maritime Control Areas;Ship Area of Interest;Ellipse/Circle;Appendices\ControlMeasures\25200401.svg;Area;Maritime Areas : Ship Area of Interest : Ellipse/Circle;25200401,icon is MAIN;image file does not exist;
{Symbols_Root}\Appendices\ControlMeasures\25200402.emf,32,Maritime Areas : Ship Area of Interest : Rectangle,Control Measure : Main Icon,Control Measure;Maritime Control Areas;Ship Area of Interest;Rectangle;Appendices\ControlMeasures\25200402.svg;Area;Maritime Areas : Ship Area of Interest : Rectangle;25200402,icon is MAIN;image file does not exist;
{Symbols_Root}\Appendices\ControlMeasures\25200500.emf,32,Maritime Areas : Active Maneuver Area,Control Measure : Main Icon,Control Measure;Maritime Control Areas;Active Maneuver Area;Appendices\ControlMeasures\25200500.svg;Area;Maritime Areas : Active Maneuver Area;25200500,icon is MAIN;image file does not exist;
{Symbols_Root}\Appendices\ControlMeasures\25200600.emf,32,Maritime Areas : Cued Acquisition Doctrine,Control Measure : Main Icon,Control Measure;Maritime Control Areas;Cued Acquisition Doctrine;Appendices\ControlMeasures\25200600.svg;Area;Maritime Areas : Cued Acquisition Doctrine;25200600,icon is MAIN;image file does not exist;
{Symbols_Root}\Appendices\ControlMeasures\25200700.emf,32,Maritime Areas : Radar Search Doctrine,Control Measure : Main Icon,Control Measure;Maritime Control Areas;Radar Search Doctrine;Appendices\ControlMeasures\25200700.svg;Area;Maritime Areas : Radar Search Doctrine;25200700,icon is MAIN;image file does not exist;
{Symbols_Root}\Appendices\ControlMeasures\25240101.emf,32,Fires Areas : Airspace Coordination Area : Irregular,Control Measure : Main Icon,Control Measure;Fires Areas;Airspace Coordination Area;Irregular;Appendices\ControlMeasures\25240101.svg;Area;Fires Areas : Airspace Coordination Area : Irregular;25240101,icon is MAIN;image file does not exist;
{Symbols_Root}\Appendices\ControlMeasures\25240102.emf,32,Fires Areas : Airspace Coordination Area : Rectangular,Control Measure : Main Icon,Control Measure;Fires Areas;Airspace Coordination Area;Rectangular;Appendices\ControlMeasures\25240102.svg;Area;Fires Areas : Airspace Coordination Area : Rectangular;25240102,icon is MAIN;image file does not exist;
{Symbols_Root}\Appendices\ControlMeasures\25240103.emf,32,Fires Areas : Airspace Coordination Area : Circular,Control Measure : Main Icon,Control Measure;Fires Areas;Airspace Coordination Area;Circular;Appendices\ControlMeasures\25240103.svg;Area;Fires Areas : Airspace Coordination Area : Circular;25240103,icon is MAIN;image file does not exist;
{Symbols_Root}\Appendices\ControlMeasures\25240201.emf,32,Fires Areas : Free Fire Area : Irregular,Control Measure : Main Icon,Control Measure;Fires Areas;Free Fire Area;Irregular;Appendices\ControlMeasures\25240201.svg;Area;Fires Areas : Free Fire Area : Irregular;25240201,icon is MAIN;image file does not exist;
{Symbols_Root}\Appendices\ControlMeasures\25240202.emf,32,Fires Areas : Free Fire Area : Rectangular,Control Measure : Main Icon,Control Measure;Fires Areas;Free Fire Area;Rectangular;Appendices\ControlMeasures\25240202.svg;Area;Fires Areas : Free Fire Area : Rectangular;25240202,icon is MAIN;image file does not exist;
{Symbols_Root}\Appendices\ControlMeasures\25240203.emf,32,Fires Areas : Free Fire Area : Circular,Control Measure : Main Icon,Control Measure;Fires Areas;Free Fire Area;Circular;Appendices\ControlMeasures\25240203.svg;Area;Fires Areas : Free Fire Area : Circular;25240203,icon is MAIN;image file does not exist;
{Symbols_Root}\Appendices\ControlMeasures\25240301.emf,32,Fires Areas : No Fire Area : Irregular,Control Measure : Main Icon,Control Measure;Fires Areas;No Fire Area;Irregular;Appendices\ControlMeasures\25240301.svg;Area;Fires Areas : No Fire Area : Irregular;25240301,icon is MAIN;image file does not exist;
{Symbols_Root}\Appendices\ControlMeasures\25240302.emf,32,Fires Areas : No Fire Area : Rectangular,Control Measure : Main Icon,Control Measure;Fires Areas;No Fire Area;Rectangular;Appendices\ControlMeasures\25240302.svg;Area;Fires Areas : No Fire Area : Rectangular;25240302,icon is MAIN;image file does not exist;
{Symbols_Root}\Appendices\ControlMeasures\25240303.emf,32,Fires Areas : No Fire Area : Circular,Control Measure : Main Icon,Control Measure;Fires Areas;No Fire Area;Circular;Appendices\ControlMeasures\25240303.svg;Area;Fires Areas : No Fire Area : Circular;25240303,icon is MAIN;image file does not exist;
{Symbols_Root}\Appendices\ControlMeasures\25240401.emf,32,Fires Areas : Restricted Fire Area : Irregular,Control Measure : Main Icon,Control Measure;Fires Areas;Restricted Fire Area;Irregular;Appendices\ControlMeasures\25240401.svg;Area;Fires Areas : Restricted Fire Area : Irregular;25240401,icon is MAIN;image file does not exist;
{Symbols_Root}\Appendices\ControlMeasures\25240402.emf,32,Fires Areas : Restricted Fire Area : Rectangular,Control Measure : Main Icon,Control Measure;Fires Areas;Restricted Fire Area;Rectangular;Appendices\ControlMeasures\25240402.svg;Area;Fires Areas : Restricted Fire Area : Rectangular;25240402,icon is MAIN;image file does not exist;
{Symbols_Root}\Appendices\ControlMeasures\25240403.emf,32,Fires Areas : Restricted Fire Area : Circular,Control Measure : Main Icon,Control Measure;Fires Areas;Restricted Fire Area;Circular;Appendices\ControlMeasures\25240403.svg;Area;Fires Areas : Restricted Fire Area : Circular;25240403,icon is MAIN;image file does not exist;
{Symbols_Root}\Appendices\ControlMeasures\25240501.emf,32,Fires Areas : Position Area For Artillery (PAA) : Rectangular,Control Measure : Main Icon,Control Measure;Fires Areas;Position Area For Artillery (PAA);Rectangular;Appendices\ControlMeasures\25240501.svg;Area;Fires Areas : Position Area For Artillery (PAA) : Rectangular;25240501,icon is MAIN;image file does not exist;
{Symbols_Root}\Appendices\ControlMeasures\25240502.emf,32,Fires Areas : Position Area For Artillery (PAA) : Circular,Control Measure : Main Icon,Control Measure;Fires Areas;Position Area For Artillery (PAA);Circular;Appendices\ControlMeasures\25240502.svg;Area;Fires Areas : Position Area For Artillery (PAA) : Circular;25240502,icon is MAIN;image file does not exist;
{Symbols_Root}\Appendices\ControlMeasures\25240801.emf,32,Fires Areas : Area Targets : Area Target,Control Measure : Main Icon,Control Measure;Fires Areas;Area Targets;Area Target;Appendices\ControlMeasures\25240801.svg;Area;Fires Areas : Area Targets : Area Target;25240801,icon is MAIN;image file does not exist;
{Symbols_Root}\Appendices\ControlMeasures\25240802.emf,32,Fires Areas : Area Targets : Rectangular Target,Control Measure : Main Icon,Control Measure;Fires Areas;Area Targets;Rectangular Target;Appendices\ControlMeasures\25240802.svg;Area;Fires Areas : Area Targets : Rectangular Target;25240802,icon is MAIN;image file does not exist;
{Symbols_Root}\Appendices\ControlMeasures\25240803.emf,32,Fires Areas : Area Targets : Circular Target,Control Measure : Main Icon,Control Measure;Fires Areas;Area Targets;Circular Target;Appendices\ControlMeasures\25240803.svg;Area;Fires Areas : Area Targets : Circular Target;25240803,icon is MAIN;image file does not exist;
{Symbols_Root}\Appendices\ControlMeasures\25240804.emf,32,Fires Areas : Area Targets : Rectangular Target - Single Target,Control Measure : Main Icon,Control Measure;Fires Areas;Area Targets;Rectangular Target - Single Target;Appendices\ControlMeasures\25240804.svg;Area;Fires Areas : Area Targets : Rectangular Target - Single Target;25240804,icon is MAIN;image file does not exist;
{Symbols_Root}\Appendices\ControlMeasures\25240805.emf,32,Fires Areas : Area Targets : Series of Targets,Control Measure : Main Icon,Control Measure;Fires Areas;Area Targets;Series of Targets;Appendices\ControlMeasures\25240805.svg;Area;Fires Areas : Area Targets : Series of Targets;25240805,icon is MAIN;image file does not exist;
{Symbols_Root}\Appendices\ControlMeasures\25240806.emf,32,Fires Areas : Area Targets : Smoke Target,Control Measure : Main Icon,Control Measure;Fires Areas;Area Targets;Smoke Target;Appendices\ControlMeasures\25240806.svg;Area;Fires Areas : Area Targets : Smoke Target;25240806,icon is MAIN;image file does not exist;
{Symbols_Root}\Appendices\ControlMeasures\25240807.emf,32,Fires Areas : Area Targets : Smoke Planned or On Order,Control Measure : Main Icon,Control Measure;Fires Areas;Area Targets;Smoke Planned or On Order;Appendices\ControlMeasures\25240807.svg;Area;Fires Areas : Area Targets : Smoke Planned or On Order;25240807,icon is MAIN;image file does not exist;
{Symbols_Root}\Appendices\ControlMeasures\25240808.emf,32,Fires Areas : Area Targets : Bomb Area,Control Measure : Main Icon,Control Measure;Fires Areas;Area Targets;Bomb Area;Appendices\ControlMeasures\25240808.svg;Area;Fires Areas : Area Targets : Bomb Area;25240808,icon is MAIN;image file does not exist;
{Symbols_Root}\Appendices\ControlMeasures\25241001.emf,32,Fires Areas : Fire Support Area : Irregular,Control Measure : Main Icon,Control Measure;Fires Areas;Fire Support Area;Irregular;Appendices\ControlMeasures\25241001.svg;Area;Fires Areas : Fire Support Area : Irregular;25241001,icon is MAIN;image file does not exist;
{Symbols_Root}\Appendices\ControlMeasures\25241002.emf,32,Fires Areas : Fire Support Area : Rectangular,Control Measure : Main Icon,Control Measure;Fires Areas;Fire Support Area;Rectangular;Appendices\ControlMeasures\25241002.svg;Area;Fires Areas : Fire Support Area : Rectangular;25241002,icon is MAIN;image file does not exist;
{Symbols_Root}\Appendices\ControlMeasures\25241003.emf,32,Fires Areas : Fire Support Area : Circular,Control Measure : Main Icon,Control Measure;Fires Areas;Fire Support Area;Circular;Appendices\ControlMeasures\25241003.svg;Area;Fires Areas : Fire Support Area : Circular;25241003,icon is MAIN;image file does not exist;
{Symbols_Root}\Appendices\ControlMeasures\25241101.emf,32,Fires Areas : Artillery Target Intelligence Zone : Irregular,Control Measure : Main Icon,Control Measure;Fires Areas;Artillery Target Intelligence Zone;Irregular;Appendices\ControlMeasures\25241101.svg;Area;Fires Areas : Artillery Target Intelligence Zone : Irregular;25241101,icon is MAIN;image file does not exist;
{Symbols_Root}\Appendices\ControlMeasures\25241102.emf,32,Fires Areas : Artillery Target Intelligence Zone : Rectangular,Control Measure : Main Icon,Control Measure;Fires Areas;Artillery Target Intelligence Zone;Rectangular;Appendices\ControlMeasures\25241102.svg;Area;Fires Areas : Artillery Target Intelligence Zone : Rectangular;25241102,icon is MAIN;image file does not exist;
{Symbols_Root}\Appendices\ControlMeasures\25241103.emf,32,Fires Areas : Artillery Target Intelligence Zone : Circular,Control Measure : Main Icon,Control Measure;Fires Areas;Artillery Target Intelligence Zone;Circular;Appendices\ControlMeasures\25241103.svg;Area;Fires Areas : Artillery Target Intelligence Zone : Circular;25241103,icon is MAIN;image file does not exist;
{Symbols_Root}\Appendices\ControlMeasures\25241201.emf,32,Fires Areas : Call for Fire Area : Irregular,Control Measure : Main Icon,Control Measure;Fires Areas;Call for Fire Area;Irregular;Appendices\ControlMeasures\25241201.svg;Area;Fires Areas : Call for Fire Area : Irregular;25241201,icon is MAIN;image file does not exist;
{Symbols_Root}\Appendices\ControlMeasures\25241202.emf,32,Fires Areas : Call for Fire Area : Rectangular,Control Measure : Main Icon,Control Measure;Fires Areas;Call for Fire Area;Rectangular;Appendices\ControlMeasures\25241202.svg;Area;Fires Areas : Call for Fire Area : Rectangular;25241202,icon is MAIN;image file does not exist;
{Symbols_Root}\Appendices\ControlMeasures\25241203.emf,32,Fires Areas : Call for Fire Area : Circular,Control Measure : Main Icon,Control Measure;Fires Areas;Call for Fire Area;Circular;Appendices\ControlMeasures\25241203.svg;Area;Fires Areas : Call for Fire Area : Circular;25241203,icon is MAIN;image file does not exist;
{Symbols_Root}\Appendices\ControlMeasures\25241301.emf,32,Fires Areas : Censor Zone : Irregular,Control Measure : Main Icon,Control Measure;Fires Areas;Censor Zone;Irregular;Appendices\ControlMeasures\25241301.svg;Area;Fires Areas : Censor Zone : Irregular;25241301,icon is MAIN;image file does not exist;
{Symbols_Root}\Appendices\ControlMeasures\25241302.emf,32,Fires Areas : Censor Zone : Rectangular,Control Measure : Main Icon,Control Measure;Fires Areas;Censor Zone;Rectangular;Appendices\ControlMeasures\25241302.svg;Area;Fires Areas : Censor Zone : Rectangular;25241302,icon is MAIN;image file does not exist;
{Symbols_Root}\Appendices\ControlMeasures\25241303.emf,32,Fires Areas : Censor Zone : Circular,Control Measure : Main Icon,Control Measure;Fires Areas;Censor Zone;Circular;Appendices\ControlMeasures\25241303.svg;Area;Fires Areas : Censor Zone : Circular;25241303,icon is MAIN;image file does not exist;
{Symbols_Root}\Appendices\ControlMeasures\25241401.emf,32,Fires Areas : Critical Friendly Zone : Irregular,Control Measure : Main Icon,Control Measure;Fires Areas;Critical Friendly Zone;Irregular;Appendices\ControlMeasures\25241401.svg;Area;Fires Areas : Critical Friendly Zone : Irregular;25241401,icon is MAIN;image file does not exist;
{Symbols_Root}\Appendices\ControlMeasures\25241402.emf,32,Fires Areas : Critical Friendly Zone : Rectangular,Control Measure : Main Icon,Control Measure;Fires Areas;Critical Friendly Zone;Rectangular;Appendices\ControlMeasures\25241402.svg;Area;Fires Areas : Critical Friendly Zone : Rectangular;25241402,icon is MAIN;image file does not exist;
{Symbols_Root}\Appendices\ControlMeasures\25241403.emf,32,Fires Areas : Critical Friendly Zone : Circular,Control Measure : Main Icon,Control Measure;Fires Areas;Critical Friendly Zone;Circular;Appendices\ControlMeasures\25241403.svg;Area;Fires Areas : Critical Friendly Zone : Circular;25241403,icon is MAIN;image file does not exist;
{Symbols_Root}\Appendices\ControlMeasures\25241501.emf,32,Fires Areas : Dead Space Area : Irregular,Control Measure : Main Icon,Control Measure;Fires Areas;Dead Space Area;Irregular;Appendices\ControlMeasures\25241501.svg;Area;Fires Areas : Dead Space Area : Irregular;25241501,icon is MAIN;image file does not exist;
{Symbols_Root}\Appendices\ControlMeasures\25241502.emf,32,Fires Areas : Dead Space Area : Rectangular,Control Measure : Main Icon,Control Measure;Fires Areas;Dead Space Area;Rectangular;Appendices\ControlMeasures\25241502.svg;Area;Fires Areas : Dead Space Area : Rectangular;25241502,icon is MAIN;image file does not exist;
{Symbols_Root}\Appendices\ControlMeasures\25241503.emf,32,Fires Areas : Dead Space Area : Circular,Control Measure : Main Icon,Control Measure;Fires Areas;Dead Space Area;Circular;Appendices\ControlMeasures\25241503.svg;Area;Fires Areas : Dead Space Area : Circular;25241503,icon is MAIN;image file does not exist;
{Symbols_Root}\Appendices\ControlMeasures\25241601.emf,32,Fires Areas : Sensor Zone : Irregular,Control Measure : Main Icon,Control Measure;Fires Areas;Sensor Zone;Irregular;Appendices\ControlMeasures\25241601.svg;Area;Fires Areas : Sensor Zone : Irregular;25241601,icon is MAIN;image file does not exist;
{Symbols_Root}\Appendices\ControlMeasures\25241602.emf,32,Fires Areas : Sensor Zone : Rectangular,Control Measure : Main Icon,Control Measure;Fires Areas;Sensor Zone;Rectangular;Appendices\ControlMeasures\25241602.svg;Area;Fires Areas : Sensor Zone : Rectangular;25241602,icon is MAIN;image file does not exist;
{Symbols_Root}\Appendices\ControlMeasures\25241603.emf,32,Fires Areas : Sensor Zone : Circular,Control Measure : Main Icon,Control Measure;Fires Areas;Sensor Zone;Circular;Appendices\ControlMeasures\25241603.svg;Area;Fires Areas : Sensor Zone : Circular;25241603,icon is MAIN;image file does not exist;
{Symbols_Root}\Appendices\ControlMeasures\25241701.emf,32,Fires Areas : Target Build-up Area : Irregular,Control Measure : Main Icon,Control Measure;Fires Areas;Target Build-up Area;Irregular;Appendices\ControlMeasures\25241701.svg;Area;Fires Areas : Target Build-up Area : Irregular;25241701,icon is MAIN;image file does not exist;
{Symbols_Root}\Appendices\ControlMeasures\25241702.emf,32,Fires Areas : Target Build-up Area : Rectangular,Control Measure : Main Icon,Control Measure;Fires Areas;Target Build-up Area;Rectangular;Appendices\ControlMeasures\25241702.svg;Area;Fires Areas : Target Build-up Area : Rectangular;25241702,icon is MAIN;image file does not exist;
{Symbols_Root}\Appendices\ControlMeasures\25241703.emf,32,Fires Areas : Target Build-up Area : Circular,Control Measure : Main Icon,Control Measure;Fires Areas;Target Build-up Area;Circular;Appendices\ControlMeasures\25241703.svg;Area;Fires Areas : Target Build-up Area : Circular;25241703,icon is MAIN;image file does not exist;
{Symbols_Root}\Appendices\ControlMeasures\25241801.emf,32,Fires Areas : Target Value Area : Irregular,Control Measure : Main Icon,Control Measure;Fires Areas;Target Value Area;Irregular;Appendices\ControlMeasures\25241801.svg;Area;Fires Areas : Target Value Area : Irregular;25241801,icon is MAIN;image file does not exist;
{Symbols_Root}\Appendices\ControlMeasures\25241802.emf,32,Fires Areas : Target Value Area : Rectangular,Control Measure : Main Icon,Control Measure;Fires Areas;Target Value Area;Rectangular;Appendices\ControlMeasures\25241802.svg;Area;Fires Areas : Target Value Area : Rectangular;25241802,icon is MAIN;image file does not exist;
{Symbols_Root}\Appendices\ControlMeasures\25241803.emf,32,Fires Areas : Target Value Area : Circular,Control Measure : Main Icon,Control Measure;Fires Areas;Target Value Area;Circular;Appendices\ControlMeasures\25241803.svg;Area;Fires Areas : Target Value Area : Circular;25241803,icon is MAIN;image file does not exist;
{Symbols_Root}\Appendices\ControlMeasures\25242000.emf,32,Fires Areas : Terminally Guided Munition Footprint (TGMF),Control Measure : Main Icon,Control Measure;Fires Areas;Terminally Guided Munition Footprint (TGMF);Appendices\ControlMeasures\25242000.svg;Area;Fires Areas : Terminally Guided Munition Footprint (TGMF);25242000,icon is MAIN;image file does not exist;
{Symbols_Root}\Appendices\ControlMeasures\25242100.emf,32,Fires Areas : Weapon/Sensor Range fan-Circular,Control Measure : Main Icon,Control Measure;Fires Areas;Weapon/Sensor Range fan-Circular;Appendices\ControlMeasures\25242100.svg;Area;Fires Areas : Weapon/Sensor Range fan-Circular;25242100,icon is MAIN;image file does not exist;
{Symbols_Root}\Appendices\ControlMeasures\25242200.emf,32,Fires Areas : Weapon/Sensor Range fan-Sector,Control Measure : Main Icon,Control Measure;Fires Areas;Weapon/Sensor Range fan-Sector;Appendices\ControlMeasures\25242200.svg;Area;Fires Areas : Weapon/Sensor Range fan-Sector;25242200,icon is MAIN;image file does not exist;
{Symbols_Root}\Appendices\ControlMeasures\25242301.emf,32,Fires Areas : Kill Box : Irregular-Blue,Control Measure : Main Icon,Control Measure;Fires Areas;Kill Box;Irregular-Blue;Appendices\ControlMeasures\25242301.svg;Area;Fires Areas : Kill Box : Irregular-Blue;25242301,icon is MAIN;image file does not exist;
{Symbols_Root}\Appendices\ControlMeasures\25242302.emf,32,Fires Areas : Kill Box : Rectangular-Blue,Control Measure : Main Icon,Control Measure;Fires Areas;Kill Box;Rectangular-Blue;Appendices\ControlMeasures\25242302.svg;Area;Fires Areas : Kill Box : Rectangular-Blue;25242302,icon is MAIN;image file does not exist;
{Symbols_Root}\Appendices\ControlMeasures\25242303.emf,32,Fires Areas : Kill Box : Circular-Blue,Control Measure : Main Icon,Control Measure;Fires Areas;Kill Box;Circular-Blue;Appendices\ControlMeasures\25242303.svg;Area;Fires Areas : Kill Box : Circular-Blue;25242303,icon is MAIN;image file does not exist;
{Symbols_Root}\Appendices\ControlMeasures\25242304.emf,32,Fires Areas : Kill Box : Irregular-Purple,Control Measure : Main Icon,Control Measure;Fires Areas;Kill Box;Irregular-Purple;Appendices\ControlMeasures\25242304.svg;Area;Fires Areas : Kill Box : Irregular-Purple;25242304,icon is MAIN;image file does not exist;
{Symbols_Root}\Appendices\ControlMeasures\25242305.emf,32,Fires Areas : Kill Box : Rectangular-Purple,Control Measure : Main Icon,Control Measure;Fires Areas;Kill Box;Rectangular-Purple;Appendices\ControlMeasures\25242305.svg;Area;Fires Areas : Kill Box : Rectangular-Purple;25242305,icon is MAIN;image file does not exist;
{Symbols_Root}\Appendices\ControlMeasures\25242306.emf,32,Fires Areas : Kill Box : Circular-Purple,Control Measure : Main Icon,Control Measure;Fires Areas;Kill Box;Circular-Purple;Appendices\ControlMeasures\25242306.svg;Area;Fires Areas : Kill Box : Circular-Purple;25242306,icon is MAIN;image file does not exist;
{Symbols_Root}\Appendices\ControlMeasures\25270100.emf,32,Protection Areas : Obstacle Belt,Control Measure : Main Icon,Control Measure;Protection Areas;Obstacle Belt;Appendices\ControlMeasures\25270100.svg;Area;Protection Areas : Obstacle Belt;25270100,icon is MAIN;image file does not exist;
{Symbols_Root}\Appendices\ControlMeasures\25270200.emf,32,Protection Areas : Obstacle Zone,Control Measure : Main Icon,Control Measure;Protection Areas;Obstacle Zone;Appendices\ControlMeasures\25270200.svg;Area;Protection Areas : Obstacle Zone;25270200,icon is MAIN;image file does not exist;
{Symbols_Root}\Appendices\ControlMeasures\25270300.emf,32,Protection Areas : Obstacle Free Zone,Control Measure : Main Icon,Control Measure;Protection Areas;Obstacle Free Zone;Appendices\ControlMeasures\25270300.svg;Area;Protection Areas : Obstacle Free Zone;25270300,icon is MAIN;image file does not exist;
{Symbols_Root}\Appendices\ControlMeasures\25270400.emf,32,Protection Areas : Obstacle Restricted Zone,Control Measure : Main Icon,Control Measure;Protection Areas;Obstacle Restricted Zone;Appendices\ControlMeasures\25270400.svg;Area;Protection Areas : Obstacle Restricted Zone;25270400,icon is MAIN;image file does not exist;
{Symbols_Root}\Appendices\ControlMeasures\25270701.emf,32,Protection Areas : Minefield : Completed,Control Measure : Main Icon,Control Measure;Protection Areas;Minefield;Completed;Appendices\ControlMeasures\25270701.svg;Area;Protection Areas : Minefield : Completed;25270701,icon is MAIN;image file does not exist;
{Symbols_Root}\Appendices\ControlMeasures\25270702.emf,32,Protection Areas : Minefield : Planned,Control Measure : Main Icon,Control Measure;Protection Areas;Minefield;Planned;Appendices\ControlMeasures\25270702.svg;Area;Protection Areas : Minefield : Planned;25270702,icon is MAIN;image file does not exist;
{Symbols_Root}\Appendices\ControlMeasures\25270703.emf,32,Protection Areas : Minefield : Known Enemy,Control Measure : Main Icon,Control Measure;Protection Areas;Minefield;Known Enemy;Appendices\ControlMeasures\25270703.svg;Area;Protection Areas : Minefield : Known Enemy;25270703,icon is MAIN;image file does not exist;
{Symbols_Root}\Appendices\ControlMeasures\25270704.emf,32,Protection Areas : Minefield : Suspected or Templated Enemy,Control Measure : Main Icon,Control Measure;Protection Areas;Minefield;Suspected or Templated Enemy;Appendices\ControlMeasures\25270704.svg;Area;Protection Areas : Minefield : Suspected or Templated Enemy;25270704,icon is MAIN;image file does not exist;
{Symbols_Root}\Appendices\ControlMeasures\25270705.emf,32,Protection Areas : Minefield : Dummy,Control Measure : Main Icon,Control Measure;Protection Areas;Minefield;Dummy;Appendices\ControlMeasures\25270705.svg;Area;Protection Areas : Minefield : Dummy;25270705,icon is MAIN;image file does not exist;
{Symbols_Root}\Appendices\ControlMeasures\25270706.emf,32,Protection Areas : Minefield : Dummy Minefield- Dymanic,Control Measure : Main Icon,Control Measure;Protection Areas;Minefield;Dummy Minefield- Dymanic;Appendices\ControlMeasures\25270706.svg;Area;Protection Areas : Minefield : Dummy Minefield- Dymanic;25270706,icon is MAIN;image file does not exist;
{Symbols_Root}\Appendices\ControlMeasures\25270707.emf,32,Protection Areas : Minefield : Dynamic Depiction,Control Measure : Main Icon,Control Measure;Protection Areas;Minefield;Dynamic Depiction;Appendices\ControlMeasures\25270707.svg;Area;Protection Areas : Minefield : Dynamic Depiction;25270707,icon is MAIN;image file does not exist;
{Symbols_Root}\Appendices\ControlMeasures\25270800.emf,32,Protection Areas : Mined Area,Control Measure : Main Icon,Control Measure;Protection Areas;Mined Area;Appendices\ControlMeasures\25270800.svg;Area;Protection Areas : Mined Area;25270800,icon is MAIN;image file does not exist;
{Symbols_Root}\Appendices\ControlMeasures\25270900.emf,32,Protection Areas : Decoy Mined Area,Control Measure : Main Icon,Control Measure;Protection Areas;Decoy Mined Area;Appendices\ControlMeasures\25270900.svg;Area;Protection Areas : Decoy Mined Area;25270900,icon is MAIN;image file does not exist;
{Symbols_Root}\Appendices\ControlMeasures\25270901.emf,32,Protection Areas : Decoy Mined Area : Fenced,Control Measure : Main Icon,Control Measure;Protection Areas;Decoy Mined Area;Fenced;Appendices\ControlMeasures\25270901.svg;Area;Protection Areas : Decoy Mined Area : Fenced;25270901,icon is MAIN;image file does not exist;
{Symbols_Root}\Appendices\ControlMeasures\25271000.emf,32,Protection Areas : Unexploded Explosive Ordnance (UXO) Area,Control Measure : Main Icon,Control Measure;Protection Areas;Unexploded Explosive Ordnance (UXO) Area;Appendices\ControlMeasures\25271000.svg;Area;Protection Areas : Unexploded Explosive Ordnance (UXO) Area;25271000,icon is MAIN;image file does not exist;
{Symbols_Root}\Appendices\ControlMeasures\25271100.emf,32,Protection Areas : Bridge or Gap,Control Measure : Main Icon,Control Measure;Protection Areas;Bridge or Gap;Appendices\ControlMeasures\25271100.svg;Area;Protection Areas : Bridge or Gap;25271100,icon is MAIN;image file does not exist;
{Symbols_Root}\Appendices\ControlMeasures\25271204.emf,32,Protection Areas : Roadblocks- Craters and Blown Bridges : Roadblock Complete (Executed),Control Measure : Main Icon,Control Measure;Protection Areas;Roadblocks- Craters and Blown Bridges;Roadblock Complete (Executed);Appendices\ControlMeasures\25271204.svg;Area;Protection Areas : Roadblocks- Craters and Blown Bridges : Roadblock Complete (Executed);25271204,icon is MAIN;image file does not exist;
{Symbols_Root}\Appendices\ControlMeasures\25271300.emf,32,Protection Areas : Assault Crossing,Control Measure : Main Icon,Control Measure;Protection Areas;Assault Crossing;Appendices\ControlMeasures\25271300.svg;Area;Protection Areas : Assault Crossing;25271300,icon is MAIN;image file does not exist;
{Symbols_Root}\Appendices\ControlMeasures\25271700.emf,32,Protection Areas : Biological Contaminated Area,Control Measure : Main Icon,Control Measure;Protection Areas;Biological Contaminated Area;Appendices\ControlMeasures\25271700.svg;Area;Protection Areas : Biological Contaminated Area;25271700,icon is MAIN;image file does not exist;
{Symbols_Root}\Appendices\ControlMeasures\25271701.emf,32,Protection Areas : Biological Contaminated Area : Toxic Industrial Material,Control Measure : Main Icon,Control Measure;Protection Areas;Biological Contaminated Area;Toxic Industrial Material;Appendices\ControlMeasures\25271701.svg;Area;Protection Areas : Biological Contaminated Area : Toxic Industrial Material;25271701,icon is MAIN;image file does not exist;
{Symbols_Root}\Appendices\ControlMeasures\25271800.emf,32,Protection Areas : Chemical Contaminated Area,Control Measure : Main Icon,Control Measure;Protection Areas;Chemical Contaminated Area;Appendices\ControlMeasures\25271800.svg;Area;Protection Areas : Chemical Contaminated Area;25271800,icon is MAIN;image file does not exist;
{Symbols_Root}\Appendices\ControlMeasures\25271801.emf,32,Protection Areas : Chemical Contaminated Area : Toxic Industrial Material,Control Measure : Main Icon,Control Measure;Protection Areas;Chemical Contaminated Area;Toxic Industrial Material;Appendices\ControlMeasures\25271801.svg;Area;Protection Areas : Chemical Contaminated Area : Toxic Industrial Material;25271801,icon is MAIN;image file does not exist;
{Symbols_Root}\Appendices\ControlMeasures\25271900.emf,32,Protection Areas : Nuclear Contaminated Area,Control Measure : Main Icon,Control Measure;Protection Areas;Nuclear Contaminated Area;Appendices\ControlMeasures\25271900.svg;Area;Protection Areas : Nuclear Contaminated Area;25271900,icon is MAIN;image file does not exist;
{Symbols_Root}\Appendices\ControlMeasures\25272000.emf,32,Protection Areas : Radiological Contaminated Area,Control Measure : Main Icon,Control Measure;Protection Areas;Radiological Contaminated Area;Appendices\ControlMeasures\25272000.svg;Area;Protection Areas : Radiological Contaminated Area;25272000,icon is MAIN;image file does not exist;
{Symbols_Root}\Appendices\ControlMeasures\25272001.emf,32,Protection Areas : Radiological Contaminated Area : Toxic Industrial Material,Control Measure : Main Icon,Control Measure;Protection Areas;Radiological Contaminated Area;Toxic Industrial Material;Appendices\ControlMeasures\25272001.svg;Area;Protection Areas : Radiological Contaminated Area : Toxic Industrial Material;25272001,icon is MAIN;image file does not exist;
{Symbols_Root}\Appendices\ControlMeasures\25272100.emf,32,Protection Areas : Minimum Safe Distance Zone,Control Measure : Main Icon,Control Measure;Protection Areas;Minimum Safe Distance Zone;Appendices\ControlMeasures\25272100.svg;Area;Protection Areas : Minimum Safe Distance Zone;25272100,icon is MAIN;image file does not exist;
{Symbols_Root}\Appendices\ControlMeasures\25272200.emf,32,Protection Areas : Radiation Dose Rate Contour Lines,Control Measure : Main Icon,Control Measure;Protection Areas;Radiation Dose Rate Contour Lines;Appendices\ControlMeasures\25272200.svg;Area;Protection Areas : Radiation Dose Rate Contour Lines;25272200,icon is MAIN;image file does not exist;
{Symbols_Root}\Appendices\ControlMeasures\25310100.emf,32,Sustainment Areas : Detainee Holding Area,Control Measure : Main Icon,Control Measure;Sustainment Areas;Detainee Holding Area;Appendices\ControlMeasures\25310100.svg;Area;Sustainment Areas : Detainee Holding Area;25310100,icon is MAIN;image file does not exist;
{Symbols_Root}\Appendices\ControlMeasures\25310200.emf,32,Sustainment Areas : Enemy Prisoner of War Holding Area,Control Measure : Main Icon,Control Measure;Sustainment Areas;Enemy Prisoner of War Holding Area;Appendices\ControlMeasures\25310200.svg;Area;Sustainment Areas : Enemy Prisoner of War Holding Area;25310200,icon is MAIN;image file does not exist;
{Symbols_Root}\Appendices\ControlMeasures\25310300.emf,32,Sustainment Areas : Forward Arming and Refueling Point,Control Measure : Main Icon,Control Measure;Sustainment Areas;Forward Arming and Refueling Point;Appendices\ControlMeasures\25310300.svg;Area;Sustainment Areas : Forward Arming and Refueling Point;25310300,icon is MAIN;image file does not exist;
{Symbols_Root}\Appendices\ControlMeasures\25310400.emf,32,Sustainment Areas : Refugee Holding Area,Control Measure : Main Icon,Control Measure;Sustainment Areas;Refugee Holding Area;Appendices\ControlMeasures\25310400.svg;Area;Sustainment Areas : Refugee Holding Area;25310400,icon is MAIN;image file does not exist;
{Symbols_Root}\Appendices\ControlMeasures\25310500.emf,32,Sustainment Areas : Regimental Support Area,Control Measure : Main Icon,Control Measure;Sustainment Areas;Regimental Support Area;Appendices\ControlMeasures\25310500.svg;Area;Sustainment Areas : Regimental Support Area;25310500,icon is MAIN;image file does not exist;
{Symbols_Root}\Appendices\ControlMeasures\25310600.emf,32,Sustainment Areas : Brigade Support Area,Control Measure : Main Icon,Control Measure;Sustainment Areas;Brigade Support Area;Appendices\ControlMeasures\25310600.svg;Area;Sustainment Areas : Brigade Support Area;25310600,icon is MAIN;image file does not exist;
{Symbols_Root}\Appendices\ControlMeasures\25310700.emf,32,Sustainment Areas : Division Support Area,Control Measure : Main Icon,Control Measure;Sustainment Areas;Division Support Area;Appendices\ControlMeasures\25310700.svg;Area;Sustainment Areas : Division Support Area;25310700,icon is MAIN;image file does not exist;
