filePath,pointSize,styleItemName,styleItemCategory,styleItemTags,notes
{Symbols_Root}\Appendices\Land\15110000.emf,32,Weapon/Weapon System,Land Equipment : Main Icon,Land Equipment;Weapon/Weapon System;Appendices\Land\15110000.svg;Point;Weapon/Weapon System;15110000,icon is MAIN;image file does not exist;
{Symbols_Root}\Appendices\Land\15110100.emf,32,Weapon/Weapon System : Rifle,Land Equipment : Main Icon,Land Equipment;Weapon/Weapon System;Rifle;Appendices\Land\15110100.svg;Point;Weapon/Weapon System : Rifle;15110100,icon is MAIN;image file does not exist;
{Symbols_Root}\Appendices\Land\15110101.emf,32,Weapon/Weapon System : Rifle : Single Shot Rifle,Land Equipment : Main Icon,Land Equipment;Weapon/Weapon System;Rifle;Single Shot Rifle;Appendices\Land\15110101.svg;Point;Weapon/Weapon System : Rifle : Single Shot Rifle;15110101,icon is MAIN;image file does not exist;
{Symbols_Root}\Appendices\Land\15110102.emf,32,Weapon/Weapon System : Rifle : Semiautomatic Rifle,Land Equipment : Main Icon,Land Equipment;Weapon/Weapon System;Rifle;Semiautomatic Rifle;Appendices\Land\15110102.svg;Point;Weapon/Weapon System : Rifle : Semiautomatic Rifle;15110102,icon is MAIN;image file does not exist;
{Symbols_Root}\Appendices\Land\15110103.emf,32,Weapon/Weapon System : Rifle : Automatic Rifle,Land Equipment : Main Icon,Land Equipment;Weapon/Weapon System;Rifle;Automatic Rifle;Appendices\Land\15110103.svg;Point;Weapon/Weapon System : Rifle : Automatic Rifle;15110103,icon is MAIN;image file does not exist;
{Symbols_Root}\Appendices\Land\15110200.emf,32,Weapon/Weapon System : Machine Gun,Land Equipment : Main Icon,Land Equipment;Weapon/Weapon System;Machine Gun;Appendices\Land\15110200.svg;Point;Weapon/Weapon System : Machine Gun;15110200,icon is MAIN;image file does not exist;
{Symbols_Root}\Appendices\Land\15110201.emf,32,Weapon/Weapon System : Machine Gun : Light,Land Equipment : Main Icon,Land Equipment;Weapon/Weapon System;Machine Gun;Light;Appendices\Land\15110201.svg;Point;Weapon/Weapon System : Machine Gun : Light;15110201,icon is MAIN;image file does not exist;
{Symbols_Root}\Appendices\Land\15110202.emf,32,Weapon/Weapon System : Machine Gun : Medium,Land Equipment : Main Icon,Land Equipment;Weapon/Weapon System;Machine Gun;Medium;Appendices\Land\15110202.svg;Point;Weapon/Weapon System : Machine Gun : Medium;15110202,icon is MAIN;image file does not exist;
{Symbols_Root}\Appendices\Land\15110203.emf,32,Weapon/Weapon System : Machine Gun : Heavy,Land Equipment : Main Icon,Land Equipment;Weapon/Weapon System;Machine Gun;Heavy;Appendices\Land\15110203.svg;Point;Weapon/Weapon System : Machine Gun : Heavy;15110203,icon is MAIN;image file does not exist;
{Symbols_Root}\Appendices\Land\15110300.emf,32,Weapon/Weapon System : Grenade Launcher,Land Equipment : Main Icon,Land Equipment;Weapon/Weapon System;Grenade Launcher;Appendices\Land\15110300.svg;Point;Weapon/Weapon System : Grenade Launcher;15110300,icon is MAIN;image file does not exist;
{Symbols_Root}\Appendices\Land\15110301.emf,32,Weapon/Weapon System : Grenade Launcher : Light,Land Equipment : Main Icon,Land Equipment;Weapon/Weapon System;Grenade Launcher;Light;Appendices\Land\15110301.svg;Point;Weapon/Weapon System : Grenade Launcher : Light;15110301,icon is MAIN;image file does not exist;
{Symbols_Root}\Appendices\Land\15110302.emf,32,Weapon/Weapon System : Grenade Launcher : Medium,Land Equipment : Main Icon,Land Equipment;Weapon/Weapon System;Grenade Launcher;Medium;Appendices\Land\15110302.svg;Point;Weapon/Weapon System : Grenade Launcher : Medium;15110302,icon is MAIN;image file does not exist;
{Symbols_Root}\Appendices\Land\15110303.emf,32,Weapon/Weapon System : Grenade Launcher : Heavy,Land Equipment : Main Icon,Land Equipment;Weapon/Weapon System;Grenade Launcher;Heavy;Appendices\Land\15110303.svg;Point;Weapon/Weapon System : Grenade Launcher : Heavy;15110303,icon is MAIN;image file does not exist;
{Symbols_Root}\Appendices\Land\15110400.emf,32,Weapon/Weapon System : Flame Thrower,Land Equipment : Main Icon,Land Equipment;Weapon/Weapon System;Flame Thrower;Appendices\Land\15110400.svg;Point;Weapon/Weapon System : Flame Thrower;15110400,icon is MAIN;image file does not exist;
{Symbols_Root}\Appendices\Land\15110500.emf,32,Weapon/Weapon System : Air Defense Gun,Land Equipment : Main Icon,Land Equipment;Weapon/Weapon System;Air Defense Gun;Appendices\Land\15110500.svg;Point;Weapon/Weapon System : Air Defense Gun;15110500,icon is MAIN;image file does not exist;
{Symbols_Root}\Appendices\Land\15110501.emf,32,Weapon/Weapon System : Air Defense Gun : Light,Land Equipment : Main Icon,Land Equipment;Weapon/Weapon System;Air Defense Gun;Light;Appendices\Land\15110501.svg;Point;Weapon/Weapon System : Air Defense Gun : Light;15110501,icon is MAIN;image file does not exist;
{Symbols_Root}\Appendices\Land\15110502.emf,32,Weapon/Weapon System : Air Defense Gun : Medium,Land Equipment : Main Icon,Land Equipment;Weapon/Weapon System;Air Defense Gun;Medium;Appendices\Land\15110502.svg;Point;Weapon/Weapon System : Air Defense Gun : Medium;15110502,icon is MAIN;image file does not exist;
{Symbols_Root}\Appendices\Land\15110503.emf,32,Weapon/Weapon System : Air Defense Gun : Heavy,Land Equipment : Main Icon,Land Equipment;Weapon/Weapon System;Air Defense Gun;Heavy;Appendices\Land\15110503.svg;Point;Weapon/Weapon System : Air Defense Gun : Heavy;15110503,icon is MAIN;image file does not exist;
{Symbols_Root}\Appendices\Land\15110600.emf,32,Weapon/Weapon System : Antitank Gun,Land Equipment : Main Icon,Land Equipment;Weapon/Weapon System;Antitank Gun;Appendices\Land\15110600.svg;Point;Weapon/Weapon System : Antitank Gun;15110600,icon is MAIN;image file does not exist;
{Symbols_Root}\Appendices\Land\15110601.emf,32,Weapon/Weapon System : Antitank Gun : Light,Land Equipment : Main Icon,Land Equipment;Weapon/Weapon System;Antitank Gun;Light;Appendices\Land\15110601.svg;Point;Weapon/Weapon System : Antitank Gun : Light;15110601,icon is MAIN;image file does not exist;
{Symbols_Root}\Appendices\Land\15110602.emf,32,Weapon/Weapon System : Antitank Gun : Medium,Land Equipment : Main Icon,Land Equipment;Weapon/Weapon System;Antitank Gun;Medium;Appendices\Land\15110602.svg;Point;Weapon/Weapon System : Antitank Gun : Medium;15110602,icon is MAIN;image file does not exist;
{Symbols_Root}\Appendices\Land\15110603.emf,32,Weapon/Weapon System : Antitank Gun : Heavy,Land Equipment : Main Icon,Land Equipment;Weapon/Weapon System;Antitank Gun;Heavy;Appendices\Land\15110603.svg;Point;Weapon/Weapon System : Antitank Gun : Heavy;15110603,icon is MAIN;image file does not exist;
{Symbols_Root}\Appendices\Land\15110700.emf,32,Weapon/Weapon System : Direct Fire Gun,Land Equipment : Main Icon,Land Equipment;Weapon/Weapon System;Direct Fire Gun;Appendices\Land\15110700.svg;Point;Weapon/Weapon System : Direct Fire Gun;15110700,icon is MAIN;image file does not exist;
{Symbols_Root}\Appendices\Land\15110701.emf,32,Weapon/Weapon System : Direct Fire Gun : Light,Land Equipment : Main Icon,Land Equipment;Weapon/Weapon System;Direct Fire Gun;Light;Appendices\Land\15110701.svg;Point;Weapon/Weapon System : Direct Fire Gun : Light;15110701,icon is MAIN;image file does not exist;
{Symbols_Root}\Appendices\Land\15110702.emf,32,Weapon/Weapon System : Direct Fire Gun : Medium,Land Equipment : Main Icon,Land Equipment;Weapon/Weapon System;Direct Fire Gun;Medium;Appendices\Land\15110702.svg;Point;Weapon/Weapon System : Direct Fire Gun : Medium;15110702,icon is MAIN;image file does not exist;
{Symbols_Root}\Appendices\Land\15110703.emf,32,Weapon/Weapon System : Direct Fire Gun : Heavy,Land Equipment : Main Icon,Land Equipment;Weapon/Weapon System;Direct Fire Gun;Heavy;Appendices\Land\15110703.svg;Point;Weapon/Weapon System : Direct Fire Gun : Heavy;15110703,icon is MAIN;image file does not exist;
{Symbols_Root}\Appendices\Land\15110800.emf,32,Weapon/Weapon System : Recoilless Gun,Land Equipment : Main Icon,Land Equipment;Weapon/Weapon System;Recoilless Gun;Appendices\Land\15110800.svg;Point;Weapon/Weapon System : Recoilless Gun;15110800,icon is MAIN;image file does not exist;
{Symbols_Root}\Appendices\Land\15110801.emf,32,Weapon/Weapon System : Recoilless Gun : Light,Land Equipment : Main Icon,Land Equipment;Weapon/Weapon System;Recoilless Gun;Light;Appendices\Land\15110801.svg;Point;Weapon/Weapon System : Recoilless Gun : Light;15110801,icon is MAIN;image file does not exist;
{Symbols_Root}\Appendices\Land\15110802.emf,32,Weapon/Weapon System : Recoilless Gun : Medium,Land Equipment : Main Icon,Land Equipment;Weapon/Weapon System;Recoilless Gun;Medium;Appendices\Land\15110802.svg;Point;Weapon/Weapon System : Recoilless Gun : Medium;15110802,icon is MAIN;image file does not exist;
{Symbols_Root}\Appendices\Land\15110803.emf,32,Weapon/Weapon System : Recoilless Gun : Heavy,Land Equipment : Main Icon,Land Equipment;Weapon/Weapon System;Recoilless Gun;Heavy;Appendices\Land\15110803.svg;Point;Weapon/Weapon System : Recoilless Gun : Heavy;15110803,icon is MAIN;image file does not exist;
{Symbols_Root}\Appendices\Land\15110900.emf,32,Weapon/Weapon System : Howitzer,Land Equipment : Main Icon,Land Equipment;Weapon/Weapon System;Howitzer;Appendices\Land\15110900.svg;Point;Weapon/Weapon System : Howitzer;15110900,icon is MAIN;image file does not exist;
{Symbols_Root}\Appendices\Land\15110901.emf,32,Weapon/Weapon System : Howitzer : Light,Land Equipment : Main Icon,Land Equipment;Weapon/Weapon System;Howitzer;Light;Appendices\Land\15110901.svg;Point;Weapon/Weapon System : Howitzer : Light;15110901,icon is MAIN;image file does not exist;
{Symbols_Root}\Appendices\Land\15110902.emf,32,Weapon/Weapon System : Howitzer : Medium,Land Equipment : Main Icon,Land Equipment;Weapon/Weapon System;Howitzer;Medium;Appendices\Land\15110902.svg;Point;Weapon/Weapon System : Howitzer : Medium;15110902,icon is MAIN;image file does not exist;
{Symbols_Root}\Appendices\Land\15110903.emf,32,Weapon/Weapon System : Howitzer : Heavy,Land Equipment : Main Icon,Land Equipment;Weapon/Weapon System;Howitzer;Heavy;Appendices\Land\15110903.svg;Point;Weapon/Weapon System : Howitzer : Heavy;15110903,icon is MAIN;image file does not exist;
{Symbols_Root}\Appendices\Land\15111000.emf,32,Weapon/Weapon System : Missile Launcher,Land Equipment : Main Icon,Land Equipment;Weapon/Weapon System;Missile Launcher;Appendices\Land\15111000.svg;Point;Weapon/Weapon System : Missile Launcher;15111000,icon is MAIN;image file does not exist;
{Symbols_Root}\Appendices\Land\15111001.emf,32,Weapon/Weapon System : Missile Launcher : Light,Land Equipment : Main Icon,Land Equipment;Weapon/Weapon System;Missile Launcher;Light;Appendices\Land\15111001.svg;Point;Weapon/Weapon System : Missile Launcher : Light;15111001,icon is MAIN;image file does not exist;
{Symbols_Root}\Appendices\Land\15111002.emf,32,Weapon/Weapon System : Missile Launcher : Medium,Land Equipment : Main Icon,Land Equipment;Weapon/Weapon System;Missile Launcher;Medium;Appendices\Land\15111002.svg;Point;Weapon/Weapon System : Missile Launcher : Medium;15111002,icon is MAIN;image file does not exist;
{Symbols_Root}\Appendices\Land\15111003.emf,32,Weapon/Weapon System : Missile Launcher : Heavy,Land Equipment : Main Icon,Land Equipment;Weapon/Weapon System;Missile Launcher;Heavy;Appendices\Land\15111003.svg;Point;Weapon/Weapon System : Missile Launcher : Heavy;15111003,icon is MAIN;image file does not exist;
{Symbols_Root}\Appendices\Land\15111100.emf,32,Weapon/Weapon System : ADML,Land Equipment : Main Icon,Land Equipment;Weapon/Weapon System;Air Defense Missile Launcher;Appendices\Land\15111100.svg;Point;Weapon/Weapon System : ADML;15111100,icon is MAIN;image file does not exist;
{Symbols_Root}\Appendices\Land\15111101.emf,32,Weapon/Weapon System : ADML : Light,Land Equipment : Main Icon,Land Equipment;Weapon/Weapon System;Air Defense Missile Launcher;Light;Appendices\Land\15111101.svg;Point;Weapon/Weapon System : ADML : Light;15111101,icon is MAIN;image file does not exist;
{Symbols_Root}\Appendices\Land\15111102.emf,32,Weapon/Weapon System : ADML : Light- Light Transporter-Launcher and Radar (TLAR),Land Equipment : Main Icon,Land Equipment;Weapon/Weapon System;Air Defense Missile Launcher;Light- Light Transporter-Launcher and Radar (TLAR);Appendices\Land\15111102.svg;Point;Weapon/Weapon System : ADML : Light- Light Transporter-Launcher and Radar (TLAR);15111102,icon is MAIN;image file does not exist;
{Symbols_Root}\Appendices\Land\15111103.emf,32,Weapon/Weapon System : ADML : Light- Light Tactical Landing Approach Radar (TELAR),Land Equipment : Main Icon,Land Equipment;Weapon/Weapon System;Air Defense Missile Launcher;Light- Light Tactical Landing Approach Radar (TELAR);Appendices\Land\15111103.svg;Point;Weapon/Weapon System : ADML : Light- Light Tactical Landing Approach Radar (TELAR);15111103,icon is MAIN;image file does not exist;
{Symbols_Root}\Appendices\Land\15111104.emf,32,Weapon/Weapon System : ADML : Medium,Land Equipment : Main Icon,Land Equipment;Weapon/Weapon System;Air Defense Missile Launcher;Medium;Appendices\Land\15111104.svg;Point;Weapon/Weapon System : ADML : Medium;15111104,icon is MAIN;image file does not exist;
{Symbols_Root}\Appendices\Land\15111105.emf,32,Weapon/Weapon System : ADML : Medium- TLAR,Land Equipment : Main Icon,Land Equipment;Weapon/Weapon System;Air Defense Missile Launcher;Medium- TLAR;Appendices\Land\15111105.svg;Point;Weapon/Weapon System : ADML : Medium- TLAR;15111105,icon is MAIN;image file does not exist;
{Symbols_Root}\Appendices\Land\15111106.emf,32,Weapon/Weapon System : ADML : Medium- TELAR Air Defense Missile Launcher,Land Equipment : Main Icon,Land Equipment;Weapon/Weapon System;Air Defense Missile Launcher;Medium- TELAR Air Defense Missile Launcher;Appendices\Land\15111106.svg;Point;Weapon/Weapon System : ADML : Medium- TELAR Air Defense Missile Launcher;15111106,icon is MAIN;image file does not exist;
{Symbols_Root}\Appendices\Land\15111107.emf,32,Weapon/Weapon System : ADML : Heavy,Land Equipment : Main Icon,Land Equipment;Weapon/Weapon System;Air Defense Missile Launcher;Heavy;Appendices\Land\15111107.svg;Point;Weapon/Weapon System : ADML : Heavy;15111107,icon is MAIN;image file does not exist;
{Symbols_Root}\Appendices\Land\15111108.emf,32,Weapon/Weapon System : ADML : Heavy- TLAR,Land Equipment : Main Icon,Land Equipment;Weapon/Weapon System;Air Defense Missile Launcher;Heavy- TLAR;Appendices\Land\15111108.svg;Point;Weapon/Weapon System : ADML : Heavy- TLAR;15111108,icon is MAIN;image file does not exist;
{Symbols_Root}\Appendices\Land\15111109.emf,32,Weapon/Weapon System : ADML : Heavy- TELAR,Land Equipment : Main Icon,Land Equipment;Weapon/Weapon System;Air Defense Missile Launcher;Heavy- TELAR;Appendices\Land\15111109.svg;Point;Weapon/Weapon System : ADML : Heavy- TELAR;15111109,icon is MAIN;image file does not exist;
{Symbols_Root}\Appendices\Land\15111200.emf,32,Weapon/Weapon System : Antitank Missile Launcher,Land Equipment : Main Icon,Land Equipment;Weapon/Weapon System;Antitank Missile Launcher;Appendices\Land\15111200.svg;Point;Weapon/Weapon System : Antitank Missile Launcher;15111200,icon is MAIN;image file does not exist;
{Symbols_Root}\Appendices\Land\15111201.emf,32,Weapon/Weapon System : Antitank Missile Launcher : Light,Land Equipment : Main Icon,Land Equipment;Weapon/Weapon System;Antitank Missile Launcher;Light;Appendices\Land\15111201.svg;Point;Weapon/Weapon System : Antitank Missile Launcher : Light;15111201,icon is MAIN;image file does not exist;
{Symbols_Root}\Appendices\Land\15111202.emf,32,Weapon/Weapon System : Antitank Missile Launcher : Medium,Land Equipment : Main Icon,Land Equipment;Weapon/Weapon System;Antitank Missile Launcher;Medium;Appendices\Land\15111202.svg;Point;Weapon/Weapon System : Antitank Missile Launcher : Medium;15111202,icon is MAIN;image file does not exist;
{Symbols_Root}\Appendices\Land\15111203.emf,32,Weapon/Weapon System : Antitank Missile Launcher : Heavy,Land Equipment : Main Icon,Land Equipment;Weapon/Weapon System;Antitank Missile Launcher;Heavy;Appendices\Land\15111203.svg;Point;Weapon/Weapon System : Antitank Missile Launcher : Heavy;15111203,icon is MAIN;image file does not exist;
{Symbols_Root}\Appendices\Land\15111300.emf,32,Weapon/Weapon System : Surface-to-Surface Missile Launcher,Land Equipment : Main Icon,Land Equipment;Weapon/Weapon System;Surface-to-Surface Missile Launcher;Appendices\Land\15111300.svg;Point;Weapon/Weapon System : Surface-to-Surface Missile Launcher;15111300,icon is MAIN;image file does not exist;
{Symbols_Root}\Appendices\Land\15111301.emf,32,Weapon/Weapon System : Surface-to-Surface Missile Launcher : Light,Land Equipment : Main Icon,Land Equipment;Weapon/Weapon System;Surface-to-Surface Missile Launcher;Light;Appendices\Land\15111301.svg;Point;Weapon/Weapon System : Surface-to-Surface Missile Launcher : Light;15111301,icon is MAIN;image file does not exist;
{Symbols_Root}\Appendices\Land\15111302.emf,32,Weapon/Weapon System : Surface-to-Surface Missile Launcher : Medium,Land Equipment : Main Icon,Land Equipment;Weapon/Weapon System;Surface-to-Surface Missile Launcher;Medium;Appendices\Land\15111302.svg;Point;Weapon/Weapon System : Surface-to-Surface Missile Launcher : Medium;15111302,icon is MAIN;image file does not exist;
{Symbols_Root}\Appendices\Land\15111303.emf,32,Weapon/Weapon System : Surface-to-Surface Missile Launcher : Heavy,Land Equipment : Main Icon,Land Equipment;Weapon/Weapon System;Surface-to-Surface Missile Launcher;Heavy;Appendices\Land\15111303.svg;Point;Weapon/Weapon System : Surface-to-Surface Missile Launcher : Heavy;15111303,icon is MAIN;image file does not exist;
{Symbols_Root}\Appendices\Land\15111400.emf,32,Weapon/Weapon System : Mortar,Land Equipment : Main Icon,Land Equipment;Weapon/Weapon System;Mortar;Appendices\Land\15111400.svg;Point;Weapon/Weapon System : Mortar;15111400,icon is MAIN;image file does not exist;
{Symbols_Root}\Appendices\Land\15111401.emf,32,Weapon/Weapon System : Mortar : Light,Land Equipment : Main Icon,Land Equipment;Weapon/Weapon System;Mortar;Light;Appendices\Land\15111401.svg;Point;Weapon/Weapon System : Mortar : Light;15111401,icon is MAIN;image file does not exist;
{Symbols_Root}\Appendices\Land\15111402.emf,32,Weapon/Weapon System : Mortar : Medium,Land Equipment : Main Icon,Land Equipment;Weapon/Weapon System;Mortar;Medium;Appendices\Land\15111402.svg;Point;Weapon/Weapon System : Mortar : Medium;15111402,icon is MAIN;image file does not exist;
{Symbols_Root}\Appendices\Land\15111403.emf,32,Weapon/Weapon System : Mortar : Heavy,Land Equipment : Main Icon,Land Equipment;Weapon/Weapon System;Mortar;Heavy;Appendices\Land\15111403.svg;Point;Weapon/Weapon System : Mortar : Heavy;15111403,icon is MAIN;image file does not exist;
{Symbols_Root}\Appendices\Land\15111500.emf,32,Weapon/Weapon System : Single Rocket Launcher,Land Equipment : Main Icon,Land Equipment;Weapon/Weapon System;Single Rocket Launcher;Appendices\Land\15111500.svg;Point;Weapon/Weapon System : Single Rocket Launcher;15111500,icon is MAIN;image file does not exist;
{Symbols_Root}\Appendices\Land\15111501.emf,32,Weapon/Weapon System : Single Rocket Launcher : Light,Land Equipment : Main Icon,Land Equipment;Weapon/Weapon System;Single Rocket Launcher;Light;Appendices\Land\15111501.svg;Point;Weapon/Weapon System : Single Rocket Launcher : Light;15111501,icon is MAIN;image file does not exist;
{Symbols_Root}\Appendices\Land\15111502.emf,32,Weapon/Weapon System : Single Rocket Launcher : Medium,Land Equipment : Main Icon,Land Equipment;Weapon/Weapon System;Single Rocket Launcher;Medium;Appendices\Land\15111502.svg;Point;Weapon/Weapon System : Single Rocket Launcher : Medium;15111502,icon is MAIN;image file does not exist;
{Symbols_Root}\Appendices\Land\15111503.emf,32,Weapon/Weapon System : Single Rocket Launcher : Heavy,Land Equipment : Main Icon,Land Equipment;Weapon/Weapon System;Single Rocket Launcher;Heavy;Appendices\Land\15111503.svg;Point;Weapon/Weapon System : Single Rocket Launcher : Heavy;15111503,icon is MAIN;image file does not exist;
{Symbols_Root}\Appendices\Land\15111600.emf,32,Weapon/Weapon System : Multiple Rocket Launcher,Land Equipment : Main Icon,Land Equipment;Weapon/Weapon System;Multiple Rocket Launcher;Appendices\Land\15111600.svg;Point;Weapon/Weapon System : Multiple Rocket Launcher;15111600,icon is MAIN;image file does not exist;
{Symbols_Root}\Appendices\Land\15111601.emf,32,Weapon/Weapon System : Multiple Rocket Launcher : Light,Land Equipment : Main Icon,Land Equipment;Weapon/Weapon System;Multiple Rocket Launcher;Light;Appendices\Land\15111601.svg;Point;Weapon/Weapon System : Multiple Rocket Launcher : Light;15111601,icon is MAIN;image file does not exist;
{Symbols_Root}\Appendices\Land\15111602.emf,32,Weapon/Weapon System : Multiple Rocket Launcher : Medium,Land Equipment : Main Icon,Land Equipment;Weapon/Weapon System;Multiple Rocket Launcher;Medium;Appendices\Land\15111602.svg;Point;Weapon/Weapon System : Multiple Rocket Launcher : Medium;15111602,icon is MAIN;image file does not exist;
{Symbols_Root}\Appendices\Land\15111603.emf,32,Weapon/Weapon System : Multiple Rocket Launcher : Heavy,Land Equipment : Main Icon,Land Equipment;Weapon/Weapon System;Multiple Rocket Launcher;Heavy;Appendices\Land\15111603.svg;Point;Weapon/Weapon System : Multiple Rocket Launcher : Heavy;15111603,icon is MAIN;image file does not exist;
{Symbols_Root}\Appendices\Land\15111701.emf,32,Weapon/Weapon System : Antitank Rocket Launcher,Land Equipment : Main Icon,Land Equipment;Weapon/Weapon System;Antitank Rocket Launcher;Appendices\Land\15111701.svg;Point;Weapon/Weapon System : Antitank Rocket Launcher;15111700,icon is MAIN;image file does not exist;
{Symbols_Root}\Appendices\Land\15111701.emf,32,Weapon/Weapon System : Antitank Rocket Launcher : Light,Land Equipment : Main Icon,Land Equipment;Weapon/Weapon System;Antitank Rocket Launcher;Light;Appendices\Land\15111701.svg;Point;Weapon/Weapon System : Antitank Rocket Launcher : Light;15111701,icon is MAIN;image file does not exist;
{Symbols_Root}\Appendices\Land\15111702.emf,32,Weapon/Weapon System : Antitank Rocket Launcher : Medium,Land Equipment : Main Icon,Land Equipment;Weapon/Weapon System;Antitank Rocket Launcher;Medium;Appendices\Land\15111702.svg;Point;Weapon/Weapon System : Antitank Rocket Launcher : Medium;15111702,icon is MAIN;image file does not exist;
{Symbols_Root}\Appendices\Land\15111703.emf,32,Weapon/Weapon System : Antitank Rocket Launcher : Heavy,Land Equipment : Main Icon,Land Equipment;Weapon/Weapon System;Antitank Rocket Launcher;Heavy;Appendices\Land\15111703.svg;Point;Weapon/Weapon System : Antitank Rocket Launcher : Heavy;15111703,icon is MAIN;image file does not exist;
{Symbols_Root}\Appendices\Land\15111800.emf,32,Weapon/Weapon System : Nonlethal Weapon,Land Equipment : Main Icon,Land Equipment;Weapon/Weapon System;Nonlethal Weapon;Appendices\Land\15111800.svg;Point;Weapon/Weapon System : Nonlethal Weapon;15111800,icon is MAIN;image file does not exist;
{Symbols_Root}\Appendices\Land\15111900.emf,32,Weapon/Weapon System : Taser,Land Equipment : Main Icon,Land Equipment;Weapon/Weapon System;Taser;Appendices\Land\15111900.svg;Point;Weapon/Weapon System : Taser;15111900,icon is MAIN;image file does not exist;
{Symbols_Root}\Appendices\Land\15112000.emf,32,Weapon/Weapon System : Water Cannon,Land Equipment : Main Icon,Land Equipment;Weapon/Weapon System;Water Cannon;Appendices\Land\15112000.svg;Point;Weapon/Weapon System : Water Cannon;15112000,icon is MAIN;image file does not exist;
{Symbols_Root}\Appendices\Land\15120000.emf,32,Vehicle,Land Equipment : Main Icon,Land Equipment;Vehicle;Appendices\Land\15120000.svg;Point;Vehicle;15120000,icon is MAIN;image file does not exist;
{Symbols_Root}\Appendices\Land\15120100.emf,32,Vehicle : Armored Vehicle,Land Equipment : Main Icon,Land Equipment;Vehicle;Armored Vehicle;Appendices\Land\15120100.svg;Point;Vehicle : Armored Vehicle;15120100,icon is MAIN;image file does not exist;
{Symbols_Root}\Appendices\Land\15120101.emf,32,Vehicle : Armored Vehicle : Armored Fighting Vehicle,Land Equipment : Main Icon,Land Equipment;Vehicle;Armored Vehicle;Armored Fighting Vehicle;Appendices\Land\15120101.svg;Point;Vehicle : Armored Vehicle : Armored Fighting Vehicle;15120101,icon is MAIN;image file does not exist;
{Symbols_Root}\Appendices\Land\15120102.emf,32,Vehicle : Armored Vehicle : Armored Fighting Vehicle C2,Land Equipment : Main Icon,Land Equipment;Vehicle;Armored Vehicle;Armored Fighting Vehicle Command and Control;Appendices\Land\15120102.svg;Point;Vehicle : Armored Vehicle : Armored Fighting Vehicle C2;15120102,icon is MAIN;image file does not exist;
{Symbols_Root}\Appendices\Land\15120103.emf,32,Vehicle : Armored Vehicle : Armored Personnel Carrier,Land Equipment : Main Icon,Land Equipment;Vehicle;Armored Vehicle;Armored Personnel Carrier;Appendices\Land\15120103.svg;Point;Vehicle : Armored Vehicle : Armored Personnel Carrier;15120103,icon is MAIN;image file does not exist;
{Symbols_Root}\Appendices\Land\15120104.emf,32,Vehicle : Armored Vehicle : Armored Personnel Carrier Ambulance,Land Equipment : Main Icon,Land Equipment;Vehicle;Armored Vehicle;Armored Personnel Carrier Ambulance;Appendices\Land\15120104.svg;Point;Vehicle : Armored Vehicle : Armored Personnel Carrier Ambulance;15120104,icon is MAIN;image file does not exist;
{Symbols_Root}\Appendices\Land\15120105.emf,32,Vehicle : Armored Vehicle : Armored Protected Vehicle,Land Equipment : Main Icon,Land Equipment;Vehicle;Armored Vehicle;Armored Protected Vehicle;Appendices\Land\15120105.svg;Point;Vehicle : Armored Vehicle : Armored Protected Vehicle;15120105,icon is MAIN;image file does not exist;
{Symbols_Root}\Appendices\Land\15120106.emf,32,Vehicle : Armored Vehicle : Armored Protected Vehicle Recovery,Land Equipment : Main Icon,Land Equipment;Vehicle;Armored Vehicle;Armored Protected Vehicle Recovery;Appendices\Land\15120106.svg;Point;Vehicle : Armored Vehicle : Armored Protected Vehicle Recovery;15120106,icon is MAIN;image file does not exist;
{Symbols_Root}\Appendices\Land\15120107.emf,32,Vehicle : Armored Vehicle : Armored Protected Medical Evacuation,Land Equipment : Main Icon,Land Equipment;Vehicle;Armored Vehicle;Armored Protected Vehicle Medical Evacuation;Appendices\Land\15120107.svg;Point;Vehicle : Armored Vehicle : Armored Protected Medical Evacuation;15120107,icon is MAIN;image file does not exist;
{Symbols_Root}\Appendices\Land\15120108.emf,32,Vehicle : Armored Vehicle : Armored Personnel Carrier-Recovery,Land Equipment : Main Icon,Land Equipment;Vehicle;Armored Vehicle;Armored Personnel Carrier-Recovery;Appendices\Land\15120108.svg;Point;Vehicle : Armored Vehicle : Armored Personnel Carrier-Recovery;15120108,icon is MAIN;image file does not exist;
{Symbols_Root}\Appendices\Land\15120109.emf,32,Vehicle : Armored Vehicle : Combat Service Support Vehicle,Land Equipment : Main Icon,Land Equipment;Vehicle;Armored Vehicle;Combat Service Support Vehicle;Appendices\Land\15120109.svg;Point;Vehicle : Armored Vehicle : Combat Service Support Vehicle;15120109,icon is MAIN;image file does not exist;
{Symbols_Root}\Appendices\Land\15120110.emf,32,Vehicle : Armored Vehicle : Light Wheeled Armored Vehicle,Land Equipment : Main Icon,Land Equipment;Vehicle;Armored Vehicle;Light Wheeled Armored Vehicle;Appendices\Land\15120110.svg;Point;Vehicle : Armored Vehicle : Light Wheeled Armored Vehicle;15120110,icon is MAIN;image file does not exist;
{Symbols_Root}\Appendices\Land\15120200.emf,32,Vehicle : Tank,Land Equipment : Main Icon,Land Equipment;Vehicle;Tank;Appendices\Land\15120200.svg;Point;Vehicle : Tank;15120200,icon is MAIN;image file does not exist;
{Symbols_Root}\Appendices\Land\15120201.emf,32,Vehicle : Tank : Light,Land Equipment : Main Icon,Land Equipment;Vehicle;Tank;Light;Appendices\Land\15120201.svg;Point;Vehicle : Tank : Light;15120201,icon is MAIN;image file does not exist;
{Symbols_Root}\Appendices\Land\15120202.emf,32,Vehicle : Tank : Medium,Land Equipment : Main Icon,Land Equipment;Vehicle;Tank;Medium;Appendices\Land\15120202.svg;Point;Vehicle : Tank : Medium;15120202,icon is MAIN;image file does not exist;
{Symbols_Root}\Appendices\Land\15120203.emf,32,Vehicle : Tank : Heavy,Land Equipment : Main Icon,Land Equipment;Vehicle;Tank;Heavy;Appendices\Land\15120203.svg;Point;Vehicle : Tank : Heavy;15120203,icon is MAIN;image file does not exist;
{Symbols_Root}\Appendices\Land\15120300.emf,32,Vehicle : Tank Recovery Vehicle,Land Equipment : Main Icon,Land Equipment;Vehicle;Tank Recovery Vehicle;Appendices\Land\15120300.svg;Point;Vehicle : Tank Recovery Vehicle;15120300,icon is MAIN;image file does not exist;
{Symbols_Root}\Appendices\Land\15120301.emf,32,Vehicle : Tank Recovery Vehicle : Light,Land Equipment : Main Icon,Land Equipment;Vehicle;Tank Recovery Vehicle;Light;Appendices\Land\15120301.svg;Point;Vehicle : Tank Recovery Vehicle : Light;15120301,icon is MAIN;image file does not exist;
{Symbols_Root}\Appendices\Land\15120302.emf,32,Vehicle : Tank Recovery Vehicle : Medium,Land Equipment : Main Icon,Land Equipment;Vehicle;Tank Recovery Vehicle;Medium;Appendices\Land\15120302.svg;Point;Vehicle : Tank Recovery Vehicle : Medium;15120302,icon is MAIN;image file does not exist;
{Symbols_Root}\Appendices\Land\15120303.emf,32,Vehicle : Tank Recovery Vehicle : Heavy,Land Equipment : Main Icon,Land Equipment;Vehicle;Tank Recovery Vehicle;Heavy;Appendices\Land\15120303.svg;Point;Vehicle : Tank Recovery Vehicle : Heavy;15120303,icon is MAIN;image file does not exist;
{Symbols_Root}\Appendices\Land\15130000.emf,32,Engineer Equipment,Land Equipment : Main Icon,Land Equipment;Engineer Vehicles and Equipment;Appendices\Land\15130000.svg;Point;Engineer Equipment;15130000,icon is MAIN;image file does not exist;
{Symbols_Root}\Appendices\Land\15130100.emf,32,Engineer Equipment : Bridge,Land Equipment : Main Icon,Land Equipment;Engineer Vehicles and Equipment;Bridge;Appendices\Land\15130100.svg;Point;Engineer Equipment : Bridge;15130100,icon is MAIN;image file does not exist;
{Symbols_Root}\Appendices\Land\15130200.emf,32,Engineer Equipment : Bridge Mounted on Utility Vehicle,Land Equipment : Main Icon,Land Equipment;Engineer Vehicles and Equipment;Bridge Mounted on Utility Vehicle;Appendices\Land\15130200.svg;Point;Engineer Equipment : Bridge Mounted on Utility Vehicle;15130200,icon is MAIN;image file does not exist;
{Symbols_Root}\Appendices\Land\15130300.emf,32,Engineer Equipment : Fixed Bridge,Land Equipment : Main Icon,Land Equipment;Engineer Vehicles and Equipment;Fixed Bridge;Appendices\Land\15130300.svg;Point;Engineer Equipment : Fixed Bridge;15130300,icon is MAIN;image file does not exist;
{Symbols_Root}\Appendices\Land\15130400.emf,32,Engineer Equipment : Floating Bridge,Land Equipment : Main Icon,Land Equipment;Engineer Vehicles and Equipment;Floating Bridge;Appendices\Land\15130400.svg;Point;Engineer Equipment : Floating Bridge;15130400,icon is MAIN;image file does not exist;
{Symbols_Root}\Appendices\Land\15130500.emf,32,Engineer Equipment : Folding Girder Bridge,Land Equipment : Main Icon,Land Equipment;Engineer Vehicles and Equipment;Folding Girder Bridge;Appendices\Land\15130500.svg;Point;Engineer Equipment : Folding Girder Bridge;15130500,icon is MAIN;image file does not exist;
{Symbols_Root}\Appendices\Land\15130600.emf,32,Engineer Equipment : Hollow Deck Bridge,Land Equipment : Main Icon,Land Equipment;Engineer Vehicles and Equipment;Hollow Deck Bridge;Appendices\Land\15130600.svg;Point;Engineer Equipment : Hollow Deck Bridge;15130600,icon is MAIN;image file does not exist;
{Symbols_Root}\Appendices\Land\15130700.emf,32,Engineer Equipment : Drill,Land Equipment : Main Icon,Land Equipment;Engineer Vehicles and Equipment;Drill;Appendices\Land\15130700.svg;Point;Engineer Equipment : Drill;15130700,icon is MAIN;image file does not exist;
{Symbols_Root}\Appendices\Land\15130701.emf,32,Engineer Equipment : Drill : Drill Mounted on Utility Vehicle,Land Equipment : Main Icon,Land Equipment;Engineer Vehicles and Equipment;Drill;Drill Mounted on Utility Vehicle;Appendices\Land\15130701.svg;Point;Engineer Equipment : Drill : Drill Mounted on Utility Vehicle;15130701,icon is MAIN;image file does not exist;
{Symbols_Root}\Appendices\Land\15130800.emf,32,Engineer Equipment : Earthmover,Land Equipment : Main Icon,Land Equipment;Engineer Vehicles and Equipment;Earthmover;Appendices\Land\15130800.svg;Point;Engineer Equipment : Earthmover;15130800,icon is MAIN;image file does not exist;
{Symbols_Root}\Appendices\Land\15130801.emf,32,Engineer Equipment : Earthmover : Multifunctional Earthmover/Digger,Land Equipment : Main Icon,Land Equipment;Engineer Vehicles and Equipment;Earthmover;Multifunctional Earthmover/Digger;Appendices\Land\15130801.svg;Point;Engineer Equipment : Earthmover : Multifunctional Earthmover/Digger;15130801,icon is MAIN;image file does not exist;
{Symbols_Root}\Appendices\Land\15130900.emf,32,Engineer Equipment : Mine Clearing Equipment,Land Equipment : Main Icon,Land Equipment;Engineer Vehicles and Equipment;Mine Clearing Equipment;Appendices\Land\15130900.svg;Point;Engineer Equipment : Mine Clearing Equipment;15130900,icon is MAIN;image file does not exist;
{Symbols_Root}\Appendices\Land\15130901.emf,32,Engineer Equipment : Mine Clearing Equipment : Trailer Mounted,Land Equipment : Main Icon,Land Equipment;Engineer Vehicles and Equipment;Mine Clearing Equipment;Trailer Mounted;Appendices\Land\15130901.svg;Point;Engineer Equipment : Mine Clearing Equipment : Trailer Mounted;15130901,icon is MAIN;image file does not exist;
{Symbols_Root}\Appendices\Land\15130902.emf,32,Engineer Equipment : Mine Clearing Equipment : Mine Clearing Equipment on Tank Chassis,Land Equipment : Main Icon,Land Equipment;Engineer Vehicles and Equipment;Mine Clearing Equipment;Mine Clearing Equipment on Tank Chassis;Appendices\Land\15130902.svg;Point;Engineer Equipment : Mine Clearing Equipment : Mine Clearing Equipment on Tank Chassis;15130902,icon is MAIN;image file does not exist;
{Symbols_Root}\Appendices\Land\15131000.emf,32,Engineer Equipment : Mine Laying Equipment,Land Equipment : Main Icon,Land Equipment;Engineer Vehicles and Equipment;Mine Laying Equipment;Appendices\Land\15131000.svg;Point;Engineer Equipment : Mine Laying Equipment;15131000,icon is MAIN;image file does not exist;
{Symbols_Root}\Appendices\Land\15131001.emf,32,Engineer Equipment : Mine Laying Equipment : Mine Laying Equipment on Utility Vehicle,Land Equipment : Main Icon,Land Equipment;Engineer Vehicles and Equipment;Mine Laying Equipment;Mine Laying Equipment on Utility Vehicle;Appendices\Land\15131001.svg;Point;Engineer Equipment : Mine Laying Equipment : Mine Laying Equipment on Utility Vehicle;15131001,icon is MAIN;image file does not exist;
{Symbols_Root}\Appendices\Land\15131002.emf,32,Engineer Equipment : Mine Laying Equipment : Armored Carrier with Volcano,Land Equipment : Main Icon,Land Equipment;Engineer Vehicles and Equipment;Mine Laying Equipment;Armored Carrier with Volcano;Appendices\Land\15131002.svg;Point;Engineer Equipment : Mine Laying Equipment : Armored Carrier with Volcano;15131002,icon is MAIN;image file does not exist;
{Symbols_Root}\Appendices\Land\15131003.emf,32,Engineer Equipment : Mine Laying Equipment : Truck Mounted with Volcano,Land Equipment : Main Icon,Land Equipment;Engineer Vehicles and Equipment;Mine Laying Equipment;Truck Mounted with Volcano;Appendices\Land\15131003.svg;Point;Engineer Equipment : Mine Laying Equipment : Truck Mounted with Volcano;15131003,icon is MAIN;image file does not exist;
{Symbols_Root}\Appendices\Land\15131100.emf,32,Engineer Equipment : Dozer,Land Equipment : Main Icon,Land Equipment;Engineer Vehicles and Equipment;Dozer;Appendices\Land\15131100.svg;Point;Engineer Equipment : Dozer;15131100,icon is MAIN;image file does not exist;
{Symbols_Root}\Appendices\Land\15131101.emf,32,Engineer Equipment : Dozer : Dozer-Armored,Land Equipment : Main Icon,Land Equipment;Engineer Vehicles and Equipment;Dozer;Dozer-Armored;Appendices\Land\15131101.svg;Point;Engineer Equipment : Dozer : Dozer-Armored;15131101,icon is MAIN;image file does not exist;
{Symbols_Root}\Appendices\Land\15131200.emf,32,Engineer Equipment : Armored Assault,Land Equipment : Main Icon,Land Equipment;Engineer Vehicles and Equipment;Armored Assault;Appendices\Land\15131200.svg;Point;Engineer Equipment : Armored Assault;15131200,icon is MAIN;image file does not exist;
{Symbols_Root}\Appendices\Land\15131300.emf,32,Engineer Equipment : Armored Engineer Recon Vehicle (AERV),Land Equipment : Main Icon,Land Equipment;Engineer Vehicles and Equipment;Armored Engineer Recon Vehicle (AERV);Appendices\Land\15131300.svg;Point;Engineer Equipment : Armored Engineer Recon Vehicle (AERV);15131300,icon is MAIN;image file does not exist;
{Symbols_Root}\Appendices\Land\15131400.emf,32,Engineer Equipment : Backhoe,Land Equipment : Main Icon,Land Equipment;Engineer Vehicles and Equipment;Backhoe;Appendices\Land\15131400.svg;Point;Engineer Equipment : Backhoe;15131400,icon is MAIN;image file does not exist;
{Symbols_Root}\Appendices\Land\15131500.emf,32,Engineer Equipment : Construction Vehicle,Land Equipment : Main Icon,Land Equipment;Engineer Vehicles and Equipment;Construction Vehicle;Appendices\Land\15131500.svg;Point;Engineer Equipment : Construction Vehicle;15131500,icon is MAIN;image file does not exist;
{Symbols_Root}\Appendices\Land\15131600.emf,32,Engineer Equipment : Ferry Transporter,Land Equipment : Main Icon,Land Equipment;Engineer Vehicles and Equipment;Ferry Transporter;Appendices\Land\15131600.svg;Point;Engineer Equipment : Ferry Transporter;15131600,icon is MAIN;image file does not exist;
{Symbols_Root}\Appendices\Land\,32,Utility Vehicles,Land Equipment : Main Icon,Land Equipment;Utility Vehicles;Appendices\Land\;Point;Utility Vehicles;15140000,icon is MAIN;image file does not exist;
{Symbols_Root}\Appendices\Land\15140100.emf,32,Utility Vehicles : Utility Vehicle,Land Equipment : Main Icon,Land Equipment;Utility Vehicles;Utility Vehicle;Appendices\Land\15140100.svg;Point;Utility Vehicles : Utility Vehicle;15140100,icon is MAIN;image file does not exist;
{Symbols_Root}\Appendices\Land\15140200.emf,32,Utility Vehicles : Medical,Land Equipment : Main Icon,Land Equipment;Utility Vehicles;Medical;Appendices\Land\15140200.svg;Point;Utility Vehicles : Medical;15140200,icon is MAIN;image file does not exist;
{Symbols_Root}\Appendices\Land\15140300.emf,32,Utility Vehicles : Medical Evacuation,Land Equipment : Main Icon,Land Equipment;Utility Vehicles;Medical Evacuation;Appendices\Land\15140300.svg;Point;Utility Vehicles : Medical Evacuation;15140300,icon is MAIN;image file does not exist;
{Symbols_Root}\Appendices\Land\15140400.emf,32,Utility Vehicles : Mobile Emergency Physician,Land Equipment : Main Icon,Land Equipment;Utility Vehicles;Mobile Emergency Physician;Appendices\Land\15140400.svg;Point;Utility Vehicles : Mobile Emergency Physician;15140400,icon is MAIN;image file does not exist;
{Symbols_Root}\Appendices\Land\15140500.emf,32,Utility Vehicles : Bus,Land Equipment : Main Icon,Land Equipment;Utility Vehicles;Bus;Appendices\Land\15140500.svg;Point;Utility Vehicles : Bus;15140500,icon is MAIN;image file does not exist;
{Symbols_Root}\Appendices\Land\15140600.emf,32,Utility Vehicles : Semi-Trailer and Truck,Land Equipment : Main Icon,Land Equipment;Utility Vehicles;Semi-Trailer and Truck;Appendices\Land\15140600.svg;Point;Utility Vehicles : Semi-Trailer and Truck;15140600,icon is MAIN;image file does not exist;
{Symbols_Root}\Appendices\Land\15140601.emf,32,Utility Vehicles : Semi-Trailer and Truck : Light,Land Equipment : Main Icon,Land Equipment;Utility Vehicles;Semi-Trailer and Truck;Light;Appendices\Land\15140601.svg;Point;Utility Vehicles : Semi-Trailer and Truck : Light;15140601,icon is MAIN;image file does not exist;
{Symbols_Root}\Appendices\Land\15140602.emf,32,Utility Vehicles : Semi-Trailer and Truck : Medium,Land Equipment : Main Icon,Land Equipment;Utility Vehicles;Semi-Trailer and Truck;Medium;Appendices\Land\15140602.svg;Point;Utility Vehicles : Semi-Trailer and Truck : Medium;15140602,icon is MAIN;image file does not exist;
{Symbols_Root}\Appendices\Land\15140603.emf,32,Utility Vehicles : Semi-Trailer and Truck : Heavy,Land Equipment : Main Icon,Land Equipment;Utility Vehicles;Semi-Trailer and Truck;Heavy;Appendices\Land\15140603.svg;Point;Utility Vehicles : Semi-Trailer and Truck : Heavy;15140603,icon is MAIN;image file does not exist;
{Symbols_Root}\Appendices\Land\15140700.emf,32,Utility Vehicles : Limited Cross Country Truck,Land Equipment : Main Icon,Land Equipment;Utility Vehicles;Limited Cross Country Truck;Appendices\Land\15140700.svg;Point;Utility Vehicles : Limited Cross Country Truck;15140700,icon is MAIN;image file does not exist;
{Symbols_Root}\Appendices\Land\15140800.emf,32,Utility Vehicles : Cross Country Truck,Land Equipment : Main Icon,Land Equipment;Utility Vehicles;Cross Country Truck;Appendices\Land\15140800.svg;Point;Utility Vehicles : Cross Country Truck;15140800,icon is MAIN;image file does not exist;
{Symbols_Root}\Appendices\Land\15140900.emf,32,Utility Vehicles : Petroleum-Oil and Lubricant,Land Equipment : Main Icon,Land Equipment;Utility Vehicles;Petroleum-Oil and Lubricant;Appendices\Land\15140900.svg;Point;Utility Vehicles : Petroleum-Oil and Lubricant;15140900,icon is MAIN;image file does not exist;
{Symbols_Root}\Appendices\Land\15141000.emf,32,Utility Vehicles : Water,Land Equipment : Main Icon,Land Equipment;Utility Vehicles;Water;Appendices\Land\15141000.svg;Point;Utility Vehicles : Water;15141000,icon is MAIN;image file does not exist;
{Symbols_Root}\Appendices\Land\15141100.emf,32,Utility Vehicles : Amphibious Utility Wheeled Vehicle,Land Equipment : Main Icon,Land Equipment;Utility Vehicles;Amphibious Utility Wheeled Vehicle;Appendices\Land\15141100.svg;Point;Utility Vehicles : Amphibious Utility Wheeled Vehicle;15141100,icon is MAIN;image file does not exist;
{Symbols_Root}\Appendices\Land\15141200.emf,32,Utility Vehicles : Tow Truck,Land Equipment : Main Icon,Land Equipment;Utility Vehicles;Tow Truck;Appendices\Land\15141200.svg;Point;Utility Vehicles : Tow Truck;15141200,icon is MAIN;image file does not exist;
{Symbols_Root}\Appendices\Land\15141201.emf,32,Utility Vehicles : Tow Truck : Light,Land Equipment : Main Icon,Land Equipment;Utility Vehicles;Tow Truck;Light;Appendices\Land\15141201.svg;Point;Utility Vehicles : Tow Truck : Light;15141201,icon is MAIN;image file does not exist;
{Symbols_Root}\Appendices\Land\15141202.emf,32,Utility Vehicles : Tow Truck : Heavy,Land Equipment : Main Icon,Land Equipment;Utility Vehicles;Tow Truck;Heavy;Appendices\Land\15141202.svg;Point;Utility Vehicles : Tow Truck : Heavy;15141202,icon is MAIN;image file does not exist;
{Symbols_Root}\Appendices\Land\,32,Train,Land Equipment : Main Icon,Land Equipment;Train;Appendices\Land\;Point;Train;15150000,icon is MAIN;image file does not exist;
{Symbols_Root}\Appendices\Land\15150100.emf,32,Train : Locomotive,Land Equipment : Main Icon,Land Equipment;Train;Locomotive;Appendices\Land\15150100.svg;Point;Train : Locomotive;15150100,icon is MAIN;image file does not exist;
{Symbols_Root}\Appendices\Land\15150200.emf,32,Train : Railcar,Land Equipment : Main Icon,Land Equipment;Train;Railcar;Appendices\Land\15150200.svg;Point;Train : Railcar;15150200,icon is MAIN;image file does not exist;
{Symbols_Root}\Appendices\Land\,32,Civilian Vehicle,Land Equipment : Main Icon,Land Equipment;Civilian Vehicle;Appendices\Land\;Point;Civilian Vehicle;15160000,icon is MAIN;image file does not exist;
{Symbols_Root}\Appendices\Land\15160100.emf,32,Civilian Vehicle : Automobile,Land Equipment : Main Icon,Land Equipment;Civilian Vehicle;Automobile;Appendices\Land\15160100.svg;Point;Civilian Vehicle : Automobile;15160100,icon is MAIN;image file does not exist;
{Symbols_Root}\Appendices\Land\15160101.emf,32,Civilian Vehicle : Automobile : Compact,Land Equipment : Main Icon,Land Equipment;Civilian Vehicle;Automobile;Compact;Appendices\Land\15160101.svg;Point;Civilian Vehicle : Automobile : Compact;15160101,icon is MAIN;image file does not exist;
{Symbols_Root}\Appendices\Land\15160102.emf,32,Civilian Vehicle : Automobile : Midsize,Land Equipment : Main Icon,Land Equipment;Civilian Vehicle;Automobile;Midsize;Appendices\Land\15160102.svg;Point;Civilian Vehicle : Automobile : Midsize;15160102,icon is MAIN;image file does not exist;
{Symbols_Root}\Appendices\Land\15160103.emf,32,Civilian Vehicle : Automobile : Sedan,Land Equipment : Main Icon,Land Equipment;Civilian Vehicle;Automobile;Sedan;Appendices\Land\15160103.svg;Point;Civilian Vehicle : Automobile : Sedan;15160103,icon is MAIN;image file does not exist;
{Symbols_Root}\Appendices\Land\15160200.emf,32,Civilian Vehicle : Open-Bed Truck,Land Equipment : Main Icon,Land Equipment;Civilian Vehicle;Open-Bed Truck;Appendices\Land\15160200.svg;Point;Civilian Vehicle : Open-Bed Truck;15160200,icon is MAIN;image file does not exist;
{Symbols_Root}\Appendices\Land\15160201.emf,32,Civilian Vehicle : Open-Bed Truck : Pickup,Land Equipment : Main Icon,Land Equipment;Civilian Vehicle;Open-Bed Truck;Pickup;Appendices\Land\15160201.svg;Point;Civilian Vehicle : Open-Bed Truck : Pickup;15160201,icon is MAIN;image file does not exist;
{Symbols_Root}\Appendices\Land\15160202.emf,32,Civilian Vehicle : Open-Bed Truck : Small,Land Equipment : Main Icon,Land Equipment;Civilian Vehicle;Open-Bed Truck;Small;Appendices\Land\15160202.svg;Point;Civilian Vehicle : Open-Bed Truck : Small;15160202,icon is MAIN;image file does not exist;
{Symbols_Root}\Appendices\Land\15160203.emf,32,Civilian Vehicle : Open-Bed Truck : Large,Land Equipment : Main Icon,Land Equipment;Civilian Vehicle;Open-Bed Truck;Large;Appendices\Land\15160203.svg;Point;Civilian Vehicle : Open-Bed Truck : Large;15160203,icon is MAIN;image file does not exist;
{Symbols_Root}\Appendices\Land\15160300.emf,32,Civilian Vehicle : Multiple Passenger Vehicle,Land Equipment : Main Icon,Land Equipment;Civilian Vehicle;Multiple Passenger Vehicle;Appendices\Land\15160300.svg;Point;Civilian Vehicle : Multiple Passenger Vehicle;15160300,icon is MAIN;image file does not exist;
{Symbols_Root}\Appendices\Land\15160301.emf,32,Civilian Vehicle : Multiple Passenger Vehicle : Van,Land Equipment : Main Icon,Land Equipment;Civilian Vehicle;Multiple Passenger Vehicle;Van;Appendices\Land\15160301.svg;Point;Civilian Vehicle : Multiple Passenger Vehicle : Van;15160301,icon is MAIN;image file does not exist;
{Symbols_Root}\Appendices\Land\15160302.emf,32,Civilian Vehicle : Multiple Passenger Vehicle : Small Bus,Land Equipment : Main Icon,Land Equipment;Civilian Vehicle;Multiple Passenger Vehicle;Small Bus;Appendices\Land\15160302.svg;Point;Civilian Vehicle : Multiple Passenger Vehicle : Small Bus;15160302,icon is MAIN;image file does not exist;
{Symbols_Root}\Appendices\Land\15160303.emf,32,Civilian Vehicle : Multiple Passenger Vehicle : Large Bus,Land Equipment : Main Icon,Land Equipment;Civilian Vehicle;Multiple Passenger Vehicle;Large Bus;Appendices\Land\15160303.svg;Point;Civilian Vehicle : Multiple Passenger Vehicle : Large Bus;15160303,icon is MAIN;image file does not exist;
{Symbols_Root}\Appendices\Land\15160400.emf,32,Civilian Vehicle : Utility Vehicle,Land Equipment : Main Icon,Land Equipment;Civilian Vehicle;Utility Vehicle;Appendices\Land\15160400.svg;Point;Civilian Vehicle : Utility Vehicle;15160400,icon is MAIN;image file does not exist;
{Symbols_Root}\Appendices\Land\15160401.emf,32,Civilian Vehicle : Utility Vehicle : Sport Utility Vehicle (SUV),Land Equipment : Main Icon,Land Equipment;Civilian Vehicle;Utility Vehicle;Sport Utility Vehicle (SUV);Appendices\Land\15160401.svg;Point;Civilian Vehicle : Utility Vehicle : Sport Utility Vehicle (SUV);15160401,icon is MAIN;image file does not exist;
{Symbols_Root}\Appendices\Land\15160402.emf,32,Civilian Vehicle : Utility Vehicle : Small Box Truck,Land Equipment : Main Icon,Land Equipment;Civilian Vehicle;Utility Vehicle;Small Box Truck;Appendices\Land\15160402.svg;Point;Civilian Vehicle : Utility Vehicle : Small Box Truck;15160402,icon is MAIN;image file does not exist;
{Symbols_Root}\Appendices\Land\15160403.emf,32,Civilian Vehicle : Utility Vehicle : Large Box Truck,Land Equipment : Main Icon,Land Equipment;Civilian Vehicle;Utility Vehicle;Large Box Truck;Appendices\Land\15160403.svg;Point;Civilian Vehicle : Utility Vehicle : Large Box Truck;15160403,icon is MAIN;image file does not exist;
{Symbols_Root}\Appendices\Land\15160500.emf,32,Civilian Vehicle : Jeep Type Vehicle,Land Equipment : Main Icon,Land Equipment;Civilian Vehicle;Jeep Type Vehicle;Appendices\Land\15160500.svg;Point;Civilian Vehicle : Jeep Type Vehicle;15160500,icon is MAIN;image file does not exist;
{Symbols_Root}\Appendices\Land\15160501.emf,32,Civilian Vehicle : Jeep Type Vehicle : Small/Light,Land Equipment : Main Icon,Land Equipment;Civilian Vehicle;Jeep Type Vehicle;Small/Light;Appendices\Land\15160501.svg;Point;Civilian Vehicle : Jeep Type Vehicle : Small/Light;15160501,icon is MAIN;image file does not exist;
{Symbols_Root}\Appendices\Land\15160502.emf,32,Civilian Vehicle : Jeep Type Vehicle : Medium,Land Equipment : Main Icon,Land Equipment;Civilian Vehicle;Jeep Type Vehicle;Medium;Appendices\Land\15160502.svg;Point;Civilian Vehicle : Jeep Type Vehicle : Medium;15160502,icon is MAIN;image file does not exist;
{Symbols_Root}\Appendices\Land\15160503.emf,32,Civilian Vehicle : Jeep Type Vehicle : Large/Heavy,Land Equipment : Main Icon,Land Equipment;Civilian Vehicle;Jeep Type Vehicle;Large/Heavy;Appendices\Land\15160503.svg;Point;Civilian Vehicle : Jeep Type Vehicle : Large/Heavy;15160503,icon is MAIN;image file does not exist;
{Symbols_Root}\Appendices\Land\15160600.emf,32,Civilian Vehicle : Tractor Trailer with Box,Land Equipment : Main Icon,Land Equipment;Civilian Vehicle;Tractor Trailer Truck with Box;Appendices\Land\15160600.svg;Point;Civilian Vehicle : Tractor Trailer with Box;15160600,icon is MAIN;image file does not exist;
{Symbols_Root}\Appendices\Land\15160601.emf,32,Civilian Vehicle : Tractor Trailer with Box : Small/Light,Land Equipment : Main Icon,Land Equipment;Civilian Vehicle;Tractor Trailer Truck with Box;Small/Light;Appendices\Land\15160601.svg;Point;Civilian Vehicle : Tractor Trailer with Box : Small/Light;15160601,icon is MAIN;image file does not exist;
{Symbols_Root}\Appendices\Land\15160602.emf,32,Civilian Vehicle : Tractor Trailer with Box : Medium,Land Equipment : Main Icon,Land Equipment;Civilian Vehicle;Tractor Trailer Truck with Box;Medium;Appendices\Land\15160602.svg;Point;Civilian Vehicle : Tractor Trailer with Box : Medium;15160602,icon is MAIN;image file does not exist;
{Symbols_Root}\Appendices\Land\15160603.emf,32,Civilian Vehicle : Tractor Trailer with Box : Large/Heavy,Land Equipment : Main Icon,Land Equipment;Civilian Vehicle;Tractor Trailer Truck with Box;Large/Heavy;Appendices\Land\15160603.svg;Point;Civilian Vehicle : Tractor Trailer with Box : Large/Heavy;15160603,icon is MAIN;image file does not exist;
{Symbols_Root}\Appendices\Land\15160700.emf,32,Civilian Vehicle : Tractor Trailer with Flatbed,Land Equipment : Main Icon,Land Equipment;Civilian Vehicle;Tractor Trailer Truck with Flatbed Trailer;Appendices\Land\15160700.svg;Point;Civilian Vehicle : Tractor Trailer with Flatbed;15160700,icon is MAIN;image file does not exist;
{Symbols_Root}\Appendices\Land\15160701.emf,32,Civilian Vehicle : Tractor Trailer with Flatbed : Small/Light,Land Equipment : Main Icon,Land Equipment;Civilian Vehicle;Tractor Trailer Truck with Flatbed Trailer;Small/Light;Appendices\Land\15160701.svg;Point;Civilian Vehicle : Tractor Trailer with Flatbed : Small/Light;15160701,icon is MAIN;image file does not exist;
{Symbols_Root}\Appendices\Land\15160702.emf,32,Civilian Vehicle : Tractor Trailer with Flatbed : Medium,Land Equipment : Main Icon,Land Equipment;Civilian Vehicle;Tractor Trailer Truck with Flatbed Trailer;Medium;Appendices\Land\15160702.svg;Point;Civilian Vehicle : Tractor Trailer with Flatbed : Medium;15160702,icon is MAIN;image file does not exist;
{Symbols_Root}\Appendices\Land\15160703.emf,32,Civilian Vehicle : Tractor Trailer with Flatbed : Large/Heavy,Land Equipment : Main Icon,Land Equipment;Civilian Vehicle;Tractor Trailer Truck with Flatbed Trailer;Large/Heavy;Appendices\Land\15160703.svg;Point;Civilian Vehicle : Tractor Trailer with Flatbed : Large/Heavy;15160703,icon is MAIN;image file does not exist;
{Symbols_Root}\Appendices\Land\15160800.emf,32,Civilian Vehicle : Known Insurgent Vehicle,Land Equipment : Main Icon,Land Equipment;Civilian Vehicle;Known Insurgent Vehicle;Appendices\Land\15160800.svg;Point;Civilian Vehicle : Known Insurgent Vehicle;15160800,icon is MAIN;image file does not exist;
{Symbols_Root}\Appendices\Land\15160900.emf,32,Civilian Vehicle : Drug Vehicle,Land Equipment : Main Icon,Land Equipment;Civilian Vehicle;Drug Vehicle;Appendices\Land\15160900.svg;Point;Civilian Vehicle : Drug Vehicle;15160900,icon is MAIN;image file does not exist;
{Symbols_Root}\Appendices\Land\15170000.emf,32,Law Enforcement (Land Equipment),Land Equipment : Main Icon,Land Equipment;Law Enforcement;Appendices\Land\15170000.svg;Point;Law Enforcement (Land Equipment);15170000,icon is MAIN;image file does not exist;
{Symbols_Root}\Appendices\Land\15170100.emf,32,Law Enforcement (Land Equipment) : ATF DOJ,Land Equipment : Main Icon,Land Equipment;Law Enforcement;Bureau of Alcohol-Tobacco-Firearms and Explosives (ATF) (Department of Justice);Appendices\Land\15170100.svg;Point;Law Enforcement (Land Equipment) : ATF DOJ;15170100,icon is MAIN;image file does not exist;
{Symbols_Root}\Appendices\Land\15170200.emf,32,Law Enforcement (Land Equipment) : Border Patrol,Land Equipment : Main Icon,Land Equipment;Law Enforcement;Border Patrol;Appendices\Land\15170200.svg;Point;Law Enforcement (Land Equipment) : Border Patrol;15170200,icon is MAIN;image file does not exist;
{Symbols_Root}\Appendices\Land\15170300.emf,32,Law Enforcement (Land Equipment) : Customs Service,Land Equipment : Main Icon,Land Equipment;Law Enforcement;Customs Service;Appendices\Land\15170300.svg;Point;Law Enforcement (Land Equipment) : Customs Service;15170300,icon is MAIN;image file does not exist;
{Symbols_Root}\Appendices\Land\15170400.emf,32,Law Enforcement (Land Equipment) : DEA,Land Equipment : Main Icon,Land Equipment;Law Enforcement;Drug Enforcement Administration (DEA);Appendices\Land\15170400.svg;Point;Law Enforcement (Land Equipment) : DEA;15170400,icon is MAIN;image file does not exist;
{Symbols_Root}\Appendices\Land\15170500.emf,32,Law Enforcement (Land Equipment) : DOJ,Land Equipment : Main Icon,Land Equipment;Law Enforcement;Department of Justice (DOJ);Appendices\Land\15170500.svg;Point;Law Enforcement (Land Equipment) : DOJ;15170500,icon is MAIN;image file does not exist;
{Symbols_Root}\Appendices\Land\15170600.emf,32,Law Enforcement (Land Equipment) : FBI,Land Equipment : Main Icon,Land Equipment;Law Enforcement;Federal Bureau of Investigation (FBI);Appendices\Land\15170600.svg;Point;Law Enforcement (Land Equipment) : FBI;15170600,icon is MAIN;image file does not exist;
{Symbols_Root}\Appendices\Land\15170700.emf,32,Law Enforcement (Land Equipment) : Police,Land Equipment : Main Icon,Land Equipment;Law Enforcement;Police;Appendices\Land\15170700.svg;Point;Law Enforcement (Land Equipment) : Police;15170700,icon is MAIN;image file does not exist;
{Symbols_Root}\Appendices\Land\15170800.emf,32,Law Enforcement (Land Equipment) : US Secret Service (USSS),Land Equipment : Main Icon,Land Equipment;Law Enforcement;United States Secret Service (USSS);Appendices\Land\15170800.svg;Point;Law Enforcement (Land Equipment) : US Secret Service (USSS);15170800,icon is MAIN;image file does not exist;
{Symbols_Root}\Appendices\Land\15170900.emf,32,Law Enforcement (Land Equipment) : TSA,Land Equipment : Main Icon,Land Equipment;Law Enforcement;Transportation Security Administration (TSA);Appendices\Land\15170900.svg;Point;Law Enforcement (Land Equipment) : TSA;15170900,icon is MAIN;image file does not exist;
{Symbols_Root}\Appendices\Land\15171000.emf,32,Law Enforcement (Land Equipment) : Coast Guard,Land Equipment : Main Icon,Land Equipment;Law Enforcement;Coast Guard;Appendices\Land\15171000.svg;Point;Law Enforcement (Land Equipment) : Coast Guard;15171000,icon is MAIN;image file does not exist;
{Symbols_Root}\Appendices\Land\15171100.emf,32,Law Enforcement (Land Equipment) : US Marshals Service,Land Equipment : Main Icon,Land Equipment;Law Enforcement;US Marshals Service;Appendices\Land\15171100.svg;Point;Law Enforcement (Land Equipment) : US Marshals Service;15171100,icon is MAIN;image file does not exist;
{Symbols_Root}\Appendices\Land\15180000.emf,32,Pack Animals,Land Equipment : Main Icon,Land Equipment;Pack Animals;Appendices\Land\15180000.svg;Point;Pack Animals;15180000,icon is MAIN;image file does not exist;
{Symbols_Root}\Appendices\Land\15190000.emf,32,Missile Support,Land Equipment : Main Icon,Land Equipment;Missile Support;Appendices\Land\15190000.svg;Point;Missile Support;15190000,icon is MAIN;image file does not exist;
{Symbols_Root}\Appendices\Land\15190100.emf,32,Missile Support : Transloader,Land Equipment : Main Icon,Land Equipment;Missile Support;Transloader;Appendices\Land\15190100.svg;Point;Missile Support : Transloader;15190100,icon is MAIN;image file does not exist;
{Symbols_Root}\Appendices\Land\15190200.emf,32,Missile Support : Transporter,Land Equipment : Main Icon,Land Equipment;Missile Support;Transporter;Appendices\Land\15190200.svg;Point;Missile Support : Transporter;15190200,icon is MAIN;image file does not exist;
{Symbols_Root}\Appendices\Land\15190300.emf,32,Missile Support : Crane/Loading Device,Land Equipment : Main Icon,Land Equipment;Missile Support;Crane/Loading Device;Appendices\Land\15190300.svg;Point;Missile Support : Crane/Loading Device;15190300,icon is MAIN;image file does not exist;
{Symbols_Root}\Appendices\Land\15190400.emf,32,Missile Support : Propellant Transporter,Land Equipment : Main Icon,Land Equipment;Missile Support;Propellant Transporter;Appendices\Land\15190400.svg;Point;Missile Support : Propellant Transporter;15190400,icon is MAIN;image file does not exist;
{Symbols_Root}\Appendices\Land\15190500.emf,32,Missile Support : Warhead Transporter,Land Equipment : Main Icon,Land Equipment;Missile Support;Warhead Transporter;Appendices\Land\15190500.svg;Point;Missile Support : Warhead Transporter;15190500,icon is MAIN;image file does not exist;
{Symbols_Root}\Appendices\Land\15200100.emf,32,Other Equipment : Antennae,Land Equipment : Main Icon,Land Equipment;Other Equipment;Antennae;Appendices\Land\15200100.svg;Point;Other Equipment : Antennae;15200100,icon is MAIN;image file does not exist;
{Symbols_Root}\Appendices\Land\15200200.emf,32,Other Equipment : Bomb,Land Equipment : Main Icon,Land Equipment;Other Equipment;Bomb;Appendices\Land\15200200.svg;Point;Other Equipment : Bomb;15200200,icon is MAIN;image file does not exist;
{Symbols_Root}\Appendices\Land\15200300.emf,32,Other Equipment : Booby Trap,Land Equipment : Main Icon,Land Equipment;Other Equipment;Booby Trap;Appendices\Land\15200300.svg;Point;Other Equipment : Booby Trap;15200300,icon is MAIN;image file does not exist;
{Symbols_Root}\Appendices\Land\15200400.emf,32,Other Equipment : CBRN Equipment,Land Equipment : Main Icon,Land Equipment;Other Equipment;CBRN Equipment;Appendices\Land\15200400.svg;Point;Other Equipment : CBRN Equipment;15200400,icon is MAIN;image file does not exist;
{Symbols_Root}\Appendices\Land\15200500.emf,32,Other Equipment : Computer System,Land Equipment : Main Icon,Land Equipment;Other Equipment;Computer System;Appendices\Land\15200500.svg;Point;Other Equipment : Computer System;15200500,icon is MAIN;image file does not exist;
{Symbols_Root}\Appendices\Land\15200600.emf,32,Other Equipment : Command Launch Equipment (CLE),Land Equipment : Main Icon,Land Equipment;Other Equipment;Command Launch Equipment (CLE);Appendices\Land\15200600.svg;Point;Other Equipment : Command Launch Equipment (CLE);15200600,icon is MAIN;image file does not exist;
{Symbols_Root}\Appendices\Land\15200700.emf,32,Other Equipment : Generator Set,Land Equipment : Main Icon,Land Equipment;Other Equipment;Generator Set;Appendices\Land\15200700.svg;Point;Other Equipment : Generator Set;15200700,icon is MAIN;image file does not exist;
{Symbols_Root}\Appendices\Land\15200800.emf,32,Other Equipment : Ground-based Midcourse Defense (GMD) Fire Control (GFC) Center,Land Equipment : Main Icon,Land Equipment;Other Equipment;Ground-based Midcourse Defense (GMD) Fire Control (GFC) Center;Appendices\Land\15200800.svg;Point;Other Equipment : Ground-based Midcourse Defense (GMD) Fire Control (GFC) Center;15200800,icon is MAIN;image file does not exist;
{Symbols_Root}\Appendices\Land\15200900.emf,32,Other Equipment : In-Flight Interceptor Communications System (IFICS) Data Terminal (IDT),Land Equipment : Main Icon,Land Equipment;Other Equipment;In-Flight Interceptor Communications System (IFICS) Data Terminal (IDT);Appendices\Land\15200900.svg;Point;Other Equipment : In-Flight Interceptor Communications System (IFICS) Data Terminal (IDT);15200900,icon is MAIN;image file does not exist;
{Symbols_Root}\Appendices\Land\15201000.emf,32,Other Equipment : Laser,Land Equipment : Main Icon,Land Equipment;Other Equipment;Laser;Appendices\Land\15201000.svg;Point;Other Equipment : Laser;15201000,icon is MAIN;image file does not exist;
{Symbols_Root}\Appendices\Land\15201100.emf,32,Other Equipment : Military Information Support Operations (MISO),Land Equipment : Main Icon,Land Equipment;Other Equipment;Military Information Support Operations (MISO);Appendices\Land\15201100.svg;Point;Other Equipment : Military Information Support Operations (MISO);15201100,icon is MAIN;image file does not exist;
{Symbols_Root}\Appendices\Land\15201200.emf,32,Other Equipment : Sustainment Shipments,Land Equipment : Main Icon,Land Equipment;Other Equipment;Sustainment Shipments;Appendices\Land\15201200.svg;Point;Other Equipment : Sustainment Shipments;15201200,icon is MAIN;image file does not exist;
{Symbols_Root}\Appendices\Land\15201300.emf,32,Other Equipment : Tent,Land Equipment : Main Icon,Land Equipment;Other Equipment;Tent;Appendices\Land\15201300.svg;Point;Other Equipment : Tent;15201300,icon is MAIN;image file does not exist;
{Symbols_Root}\Appendices\Land\15201400.emf,32,Other Equipment : Unit Deployment Shipments,Land Equipment : Main Icon,Land Equipment;Other Equipment;Unit Deployment Shipments;Appendices\Land\15201400.svg;Point;Other Equipment : Unit Deployment Shipments;15201400,icon is MAIN;image file does not exist;
{Symbols_Root}\Appendices\Land\15201500.emf,32,Other Equipment : Emergency Medical Operation,Land Equipment : Main Icon,Land Equipment;Other Equipment;Emergency Medical Operation;Appendices\Land\15201500.svg;Point;Other Equipment : Emergency Medical Operation;15201500,icon is MAIN;image file does not exist;
{Symbols_Root}\Appendices\Land\15201501.emf,32,Other Equipment : Emergency Medical Operation : Medical Evacuation Helicopter,Land Equipment : Main Icon,Land Equipment;Other Equipment;Emergency Medical Operation;Medical Evacuation Helicopter;Appendices\Land\15201501.svg;Point;Other Equipment : Emergency Medical Operation : Medical Evacuation Helicopter;15201501,icon is MAIN;image file does not exist;
{Symbols_Root}\Appendices\Land\15210100.emf,32,Land Mines : Land Mine,Land Equipment : Main Icon,Land Equipment;Land Mines;Land Mine;Appendices\Land\15210100.svg;Point;Land Mines : Land Mine;15210100,icon is MAIN;image file does not exist;
{Symbols_Root}\Appendices\Land\15210200.emf,32,Land Mines : Antipersonnel Land Mine (APL),Land Equipment : Main Icon,Land Equipment;Land Mines;Antipersonnel Land Mine (APL);Appendices\Land\15210200.svg;Point;Land Mines : Antipersonnel Land Mine (APL);15210200,icon is MAIN;image file does not exist;
{Symbols_Root}\Appendices\Land\15210300.emf,32,Land Mines : Antitank Mine,Land Equipment : Main Icon,Land Equipment;Land Mines;Antitank Mine;Appendices\Land\15210300.svg;Point;Land Mines : Antitank Mine;15210300,icon is MAIN;image file does not exist;
{Symbols_Root}\Appendices\Land\15210400.emf,32,Land Mines : Improvised Explosives Device (IED),Land Equipment : Main Icon,Land Equipment;Land Mines;Improvised Explosives Device (IED);Appendices\Land\15210400.svg;Point;Land Mines : Improvised Explosives Device (IED);15210400,icon is MAIN;image file does not exist;
{Symbols_Root}\Appendices\Land\15210500.emf,32,Land Mines : Less than lethal,Land Equipment : Main Icon,Land Equipment;Land Mines;Less than lethal;Appendices\Land\15210500.svg;Point;Land Mines : Less than lethal;15210500,icon is MAIN;image file does not exist;
{Symbols_Root}\Appendices\Land\15220100.emf,32,Sensors : Sensor,Land Equipment : Main Icon,Land Equipment;Sensors;Sensor;Appendices\Land\15220100.svg;Point;Sensors : Sensor;15220100,icon is MAIN;image file does not exist;
{Symbols_Root}\Appendices\Land\15220200.emf,32,Sensors : Sensor Emplaced,Land Equipment : Main Icon,Land Equipment;Sensors;Sensor Emplaced;Appendices\Land\15220200.svg;Point;Sensors : Sensor Emplaced;15220200,icon is MAIN;image file does not exist;
{Symbols_Root}\Appendices\Land\15220300.emf,32,Sensors : Radar,Land Equipment : Main Icon,Land Equipment;Sensors;Radar;Appendices\Land\15220300.svg;Point;Sensors : Radar;15220300,icon is MAIN;image file does not exist;
{Symbols_Root}\Appendices\Land\15230000.emf,32,Emergency Operation (Land Equipment),Land Equipment : Main Icon,Land Equipment;Emergency Operation;Appendices\Land\15230000.svg;Point;Emergency Operation (Land Equipment);15230000,icon is MAIN;image file does not exist;
{Symbols_Root}\Appendices\Land\15230100.emf,32,Emergency Operation (Land Equipment) : Ambulance,Land Equipment : Main Icon,Land Equipment;Emergency Operation;Ambulance;Appendices\Land\15230100.svg;Point;Emergency Operation (Land Equipment) : Ambulance;15230100,icon is MAIN;image file does not exist;
{Symbols_Root}\Appendices\Land\15230200.emf,32,Emergency Operation (Land Equipment) : Fire Fighting/Fire Protection,Land Equipment : Main Icon,Land Equipment;Emergency Operation;Fire Fighting/Fire Protection;Appendices\Land\15230200.svg;Point;Emergency Operation (Land Equipment) : Fire Fighting/Fire Protection;15230200,icon is MAIN;image file does not exist;
{Symbols_Root}\Appendices\Land\15240000.emf,32,Manual Track (Land Equipment),Land Equipment : Main Icon,Land Equipment;Manual Track;Appendices\Land\15240000.svg;Point;Manual Track (Land Equipment);15240000,icon is MAIN;image file does not exist;
{Symbols_Root}\Appendices\Land\mod1\15011.emf,32,Sensor Type : Biological,Land Equipment : Modifier 1,Land Equipment;Modifier 1;Biological;Appendices\Land\mod1\15011.svg;Point;Sensor Type : Biological;15011,image file does not exist;
{Symbols_Root}\Appendices\Land\mod1\15021.emf,32,Sensor Type : Chemical,Land Equipment : Modifier 1,Land Equipment;Modifier 1;Chemical;Appendices\Land\mod1\15021.svg;Point;Sensor Type : Chemical;15021,image file does not exist;
{Symbols_Root}\Appendices\Land\mod1\15031.emf,32,Sensor Type : Early Warning Radar,Land Equipment : Modifier 1,Land Equipment;Modifier 1;Early Warning Radar;Appendices\Land\mod1\15031.svg;Point;Sensor Type : Early Warning Radar;15031,image file does not exist;
{Symbols_Root}\Appendices\Land\mod1\15041.emf,32,Sensor Type : Intrusion,Land Equipment : Modifier 1,Land Equipment;Modifier 1;Intrusion;Appendices\Land\mod1\15041.svg;Point;Sensor Type : Intrusion;15041,image file does not exist;
{Symbols_Root}\Appendices\Land\mod1\15051.emf,32,Sensor Type : Nuclear,Land Equipment : Modifier 1,Land Equipment;Modifier 1;Nuclear;Appendices\Land\mod1\15051.svg;Point;Sensor Type : Nuclear;15051,image file does not exist;
{Symbols_Root}\Appendices\Land\mod1\15061.emf,32,Sensor Type : Radiological,Land Equipment : Modifier 1,Land Equipment;Modifier 1;Radiological;Appendices\Land\mod1\15061.svg;Point;Sensor Type : Radiological;15061,image file does not exist;
{Symbols_Root}\Appendices\Land\mod1\15071.emf,32,Sensor Type : Upgraded Early Warning Radar,Land Equipment : Modifier 1,Land Equipment;Modifier 1;Upgraded Early Warning Radar;Appendices\Land\mod1\15071.svg;Point;Sensor Type : Upgraded Early Warning Radar;15071,image file does not exist;
{Symbols_Root}\Appendices\Land\mod1\15081.emf,32,Crime : Hijacking (Land Equipment),Land Equipment : Modifier 1,Land Equipment;Modifier 1;Hijacking;Appendices\Land\mod1\15081.svg;Point;Crime : Hijacking (Land Equipment);15081,image file does not exist;
{Symbols_Root}\Appendices\Land\mod1\15091.emf,32,Organization : Civilian (Land Equipment),Land Equipment : Modifier 1,Land Equipment;Modifier 1;Civilian;Appendices\Land\mod1\15091.svg;Point;Organization : Civilian (Land Equipment);15091,image file does not exist;
