filePath,pointSize,styleItemName,styleItemCategory,styleItemTags,notes
{Symbols_Root}\Appendices\Land\10110000.emf,32,Command and Control,Land Units : Main Icon,Land Units;Command and Control;Appendices\Land\10110000.svg;Point;Command and Control;10110000,icon is MAIN;image file does not exist;
{Symbols_Root}\Appendices\Land\10110100.emf,32,Command and Control : Broadcast Transmitter Antennae,Land Units : Main Icon,Land Units;Command and Control;Broadcast Transmitter Antennae;Appendices\Land\10110100.svg;Point;Command and Control : Broadcast Transmitter Antennae;10110100,icon is FULL_OCTAGON;image file does not exist;
{Symbols_Root}\Appendices\Land\10110200.emf,32,Command and Control : Civil Affairs,Land Units : Main Icon,Land Units;Command and Control;Civil Affairs;Appendices\Land\10110200.svg;Point;Command and Control : Civil Affairs;10110200,icon is MAIN;image file does not exist;
{Symbols_Root}\Appendices\Land\10110300.emf,32,Command and Control : Civil-Military Cooperation,Land Units : Main Icon,Land Units;Command and Control;Civil-Military Cooperation;Appendices\Land\10110300.svg;Point;Command and Control : Civil-Military Cooperation;10110300,icon is MAIN;image file does not exist;
{Symbols_Root}\Appendices\Land\10110400.emf,32,Command and Control : Information Operations,Land Units : Main Icon,Land Units;Command and Control;Information Operations;Appendices\Land\10110400.svg;Point;Command and Control : Information Operations;10110400,icon is MAIN;image file does not exist;
{Symbols_Root}\Appendices\Land\10110500.emf,32,Command and Control : Liaison,Land Units : Main Icon,Land Units;Command and Control;Liaison;Appendices\Land\10110500.svg;Point;Command and Control : Liaison;10110500,icon is MAIN;image file does not exist;
{Symbols_Root}\Appendices\Land\10110600.emf,32,Command and Control : Military Information Support (MISO),Land Units : Main Icon,Land Units;Command and Control;Military Information Support Operations (MISO);Appendices\Land\10110600.svg;Point;Command and Control : Military Information Support (MISO);10110600,icon is MAIN;image file does not exist;
{Symbols_Root}\Appendices\Land\10110601.emf,32,Command and Control : Military Information Support (MISO) : Broadcast Transmitter Antennae,Land Units : Main Icon,Land Units;Command and Control;Military Information Support Operations (MISO);Broadcast Transmitter Antennae;Appendices\Land\10110601.svg;Point;Command and Control : Military Information Support (MISO) : Broadcast Transmitter Antennae;10110601,icon is FULL_OCTAGON;image file does not exist;
{Symbols_Root}\Appendices\Land\10110700.emf,32,Command and Control : Radio,Land Units : Main Icon,Land Units;Command and Control;Radio;Appendices\Land\10110700.svg;Point;Command and Control : Radio;10110700,icon is MAIN;image file does not exist;
{Symbols_Root}\Appendices\Land\10110800.emf,32,Command and Control : Radio Relay,Land Units : Main Icon,Land Units;Command and Control;Radio Relay;Appendices\Land\10110800.svg;Point;Command and Control : Radio Relay;10110800,icon is MAIN;image file does not exist;
{Symbols_Root}\Appendices\Land\10110900.emf,32,Command and Control : Radio Teletype Center,Land Units : Main Icon,Land Units;Command and Control;Radio Teletype Center;Appendices\Land\10110900.svg;Point;Command and Control : Radio Teletype Center;10110900,icon is MAIN;image file does not exist;
{Symbols_Root}\Appendices\Land\10111000_2.emf,32,Command and Control : Signal,Land Units : Main Icon,Land Units;Command and Control;Signal;Appendices\Land\10111000_2.svg;Point;Command and Control : Signal;10111000,icon is FULL_FRAME;image file does not exist;icon touches frame;
{Symbols_Root}\Appendices\Land\10111001_2.emf,32,Command and Control : Signal : Radio,Land Units : Main Icon,Land Units;Command and Control;Signal;Radio;Appendices\Land\10111001_2.svg;Point;Command and Control : Signal : Radio;10111001,icon is FULL_FRAME;image file does not exist;icon touches frame;
{Symbols_Root}\Appendices\Land\10111002_2.emf,32,Command and Control : Signal : Radio Relay,Land Units : Main Icon,Land Units;Command and Control;Signal;Radio Relay;Appendices\Land\10111002_2.svg;Point;Command and Control : Signal : Radio Relay;10111002,icon is FULL_FRAME;image file does not exist;icon touches frame;
{Symbols_Root}\Appendices\Land\10111003_2.emf,32,Command and Control : Signal : Teletype,Land Units : Main Icon,Land Units;Command and Control;Signal;Teletype;Appendices\Land\10111003_2.svg;Point;Command and Control : Signal : Teletype;10111003,icon is FULL_FRAME;image file does not exist;icon touches frame;
{Symbols_Root}\Appendices\Land\10111004_2.emf,32,Command and Control : Signal : Tactical Satellite,Land Units : Main Icon,Land Units;Command and Control;Signal;Tactical Satellite;Appendices\Land\10111004_2.svg;Point;Command and Control : Signal : Tactical Satellite;10111004,icon is FULL_FRAME;image file does not exist;icon touches frame;
{Symbols_Root}\Appendices\Land\10111005_2.emf,32,Command and Control : Signal : Video Imagery (Combat Camera),Land Units : Main Icon,Land Units;Command and Control;Signal;Video Imagery (Combat Camera);Appendices\Land\10111005_2.svg;Point;Command and Control : Signal : Video Imagery (Combat Camera);10111005,icon is FULL_FRAME;image file does not exist;icon touches frame;
{Symbols_Root}\Appendices\Land\10111100.emf,32,Command and Control : Tactical Satellite,Land Units : Main Icon,Land Units;Command and Control;Tactical Satellite;Appendices\Land\10111100.svg;Point;Command and Control : Tactical Satellite;10111100,icon is MAIN;image file does not exist;
{Symbols_Root}\Appendices\Land\10111200.emf,32,Command and Control : Video Imagery (Combat Camera),Land Units : Main Icon,Land Units;Command and Control;Video Imagery (Combat Camera);Appendices\Land\10111200.svg;Point;Command and Control : Video Imagery (Combat Camera);10111200,icon is MAIN;image file does not exist;
{Symbols_Root}\Appendices\Land\10120100_2.emf,32,Movement and Maneuver : Air Assault with Organic Lift,Land Units : Main Icon,Land Units;Movement and Maneuver;Air Assault with Organic Lift;Appendices\Land\10120100_2.svg;Point;Movement and Maneuver : Air Assault with Organic Lift;10120100,icon is FULL_FRAME;image file does not exist;icon touches frame;
{Symbols_Root}\Appendices\Land\10120200.emf,32,Movement and Maneuver : Air Traffic Services/Airfield Operations,Land Units : Main Icon,Land Units;Movement and Maneuver;Air Traffic Services/Airfield Operations;Appendices\Land\10120200.svg;Point;Movement and Maneuver : Air Traffic Services/Airfield Operations;10120200,icon is MAIN;image file does not exist;
{Symbols_Root}\Appendices\Land\10120300_2.emf,32,Movement and Maneuver : Amphibious,Land Units : Main Icon,Land Units;Movement and Maneuver;Amphibious;Appendices\Land\10120300_2.svg;Point;Movement and Maneuver : Amphibious;10120300,icon is FULL_FRAME;image file does not exist;icon touches frame;
{Symbols_Root}\Appendices\Land\10120400_2.emf,32,Movement and Maneuver : Antitank/Antiarmor,Land Units : Main Icon,Land Units;Movement and Maneuver;Antitank/Antiarmor;Appendices\Land\10120400_2.svg;Point;Movement and Maneuver : Antitank/Antiarmor;10120400,icon is FULL_FRAME;image file does not exist;icon touches frame;
{Symbols_Root}\Appendices\Land\10120401_2.emf,32,Movement and Maneuver : Antitank/Antiarmor : Armored,Land Units : Main Icon,Land Units;Movement and Maneuver;Antitank/Antiarmor;Armored;Appendices\Land\10120401_2.svg;Point;Movement and Maneuver : Antitank/Antiarmor : Armored;10120401,icon is FULL_FRAME;image file does not exist;icon touches frame;
{Symbols_Root}\Appendices\Land\10120402_2.emf,32,Movement and Maneuver : Antitank/Antiarmor : Motorized,Land Units : Main Icon,Land Units;Movement and Maneuver;Antitank/Antiarmor;Motorized;Appendices\Land\10120402_2.svg;Point;Movement and Maneuver : Antitank/Antiarmor : Motorized;10120402,icon is FULL_FRAME;image file does not exist;icon touches frame;
{Symbols_Root}\Appendices\Land\10120500.emf,32,Movement and Maneuver : Armor/Armored/Mechanized/Self-Propelled/Tracked,Land Units : Main Icon,Land Units;Movement and Maneuver;Armor/Armored/Mechanized/Self-Propelled/Tracked;Appendices\Land\10120500.svg;Point;Movement and Maneuver : Armor/Armored/Mechanized/Self-Propelled/Tracked;10120500,icon is MAIN;image file does not exist;
{Symbols_Root}\Appendices\Land\10120501_2.emf,32,Movement and Maneuver : Armor/Armored/Mechanized/Self-Propelled/Tracked : Reconnaissance/Cavalry/Scout,Land Units : Main Icon,Land Units;Movement and Maneuver;Armor/Armored/Mechanized/Self-Propelled/Tracked;Reconnaissance/Cavalry/Scout;Appendices\Land\10120501_2.svg;Point;Movement and Maneuver : Armor/Armored/Mechanized/Self-Propelled/Tracked : Reconnaissance/Cavalry/Scout;10120501,icon is FULL_FRAME;image file does not exist;icon touches frame;styleItemTags > 255;
{Symbols_Root}\Appendices\Land\10120502_2.emf,32,Movement and Maneuver : Armor/Armored/Mechanized/Self-Propelled/Tracked : Amphibious,Land Units : Main Icon,Land Units;Movement and Maneuver;Armor/Armored/Mechanized/Self-Propelled/Tracked;Amphibious;Appendices\Land\10120502_2.svg;Point;Movement and Maneuver : Armor/Armored/Mechanized/Self-Propelled/Tracked : Amphibious;10120502,icon is FULL_FRAME;image file does not exist;icon touches frame;
{Symbols_Root}\Appendices\Land\10120600.emf,32,Movement and Maneuver : Army Aviation/Aviation Rotary Wing,Land Units : Main Icon,Land Units;Movement and Maneuver;Army Aviation/Aviation Rotary Wing;Appendices\Land\10120600.svg;Point;Movement and Maneuver : Army Aviation/Aviation Rotary Wing;10120600,icon is MAIN;image file does not exist;
{Symbols_Root}\Appendices\Land\10120601_2.emf,32,Movement and Maneuver : Army Aviation/Aviation Rotary Wing : Reconnaissance,Land Units : Main Icon,Land Units;Movement and Maneuver;Army Aviation/Aviation Rotary Wing;Reconnaissance;Appendices\Land\10120601_2.svg;Point;Movement and Maneuver : Army Aviation/Aviation Rotary Wing : Reconnaissance;10120601,icon is FULL_FRAME;image file does not exist;icon touches frame;
{Symbols_Root}\Appendices\Land\10120700.emf,32,Movement and Maneuver : Aviation Composite,Land Units : Main Icon,Land Units;Movement and Maneuver;Aviation Composite;Appendices\Land\10120700.svg;Point;Movement and Maneuver : Aviation Composite;10120700,icon is MAIN;image file does not exist;
{Symbols_Root}\Appendices\Land\10120800.emf,32,Movement and Maneuver : Aviation Fixed Wing,Land Units : Main Icon,Land Units;Movement and Maneuver;Aviation Fixed Wing;Appendices\Land\10120800.svg;Point;Movement and Maneuver : Aviation Fixed Wing;10120800,icon is MAIN;image file does not exist;
{Symbols_Root}\Appendices\Land\10120801_2.emf,32,Movement and Maneuver : Aviation Fixed Wing : Reconnaissance,Land Units : Main Icon,Land Units;Movement and Maneuver;Aviation Fixed Wing;Reconnaissance;Appendices\Land\10120801_2.svg;Point;Movement and Maneuver : Aviation Fixed Wing : Reconnaissance;10120801,icon is FULL_FRAME;image file does not exist;icon touches frame;
{Symbols_Root}\Appendices\Land\10120900.emf,32,Movement and Maneuver : Combat,Land Units : Main Icon,Land Units;Movement and Maneuver;Combat;Appendices\Land\10120900.svg;Point;Movement and Maneuver : Combat;10120900,icon is MAIN;image file does not exist;
{Symbols_Root}\Appendices\Land\10121000.emf,32,Movement and Maneuver : Combined Arms,Land Units : Main Icon,Land Units;Movement and Maneuver;Combined Arms;Appendices\Land\10121000.svg;Point;Movement and Maneuver : Combined Arms;10121000,icon is MAIN;image file does not exist;
{Symbols_Root}\Appendices\Land\10121100_2.emf,32,Movement and Maneuver : Infantry,Land Units : Main Icon,Land Units;Movement and Maneuver;Infantry;Appendices\Land\10121100_2.svg;Point;Movement and Maneuver : Infantry;10121100,icon is FULL_FRAME;image file does not exist;icon touches frame;
{Symbols_Root}\Appendices\Land\10121101_2.emf,32,Movement and Maneuver : Infantry : Amphibious,Land Units : Main Icon,Land Units;Movement and Maneuver;Infantry;Amphibious;Appendices\Land\10121101_2.svg;Point;Movement and Maneuver : Infantry : Amphibious;10121101,icon is FULL_FRAME;image file does not exist;icon touches frame;
{Symbols_Root}\Appendices\Land\10121102_2.emf,32,Movement and Maneuver : Infantry : Armored/Mechanized/Tracked,Land Units : Main Icon,Land Units;Movement and Maneuver;Infantry;Armored/Mechanized/Tracked;Appendices\Land\10121102_2.svg;Point;Movement and Maneuver : Infantry : Armored/Mechanized/Tracked;10121102,icon is FULL_FRAME;image file does not exist;icon touches frame;
{Symbols_Root}\Appendices\Land\10121103_2.emf,32,Movement and Maneuver : Infantry : Main Gun System,Land Units : Main Icon,Land Units;Movement and Maneuver;Infantry;Main Gun System;Appendices\Land\10121103_2.svg;Point;Movement and Maneuver : Infantry : Main Gun System;10121103,icon is FULL_FRAME;image file does not exist;icon touches frame;
{Symbols_Root}\Appendices\Land\10121104_2.emf,32,Movement and Maneuver : Infantry : Motorized,Land Units : Main Icon,Land Units;Movement and Maneuver;Infantry;Motorized;Appendices\Land\10121104_2.svg;Point;Movement and Maneuver : Infantry : Motorized;10121104,icon is FULL_FRAME;image file does not exist;icon touches frame;
{Symbols_Root}\Appendices\Land\10121105_2.emf,32,Movement and Maneuver : Infantry : Infantry Fighting Vehicle,Land Units : Main Icon,Land Units;Movement and Maneuver;Infantry;Infantry Fighting Vehicle;Appendices\Land\10121105_2.svg;Point;Movement and Maneuver : Infantry : Infantry Fighting Vehicle;10121105,icon is FULL_FRAME;image file does not exist;icon touches frame;
{Symbols_Root}\Appendices\Land\10121200.emf,32,Movement and Maneuver : Observer,Land Units : Main Icon,Land Units;Movement and Maneuver;Observer;Appendices\Land\10121200.svg;Point;Movement and Maneuver : Observer;10121200,icon is MAIN;image file does not exist;
{Symbols_Root}\Appendices\Land\10121300_2.emf,32,Movement and Maneuver : Reconnaissance/Cavalry/Scout,Land Units : Main Icon,Land Units;Movement and Maneuver;Reconnaissance/Cavalry/Scout;Appendices\Land\10121300_2.svg;Point;Movement and Maneuver : Reconnaissance/Cavalry/Scout;10121300,icon is FULL_FRAME;image file does not exist;icon touches frame;
{Symbols_Root}\Appendices\Land\10121301_2.emf,32,Movement and Maneuver : Reconnaissance/Cavalry/Scout : Reconnaissance and Surveillance,Land Units : Main Icon,Land Units;Movement and Maneuver;Reconnaissance/Cavalry/Scout;Reconnaissance and Surveillance;Appendices\Land\10121301_2.svg;Point;Movement and Maneuver : Reconnaissance/Cavalry/Scout : Reconnaissance and Surveillance;10121301,icon is FULL_FRAME;image file does not exist;icon touches frame;
{Symbols_Root}\Appendices\Land\10121302_2.emf,32,Movement and Maneuver : Reconnaissance/Cavalry/Scout : Marine,Land Units : Main Icon,Land Units;Movement and Maneuver;Reconnaissance/Cavalry/Scout;Marine;Appendices\Land\10121302_2.svg;Point;Movement and Maneuver : Reconnaissance/Cavalry/Scout : Marine;10121302,icon is FULL_FRAME;image file does not exist;icon touches frame;
{Symbols_Root}\Appendices\Land\10121303_2.emf,32,Movement and Maneuver : Reconnaissance/Cavalry/Scout : Motorized,Land Units : Main Icon,Land Units;Movement and Maneuver;Reconnaissance/Cavalry/Scout;Motorized;Appendices\Land\10121303_2.svg;Point;Movement and Maneuver : Reconnaissance/Cavalry/Scout : Motorized;10121303,icon is FULL_FRAME;image file does not exist;icon touches frame;
{Symbols_Root}\Appendices\Land\10121395_2.emf,32,Movement and Maneuver : Reconnaissance/Cavalry/Scout : Headquarters Element,Land Units : Main Icon,Land Units;Movement and Maneuver;Reconnaissance/Cavalry/Scout;Headquarters Element;Appendices\Land\10121395_2.svg;Point;Movement and Maneuver : Reconnaissance/Cavalry/Scout : Headquarters Element;10121395,icon is FULL_FRAME;image file does not exist;icon touches frame;
{Symbols_Root}\Appendices\Land\10121400.emf,32,Movement and Maneuver : Sea Air Land (SEAL),Land Units : Main Icon,Land Units;Movement and Maneuver;Sea Air Land (SEAL);Appendices\Land\10121400.svg;Point;Movement and Maneuver : Sea Air Land (SEAL);10121400,icon is MAIN;image file does not exist;
{Symbols_Root}\Appendices\Land\10121500.emf,32,Movement and Maneuver : Sniper,Land Units : Main Icon,Land Units;Movement and Maneuver;Sniper;Appendices\Land\10121500.svg;Point;Movement and Maneuver : Sniper;10121500,icon is MAIN;image file does not exist;
{Symbols_Root}\Appendices\Land\10121600.emf,32,Movement and Maneuver : Surveillance,Land Units : Main Icon,Land Units;Movement and Maneuver;Surveillance;Appendices\Land\10121600.svg;Point;Movement and Maneuver : Surveillance;10121600,icon is MAIN;image file does not exist;
{Symbols_Root}\Appendices\Land\10121700.emf,32,Movement and Maneuver : Special Forces,Land Units : Main Icon,Land Units;Movement and Maneuver;Special Forces;Appendices\Land\10121700.svg;Point;Movement and Maneuver : Special Forces;10121700,icon is MAIN;image file does not exist;
{Symbols_Root}\Appendices\Land\10121800.emf,32,Movement and Maneuver : SOF,Land Units : Main Icon,Land Units;Movement and Maneuver;Special Operations Forces (SOF);Appendices\Land\10121800.svg;Point;Movement and Maneuver : SOF;10121800,icon is MAIN;image file does not exist;
{Symbols_Root}\Appendices\Land\10121801.emf,32,Movement and Maneuver : SOF : Fixed Wing MISO,Land Units : Main Icon,Land Units;Movement and Maneuver;Special Operations Forces (SOF);Fixed Wing MISO;Appendices\Land\10121801.svg;Point;Movement and Maneuver : SOF : Fixed Wing MISO;10121801,icon is FULL_OCTAGON;image file does not exist;
{Symbols_Root}\Appendices\Land\10121802_2.emf,32,Movement and Maneuver : SOF : Ground,Land Units : Main Icon,Land Units;Movement and Maneuver;Special Operations Forces (SOF);Ground;Appendices\Land\10121802_2.svg;Point;Movement and Maneuver : SOF : Ground;10121802,icon is FULL_FRAME;image file does not exist;icon touches frame;
{Symbols_Root}\Appendices\Land\10121803.emf,32,Movement and Maneuver : SOF : Special Boat,Land Units : Main Icon,Land Units;Movement and Maneuver;Special Operations Forces (SOF);Special Boat;Appendices\Land\10121803.svg;Point;Movement and Maneuver : SOF : Special Boat;10121803,icon is MAIN_1;image file does not exist;
{Symbols_Root}\Appendices\Land\10121804.emf,32,Movement and Maneuver : SOF : Special SSNR,Land Units : Main Icon,Land Units;Movement and Maneuver;Special Operations Forces (SOF);Special SSNR;Appendices\Land\10121804.svg;Point;Movement and Maneuver : SOF : Special SSNR;10121804,icon is MAIN_1;image file does not exist;
{Symbols_Root}\Appendices\Land\10121805.emf,32,Movement and Maneuver : SOF : Underwater Demolition Team,Land Units : Main Icon,Land Units;Movement and Maneuver;Special Operations Forces (SOF);Underwater Demolition Team;Appendices\Land\10121805.svg;Point;Movement and Maneuver : SOF : Underwater Demolition Team;10121805,icon is MAIN;image file does not exist;
{Symbols_Root}\Appendices\Land\10121900.emf,32,Movement and Maneuver : Unmanned Aerial Systems,Land Units : Main Icon,Land Units;Movement and Maneuver;Unmanned Aerial Systems;Appendices\Land\10121900.svg;Point;Movement and Maneuver : Unmanned Aerial Systems;10121900,icon is MAIN;image file does not exist;
{Symbols_Root}\Appendices\Land\10130100_2.emf,32,Fires : Air Defense,Land Units : Main Icon,Land Units;Fires;Air Defense;Appendices\Land\10130100_2.svg;Point;Fires : Air Defense;10130100,icon is FULL_FRAME;image file does not exist;icon touches frame;
{Symbols_Root}\Appendices\Land\10130101_2.emf,32,Fires : Air Defense : Main Gun System,Land Units : Main Icon,Land Units;Fires;Air Defense;Main Gun System;Appendices\Land\10130101_2.svg;Point;Fires : Air Defense : Main Gun System;10130101,icon is FULL_FRAME;image file does not exist;icon touches frame;
{Symbols_Root}\Appendices\Land\10130102_2.emf,32,Fires : Air Defense : Missile,Land Units : Main Icon,Land Units;Fires;Air Defense;Missile;Appendices\Land\10130102_2.svg;Point;Fires : Air Defense : Missile;10130102,icon is FULL_FRAME;image file does not exist;icon touches frame;
{Symbols_Root}\Appendices\Land\10130200_2.emf,32,Fires : Air/Land Naval Gunfire Liaison,Land Units : Main Icon,Land Units;Fires;Air/Land Naval Gunfire Liaison;Appendices\Land\10130200_2.svg;Point;Fires : Air/Land Naval Gunfire Liaison;10130200,icon is FULL_FRAME;image file does not exist;icon touches frame;
{Symbols_Root}\Appendices\Land\10130300.emf,32,Fires : Field Artillery,Land Units : Main Icon,Land Units;Fires;Field Artillery;Appendices\Land\10130300.svg;Point;Fires : Field Artillery;10130300,icon is MAIN;image file does not exist;
{Symbols_Root}\Appendices\Land\10130301.emf,32,Fires : Field Artillery : Self-propelled,Land Units : Main Icon,Land Units;Fires;Field Artillery;Self-propelled;Appendices\Land\10130301.svg;Point;Fires : Field Artillery : Self-propelled;10130301,icon is MAIN;image file does not exist;
{Symbols_Root}\Appendices\Land\10130302_2.emf,32,Fires : Field Artillery : Target Acquisition,Land Units : Main Icon,Land Units;Fires;Field Artillery;Target Acquisition;Appendices\Land\10130302_2.svg;Point;Fires : Field Artillery : Target Acquisition;10130302,icon is FULL_FRAME;image file does not exist;icon touches frame;
{Symbols_Root}\Appendices\Land\10130400.emf,32,Fires : Field Artillery Observer,Land Units : Main Icon,Land Units;Fires;Field Artillery Observer;Appendices\Land\10130400.svg;Point;Fires : Field Artillery Observer;10130400,icon is MAIN;image file does not exist;
{Symbols_Root}\Appendices\Land\10130500.emf,32,Fires : Joint Fire Support,Land Units : Main Icon,Land Units;Fires;Joint Fire Support;Appendices\Land\10130500.svg;Point;Fires : Joint Fire Support;10130500,icon is MAIN;image file does not exist;
{Symbols_Root}\Appendices\Land\10130600.emf,32,Fires : Meteorological,Land Units : Main Icon,Land Units;Fires;Meteorological;Appendices\Land\10130600.svg;Point;Fires : Meteorological;10130600,icon is MAIN;image file does not exist;
{Symbols_Root}\Appendices\Land\10130700.emf,32,Fires : Missile,Land Units : Main Icon,Land Units;Fires;Missile;Appendices\Land\10130700.svg;Point;Fires : Missile;10130700,icon is MAIN;image file does not exist;
{Symbols_Root}\Appendices\Land\10130800.emf,32,Fires : Mortar,Land Units : Main Icon,Land Units;Fires;Mortar;Appendices\Land\10130800.svg;Point;Fires : Mortar;10130800,icon is MAIN;image file does not exist;
{Symbols_Root}\Appendices\Land\10130801.emf,32,Fires : Mortar : Armored/Mechanized/Tracked,Land Units : Main Icon,Land Units;Fires;Mortar;Armored/Mechanized/Tracked;Appendices\Land\10130801.svg;Point;Fires : Mortar : Armored/Mechanized/Tracked;10130801,icon is FULL_OCTAGON;image file does not exist;
{Symbols_Root}\Appendices\Land\10130802.emf,32,Fires : Mortar : Self-Propelled Wheeled,Land Units : Main Icon,Land Units;Fires;Mortar;Self-Propelled Wheeled;Appendices\Land\10130802.svg;Point;Fires : Mortar : Self-Propelled Wheeled;10130802,icon is FULL_OCTAGON;image file does not exist;
{Symbols_Root}\Appendices\Land\10130803.emf,32,Fires : Mortar : Towed,Land Units : Main Icon,Land Units;Fires;Mortar;Towed;Appendices\Land\10130803.svg;Point;Fires : Mortar : Towed;10130803,icon is FULL_OCTAGON;image file does not exist;
{Symbols_Root}\Appendices\Land\10130900.emf,32,Fires : Survey,Land Units : Main Icon,Land Units;Fires;Survey;Appendices\Land\10130900.svg;Point;Fires : Survey;10130900,icon is MAIN;image file does not exist;
{Symbols_Root}\Appendices\Land\10140100.emf,32,Protection : CBRN Defense,Land Units : Main Icon,Land Units;Protection;Chemical Biological Radiological Nuclear Defense;Appendices\Land\10140100.svg;Point;Protection : CBRN Defense;10140100,icon is MAIN;image file does not exist;
{Symbols_Root}\Appendices\Land\10140101.emf,32,Protection : CBRN Defense : Mechanized,Land Units : Main Icon,Land Units;Protection;Chemical Biological Radiological Nuclear Defense;Mechanized;Appendices\Land\10140101.svg;Point;Protection : CBRN Defense : Mechanized;10140101,icon is MAIN;image file does not exist;
{Symbols_Root}\Appendices\Land\10140102.emf,32,Protection : CBRN Defense : Motorized,Land Units : Main Icon,Land Units;Protection;Chemical Biological Radiological Nuclear Defense;Motorized;Appendices\Land\10140102.svg;Point;Protection : CBRN Defense : Motorized;10140102,icon is FULL_OCTAGON;image file does not exist;
{Symbols_Root}\Appendices\Land\10140103_2.emf,32,Protection : CBRN Defense : Reconnaissance,Land Units : Main Icon,Land Units;Protection;Chemical Biological Radiological Nuclear Defense;Reconnaissance;Appendices\Land\10140103_2.svg;Point;Protection : CBRN Defense : Reconnaissance;10140103,icon is FULL_FRAME;image file does not exist;icon touches frame;
{Symbols_Root}\Appendices\Land\10140104_2.emf,32,Protection : CBRN Defense : Reconnaissance Armored,Land Units : Main Icon,Land Units;Protection;Chemical Biological Radiological Nuclear Defense;Reconnaissance Armored;Appendices\Land\10140104_2.svg;Point;Protection : CBRN Defense : Reconnaissance Armored;10140104,icon is FULL_FRAME;image file does not exist;icon touches frame;
{Symbols_Root}\Appendices\Land\10140105_2.emf,32,Protection : CBRN Defense : Reconnaissance Equipped,Land Units : Main Icon,Land Units;Protection;Chemical Biological Radiological Nuclear Defense;Reconnaissance Equipped;Appendices\Land\10140105_2.svg;Point;Protection : CBRN Defense : Reconnaissance Equipped;10140105,icon is FULL_FRAME;image file does not exist;icon touches frame;
{Symbols_Root}\Appendices\Land\10140200.emf,32,Protection : Combat Support (Maneuver Enhancement),Land Units : Main Icon,Land Units;Protection;Combat Support (Maneuver Enhancement);Appendices\Land\10140200.svg;Point;Protection : Combat Support (Maneuver Enhancement);10140200,icon is MAIN;image file does not exist;
{Symbols_Root}\Appendices\Land\10140300.emf,32,Protection : Criminal Investigation Division,Land Units : Main Icon,Land Units;Protection;Criminal Investigation Division;Appendices\Land\10140300.svg;Point;Protection : Criminal Investigation Division;10140300,icon is MAIN;image file does not exist;
{Symbols_Root}\Appendices\Land\10140400.emf,32,Protection : Diving,Land Units : Main Icon,Land Units;Protection;Diving;Appendices\Land\10140400.svg;Point;Protection : Diving;10140400,icon is MAIN;image file does not exist;
{Symbols_Root}\Appendices\Land\10140500.emf,32,Protection : Dog,Land Units : Main Icon,Land Units;Protection;Dog;Appendices\Land\10140500.svg;Point;Protection : Dog;10140500,icon is MAIN;image file does not exist;
{Symbols_Root}\Appendices\Land\10140600.emf,32,Protection : Drilling,Land Units : Main Icon,Land Units;Protection;Drilling;Appendices\Land\10140600.svg;Point;Protection : Drilling;10140600,icon is MAIN;image file does not exist;
{Symbols_Root}\Appendices\Land\10140700.emf,32,Protection : Engineer,Land Units : Main Icon,Land Units;Protection;Engineer;Appendices\Land\10140700.svg;Point;Protection : Engineer;10140700,icon is MAIN;image file does not exist;
{Symbols_Root}\Appendices\Land\10140701.emf,32,Protection : Engineer : Mechanized,Land Units : Main Icon,Land Units;Protection;Engineer;Mechanized;Appendices\Land\10140701.svg;Point;Protection : Engineer : Mechanized;10140701,icon is MAIN;image file does not exist;
{Symbols_Root}\Appendices\Land\10140702.emf,32,Protection : Engineer : Motorized,Land Units : Main Icon,Land Units;Protection;Engineer;Motorized;Appendices\Land\10140702.svg;Point;Protection : Engineer : Motorized;10140702,icon is FULL_OCTAGON;image file does not exist;
{Symbols_Root}\Appendices\Land\10140703_2.emf,32,Protection : Engineer : Reconnaissance,Land Units : Main Icon,Land Units;Protection;Engineer;Reconnaissance;Appendices\Land\10140703_2.svg;Point;Protection : Engineer : Reconnaissance;10140703,icon is FULL_FRAME;image file does not exist;icon touches frame;
{Symbols_Root}\Appendices\Land\10140800.emf,32,Protection : Explosive Ordnance Disposal (EOD),Land Units : Main Icon,Land Units;Protection;Explosive Ordnance Disposal (EOD);Appendices\Land\10140800.svg;Point;Protection : Explosive Ordnance Disposal (EOD);10140800,icon is MAIN;image file does not exist;
{Symbols_Root}\Appendices\Land\10140900.emf,32,Protection : Field Camp Construction,Land Units : Main Icon,Land Units;Protection;Field Camp Construction;Appendices\Land\10140900.svg;Point;Protection : Field Camp Construction;10140900,icon is MAIN_1;image file does not exist;
{Symbols_Root}\Appendices\Land\10141000.emf,32,Protection : Fire Fighting/Fire Protection,Land Units : Main Icon,Land Units;Protection;Fire Fighting/Fire Protection;Appendices\Land\10141000.svg;Point;Protection : Fire Fighting/Fire Protection;10141000,icon is MAIN;image file does not exist;
{Symbols_Root}\Appendices\Land\10141100.emf,32,Protection : Geospatial Support/Geospatial Information Support,Land Units : Main Icon,Land Units;Protection;Geospatial Support/Geospatial Information Support;Appendices\Land\10141100.svg;Point;Protection : Geospatial Support/Geospatial Information Support;10141100,icon is MAIN;image file does not exist;
{Symbols_Root}\Appendices\Land\10141200.emf,32,Protection : Military Police,Land Units : Main Icon,Land Units;Protection;Military Police;Appendices\Land\10141200.svg;Point;Protection : Military Police;10141200,icon is MAIN;image file does not exist;
{Symbols_Root}\Appendices\Land\10141300.emf,32,Protection : Mine,Land Units : Main Icon,Land Units;Protection;Mine;Appendices\Land\10141300.svg;Point;Protection : Mine;10141300,icon is MAIN;image file does not exist;
{Symbols_Root}\Appendices\Land\10141400.emf,32,Protection : Mine Clearing,Land Units : Main Icon,Land Units;Protection;Mine Clearing;Appendices\Land\10141400.svg;Point;Protection : Mine Clearing;10141400,icon is FULL_OCTAGON;image file does not exist;
{Symbols_Root}\Appendices\Land\10141500.emf,32,Protection : Mine Launching,Land Units : Main Icon,Land Units;Protection;Mine Launching;Appendices\Land\10141500.svg;Point;Protection : Mine Launching;10141500,icon is FULL_OCTAGON;image file does not exist;
{Symbols_Root}\Appendices\Land\10141600.emf,32,Protection : Mine Laying,Land Units : Main Icon,Land Units;Protection;Mine Laying;Appendices\Land\10141600.svg;Point;Protection : Mine Laying;10141600,icon is FULL_OCTAGON;image file does not exist;
{Symbols_Root}\Appendices\Land\10141700.emf,32,Protection : Security,Land Units : Main Icon,Land Units;Protection;Security;Appendices\Land\10141700.svg;Point;Protection : Security;10141700,icon is MAIN;image file does not exist;
{Symbols_Root}\Appendices\Land\10141701.emf,32,Protection : Security : Mechanized,Land Units : Main Icon,Land Units;Protection;Security;Mechanized;Appendices\Land\10141701.svg;Point;Protection : Security : Mechanized;10141701,icon is MAIN;image file does not exist;
{Symbols_Root}\Appendices\Land\10141702.emf,32,Protection : Security : Motorized,Land Units : Main Icon,Land Units;Protection;Security;Motorized;Appendices\Land\10141702.svg;Point;Protection : Security : Motorized;10141702,icon is FULL_OCTAGON;image file does not exist;
{Symbols_Root}\Appendices\Land\10141800.emf,32,Protection : Search and Rescue,Land Units : Main Icon,Land Units;Protection;Search and Rescue;Appendices\Land\10141800.svg;Point;Protection : Search and Rescue;10141800,icon is MAIN;image file does not exist;
{Symbols_Root}\Appendices\Land\10141900.emf,32,Protection : Security Police (Air),Land Units : Main Icon,Land Units;Protection;Security Police (Air);Appendices\Land\10141900.svg;Point;Protection : Security Police (Air);10141900,icon is MAIN_2;image file does not exist;
{Symbols_Root}\Appendices\Land\10142000.emf,32,Protection : Shore Patrol,Land Units : Main Icon,Land Units;Protection;Shore Patrol;Appendices\Land\10142000.svg;Point;Protection : Shore Patrol;10142000,icon is MAIN;image file does not exist;
{Symbols_Root}\Appendices\Land\10142100.emf,32,Protection : Topographic,Land Units : Main Icon,Land Units;Protection;Topographic;Appendices\Land\10142100.svg;Point;Protection : Topographic;10142100,icon is MAIN;image file does not exist;
{Symbols_Root}\Appendices\Land\10150100.emf,32,Intelligence : Analysis,Land Units : Main Icon,Land Units;Intelligence;Analysis;Appendices\Land\10150100.svg;Point;Intelligence : Analysis;10150100,icon is FULL_OCTAGON;image file does not exist;
{Symbols_Root}\Appendices\Land\10150200.emf,32,Intelligence : Counterintelligence,Land Units : Main Icon,Land Units;Intelligence;Counterintelligence;Appendices\Land\10150200.svg;Point;Intelligence : Counterintelligence;10150200,icon is MAIN;image file does not exist;
{Symbols_Root}\Appendices\Land\10150300.emf,32,Intelligence : Direction Finding,Land Units : Main Icon,Land Units;Intelligence;Direction Finding;Appendices\Land\10150300.svg;Point;Intelligence : Direction Finding;10150300,icon is FULL_OCTAGON;image file does not exist;
{Symbols_Root}\Appendices\Land\10150400.emf,32,Intelligence : Electronic Ranging,Land Units : Main Icon,Land Units;Intelligence;Electronic Ranging;Appendices\Land\10150400.svg;Point;Intelligence : Electronic Ranging;10150400,icon is MAIN;image file does not exist;
{Symbols_Root}\Appendices\Land\10150500.emf,32,Intelligence : Electronic Warfare,Land Units : Main Icon,Land Units;Intelligence;Electronic Warfare;Appendices\Land\10150500.svg;Point;Intelligence : Electronic Warfare;10150500,icon is MAIN;image file does not exist;
{Symbols_Root}\Appendices\Land\10150501.emf,32,Intelligence : Electronic Warfare : Analysis,Land Units : Main Icon,Land Units;Intelligence;Electronic Warfare;Analysis;Appendices\Land\10150501.svg;Point;Intelligence : Electronic Warfare : Analysis;10150501,icon is FULL_OCTAGON;image file does not exist;
{Symbols_Root}\Appendices\Land\10150502.emf,32,Intelligence : Electronic Warfare : Direction Finding,Land Units : Main Icon,Land Units;Intelligence;Electronic Warfare;Direction Finding;Appendices\Land\10150502.svg;Point;Intelligence : Electronic Warfare : Direction Finding;10150502,icon is MAIN;image file does not exist;
{Symbols_Root}\Appendices\Land\10150503.emf,32,Intelligence : Electronic Warfare : Intercept,Land Units : Main Icon,Land Units;Intelligence;Electronic Warfare;Intercept;Appendices\Land\10150503.svg;Point;Intelligence : Electronic Warfare : Intercept;10150503,icon is MAIN;image file does not exist;
{Symbols_Root}\Appendices\Land\10150504_2.emf,32,Intelligence : Electronic Warfare : Jamming,Land Units : Main Icon,Land Units;Intelligence;Electronic Warfare;Jamming;Appendices\Land\10150504_2.svg;Point;Intelligence : Electronic Warfare : Jamming;10150504,icon is FULL_FRAME;image file does not exist;icon touches frame;
{Symbols_Root}\Appendices\Land\10150505.emf,32,Intelligence : Electronic Warfare : Search,Land Units : Main Icon,Land Units;Intelligence;Electronic Warfare;Search;Appendices\Land\10150505.svg;Point;Intelligence : Electronic Warfare : Search;10150505,icon is MAIN;image file does not exist;
{Symbols_Root}\Appendices\Land\10150600.emf,32,Intelligence : Intercept (Search and Recording),Land Units : Main Icon,Land Units;Intelligence;Intercept (Search and Recording);Appendices\Land\10150600.svg;Point;Intelligence : Intercept (Search and Recording);10150600,icon is MAIN;image file does not exist;
{Symbols_Root}\Appendices\Land\10150700.emf,32,Intelligence : Interrogation,Land Units : Main Icon,Land Units;Intelligence;Interrogation;Appendices\Land\10150700.svg;Point;Intelligence : Interrogation;10150700,icon is MAIN;image file does not exist;
{Symbols_Root}\Appendices\Land\10150800_2.emf,32,Intelligence : Jamming,Land Units : Main Icon,Land Units;Intelligence;Jamming;Appendices\Land\;Point;Intelligence : Jamming;10150800,icon is MAIN;image file does not exist;
{Symbols_Root}\Appendices\Land\10150900.emf,32,Intelligence : Joint Intelligence Center,Land Units : Main Icon,Land Units;Intelligence;Joint Intelligence Center;Appendices\Land\10150900.svg;Point;Intelligence : Joint Intelligence Center;10150900,icon is MAIN;image file does not exist;
{Symbols_Root}\Appendices\Land\10151000.emf,32,Intelligence : Military Intelligence,Land Units : Main Icon,Land Units;Intelligence;Military Intelligence;Appendices\Land\10151000.svg;Point;Intelligence : Military Intelligence;10151000,icon is MAIN;image file does not exist;
{Symbols_Root}\Appendices\Land\10151100.emf,32,Intelligence : Search,Land Units : Main Icon,Land Units;Intelligence;Search;Appendices\Land\10151100.svg;Point;Intelligence : Search;10151100,icon is MAIN;image file does not exist;
{Symbols_Root}\Appendices\Land\10151200.emf,32,Intelligence : Sensor,Land Units : Main Icon,Land Units;Intelligence;Sensor;Appendices\Land\10151200.svg;Point;Intelligence : Sensor;10151200,icon is MAIN;image file does not exist;
{Symbols_Root}\Appendices\Land\10160000.emf,32,Sustainment,Land Units : Main Icon,Land Units;Sustainment;Appendices\Land\10160000.svg;Point;Sustainment;10160000,icon is MAIN;image file does not exist;
{Symbols_Root}\Appendices\Land\10160100.emf,32,Sustainment : Administrative,Land Units : Main Icon,Land Units;Sustainment;Administrative;Appendices\Land\10160100.svg;Point;Sustainment : Administrative;10160100,icon is MAIN;image file does not exist;
{Symbols_Root}\Appendices\Land\10160200_2.emf,32,Sustainment : All Classes of Supply,Land Units : Main Icon,Land Units;Sustainment;All Classes of Supply;Appendices\Land\;Point;Sustainment : All Classes of Supply;10160200,icon is MAIN;image file does not exist;
{Symbols_Root}\Appendices\Land\10160300.emf,32,Sustainment : Airport of Debarkation/Airport of Embarkation,Land Units : Main Icon,Land Units;Sustainment;Airport of Debarkation/Airport of Embarkation;Appendices\Land\10160300.svg;Point;Sustainment : Airport of Debarkation/Airport of Embarkation;10160300,icon is MAIN;image file does not exist;
{Symbols_Root}\Appendices\Land\10160400.emf,32,Sustainment : Ammunition,Land Units : Main Icon,Land Units;Sustainment;Ammunition;Appendices\Land\10160400.svg;Point;Sustainment : Ammunition;10160400,icon is MAIN;image file does not exist;
{Symbols_Root}\Appendices\Land\10160500.emf,32,Sustainment : Band,Land Units : Main Icon,Land Units;Sustainment;Band;Appendices\Land\10160500.svg;Point;Sustainment : Band;10160500,icon is MAIN;image file does not exist;
{Symbols_Root}\Appendices\Land\10160600.emf,32,Sustainment : Combat Service Support,Land Units : Main Icon,Land Units;Sustainment;Combat Service Support;Appendices\Land\10160600.svg;Point;Sustainment : Combat Service Support;10160600,icon is MAIN;image file does not exist;
{Symbols_Root}\Appendices\Land\10160700.emf,32,Sustainment : Finance,Land Units : Main Icon,Land Units;Sustainment;Finance;Appendices\Land\10160700.svg;Point;Sustainment : Finance;10160700,icon is MAIN;image file does not exist;
{Symbols_Root}\Appendices\Land\10160800.emf,32,Sustainment : Judge Advocate General,Land Units : Main Icon,Land Units;Sustainment;Judge Advocate General;Appendices\Land\10160800.svg;Point;Sustainment : Judge Advocate General;10160800,icon is MAIN;image file does not exist;
{Symbols_Root}\Appendices\Land\10160900.emf,32,Sustainment : Labor,Land Units : Main Icon,Land Units;Sustainment;Labor;Appendices\Land\10160900.svg;Point;Sustainment : Labor;10160900,icon is MAIN;image file does not exist;
{Symbols_Root}\Appendices\Land\10161000.emf,32,Sustainment : Laundry/Bath,Land Units : Main Icon,Land Units;Sustainment;Laundry/Bath;Appendices\Land\10161000.svg;Point;Sustainment : Laundry/Bath;10161000,icon is MAIN;image file does not exist;
{Symbols_Root}\Appendices\Land\10161100.emf,32,Sustainment : Maintenance,Land Units : Main Icon,Land Units;Sustainment;Maintenance;Appendices\Land\10161100.svg;Point;Sustainment : Maintenance;10161100,icon is MAIN;image file does not exist;
{Symbols_Root}\Appendices\Land\10161200_2.emf,32,Sustainment : Material,Land Units : Main Icon,Land Units;Sustainment;Material;Appendices\Land\;Point;Sustainment : Material;10161200,icon is MAIN;image file does not exist;
{Symbols_Root}\Appendices\Land\10161300_2.emf,32,Sustainment : Medical,Land Units : Main Icon,Land Units;Sustainment;Medical;Appendices\Land\;Point;Sustainment : Medical;10161300,icon is MAIN;image file does not exist;
{Symbols_Root}\Appendices\Land\10161400_2.emf,32,Sustainment : Medical Treatment Facility,Land Units : Main Icon,Land Units;Sustainment;Medical Treatment Facility;Appendices\Land\;Point;Sustainment : Medical Treatment Facility;10161400,icon is MAIN;image file does not exist;
{Symbols_Root}\Appendices\Land\10161500.emf,32,Sustainment : Morale Welfare and Recreation,Land Units : Main Icon,Land Units;Sustainment;Morale Welfare and Recreation;Appendices\Land\10161500.svg;Point;Sustainment : Morale Welfare and Recreation;10161500,icon is MAIN;image file does not exist;
{Symbols_Root}\Appendices\Land\10161600.emf,32,Sustainment : Mortuary Affairs/Graves Registration,Land Units : Main Icon,Land Units;Sustainment;Mortuary Affairs/Graves Registration;Appendices\Land\10161600.svg;Point;Sustainment : Mortuary Affairs/Graves Registration;10161600,icon is MAIN;image file does not exist;
{Symbols_Root}\Appendices\Land\10161700_2.emf,32,Sustainment : Multiple Classes of Supply,Land Units : Main Icon,Land Units;Sustainment;Multiple Classes of Supply;Appendices\Land\;Point;Sustainment : Multiple Classes of Supply;10161700,icon is MAIN;image file does not exist;
{Symbols_Root}\Appendices\Land\10161800_2.emf,32,Sustainment : NATO Supply Class I,Land Units : Main Icon,Land Units;Sustainment;NATO Supply Class I;Appendices\Land\;Point;Sustainment : NATO Supply Class I;10161800,icon is MAIN;image file does not exist;
{Symbols_Root}\Appendices\Land\10161900_2.emf,32,Sustainment : NATO Supply Class II,Land Units : Main Icon,Land Units;Sustainment;NATO Supply Class II;Appendices\Land\;Point;Sustainment : NATO Supply Class II;10161900,icon is MAIN;image file does not exist;
{Symbols_Root}\Appendices\Land\10162000_2.emf,32,Sustainment : NATO Supply Class III,Land Units : Main Icon,Land Units;Sustainment;NATO Supply Class III;Appendices\Land\;Point;Sustainment : NATO Supply Class III;10162000,icon is MAIN;image file does not exist;
{Symbols_Root}\Appendices\Land\10162100_2.emf,32,Sustainment : NATO Supply Class IV,Land Units : Main Icon,Land Units;Sustainment;NATO Supply Class IV;Appendices\Land\;Point;Sustainment : NATO Supply Class IV;10162100,icon is MAIN;image file does not exist;
{Symbols_Root}\Appendices\Land\10162200_2.emf,32,Sustainment : NATO Supply Class V,Land Units : Main Icon,Land Units;Sustainment;NATO Supply Class V;Appendices\Land\;Point;Sustainment : NATO Supply Class V;10162200,icon is MAIN;image file does not exist;
{Symbols_Root}\Appendices\Land\10162300.emf,32,Sustainment : Ordnance,Land Units : Main Icon,Land Units;Sustainment;Ordnance;Appendices\Land\10162300.svg;Point;Sustainment : Ordnance;10162300,icon is MAIN;image file does not exist;
{Symbols_Root}\Appendices\Land\10162400.emf,32,Sustainment : Personnel Services,Land Units : Main Icon,Land Units;Sustainment;Personnel Services;Appendices\Land\10162400.svg;Point;Sustainment : Personnel Services;10162400,icon is MAIN;image file does not exist;
{Symbols_Root}\Appendices\Land\10162500.emf,32,Sustainment : Petroleum Oil and Lubricants,Land Units : Main Icon,Land Units;Sustainment;Petroleum Oil and Lubricants;Appendices\Land\10162500.svg;Point;Sustainment : Petroleum Oil and Lubricants;10162500,icon is MAIN;image file does not exist;
{Symbols_Root}\Appendices\Land\10162600.emf,32,Sustainment : Pipeline,Land Units : Main Icon,Land Units;Sustainment;Pipeline;Appendices\Land\10162600.svg;Point;Sustainment : Pipeline;10162600,icon is MAIN;image file does not exist;
{Symbols_Root}\Appendices\Land\10162700.emf,32,Sustainment : Postal,Land Units : Main Icon,Land Units;Sustainment;Postal;Appendices\Land\10162700.svg;Point;Sustainment : Postal;10162700,icon is MAIN;image file does not exist;
{Symbols_Root}\Appendices\Land\10162800.emf,32,Sustainment : Public Affairs/Public Information,Land Units : Main Icon,Land Units;Sustainment;Public Affairs/Public Information;Appendices\Land\10162800.svg;Point;Sustainment : Public Affairs/Public Information;10162800,icon is MAIN;image file does not exist;
{Symbols_Root}\Appendices\Land\10162900.emf,32,Sustainment : Quartermaster,Land Units : Main Icon,Land Units;Sustainment;Quartermaster;Appendices\Land\10162900.svg;Point;Sustainment : Quartermaster;10162900,icon is MAIN;image file does not exist;
{Symbols_Root}\Appendices\Land\10163000.emf,32,Sustainment : Railhead,Land Units : Main Icon,Land Units;Sustainment;Railhead;Appendices\Land\10163000.svg;Point;Sustainment : Railhead;10163000,icon is MAIN;image file does not exist;
{Symbols_Root}\Appendices\Land\10163100.emf,32,Sustainment : Religious Support,Land Units : Main Icon,Land Units;Sustainment;Religious Support;Appendices\Land\10163100.svg;Point;Sustainment : Religious Support;10163100,icon is MAIN;image file does not exist;
{Symbols_Root}\Appendices\Land\10163200.emf,32,Sustainment : Replacement Holding Unit,Land Units : Main Icon,Land Units;Sustainment;Replacement Holding Unit;Appendices\Land\10163200.svg;Point;Sustainment : Replacement Holding Unit;10163200,icon is MAIN;image file does not exist;
{Symbols_Root}\Appendices\Land\10163300.emf,32,Sustainment : Sea Port of Debarkation/Sea Port of Embarkation,Land Units : Main Icon,Land Units;Sustainment;Sea Port of Debarkation/Sea Port of Embarkation;Appendices\Land\10163300.svg;Point;Sustainment : Sea Port of Debarkation/Sea Port of Embarkation;10163300,icon is MAIN;image file does not exist;
{Symbols_Root}\Appendices\Land\10163400_2.emf,32,Sustainment : Supply,Land Units : Main Icon,Land Units;Sustainment;Supply;Appendices\Land\;Point;Sustainment : Supply;10163400,icon is MAIN;image file does not exist;
{Symbols_Root}\Appendices\Land\10163500.emf,32,Sustainment : Joint Information Bureau,Land Units : Main Icon,Land Units;Sustainment;Joint Information Bureau;Appendices\Land\10163500.svg;Point;Sustainment : Joint Information Bureau;10163500,icon is MAIN;image file does not exist;
{Symbols_Root}\Appendices\Land\10163600.emf,32,Sustainment : Transportation,Land Units : Main Icon,Land Units;Sustainment;Transportation;Appendices\Land\10163600.svg;Point;Sustainment : Transportation;10163600,icon is MAIN;image file does not exist;
{Symbols_Root}\Appendices\Land\10163700_2.emf,32,Sustainment : US Supply Class I,Land Units : Main Icon,Land Units;Sustainment;US Supply Class I;Appendices\Land\;Point;Sustainment : US Supply Class I;10163700,icon is MAIN;image file does not exist;
{Symbols_Root}\Appendices\Land\10163800_2.emf,32,Sustainment : US Supply Class II,Land Units : Main Icon,Land Units;Sustainment;US Supply Class II;Appendices\Land\;Point;Sustainment : US Supply Class II;10163800,icon is MAIN;image file does not exist;
{Symbols_Root}\Appendices\Land\10163900_2.emf,32,Sustainment : US Supply Class III,Land Units : Main Icon,Land Units;Sustainment;US Supply Class III;Appendices\Land\;Point;Sustainment : US Supply Class III;10163900,icon is MAIN;image file does not exist;
{Symbols_Root}\Appendices\Land\10164000_2.emf,32,Sustainment : US Supply Class IV,Land Units : Main Icon,Land Units;Sustainment;US Supply Class IV;Appendices\Land\;Point;Sustainment : US Supply Class IV;10164000,icon is MAIN;image file does not exist;
{Symbols_Root}\Appendices\Land\10164100_2.emf,32,Sustainment : US Supply Class V,Land Units : Main Icon,Land Units;Sustainment;US Supply Class V;Appendices\Land\;Point;Sustainment : US Supply Class V;10164100,icon is MAIN;image file does not exist;
{Symbols_Root}\Appendices\Land\10164200_2.emf,32,Sustainment : US Supply Class VI,Land Units : Main Icon,Land Units;Sustainment;US Supply Class VI;Appendices\Land\;Point;Sustainment : US Supply Class VI;10164200,icon is MAIN;image file does not exist;
{Symbols_Root}\Appendices\Land\10164300_2.emf,32,Sustainment : US Supply Class VII,Land Units : Main Icon,Land Units;Sustainment;US Supply Class VII;Appendices\Land\;Point;Sustainment : US Supply Class VII;10164300,icon is MAIN;image file does not exist;
{Symbols_Root}\Appendices\Land\10164400_2.emf,32,Sustainment : US Supply Class VIII,Land Units : Main Icon,Land Units;Sustainment;US Supply Class VIII;Appendices\Land\;Point;Sustainment : US Supply Class VIII;10164400,icon is MAIN;image file does not exist;
{Symbols_Root}\Appendices\Land\10164500_2.emf,32,Sustainment : US Supply Class IX,Land Units : Main Icon,Land Units;Sustainment;US Supply Class IX;Appendices\Land\;Point;Sustainment : US Supply Class IX;10164500,icon is MAIN;image file does not exist;
{Symbols_Root}\Appendices\Land\10164600_2.emf,32,Sustainment : US Supply Class X,Land Units : Main Icon,Land Units;Sustainment;US Supply Class X;Appendices\Land\;Point;Sustainment : US Supply Class X;10164600,icon is MAIN;image file does not exist;
{Symbols_Root}\Appendices\Land\10164700.emf,32,Sustainment : Water,Land Units : Main Icon,Land Units;Sustainment;Water;Appendices\Land\10164700.svg;Point;Sustainment : Water;10164700,icon is MAIN;image file does not exist;
{Symbols_Root}\Appendices\Land\10164800.emf,32,Sustainment : Water Purification,Land Units : Main Icon,Land Units;Sustainment;Water Purification;Appendices\Land\10164800.svg;Point;Sustainment : Water Purification;10164800,icon is MAIN;image file does not exist;
{Symbols_Root}\Appendices\Land\10164900.emf,32,Sustainment : Broadcast,Land Units : Main Icon,Land Units;Sustainment;Broadcast;Appendices\Land\10164900.svg;Point;Sustainment : Broadcast;10164900,icon is MAIN;image file does not exist;
{Symbols_Root}\Appendices\Land\10170100.emf,32,Naval : Naval,Land Units : Main Icon,Land Units;Naval;Naval;Appendices\Land\10170100.svg;Point;Naval : Naval;10170100,icon is MAIN;image file does not exist;
{Symbols_Root}\Appendices\Land\10180100.emf,32,Named Headquarters : Allied Command Europe Rapid Reaction Corps (ARRC),Land Units : Main Icon,Land Units;Named Headquarters;Allied Command Europe Rapid Reaction Corps (ARRC);Appendices\Land\10180100.svg;Point;Named Headquarters : Allied Command Europe Rapid Reaction Corps (ARRC);10180100,icon is MAIN;image file does not exist;
{Symbols_Root}\Appendices\Land\10180200.emf,32,Named Headquarters : Allied Command Operations,Land Units : Main Icon,Land Units;Named Headquarters;Allied Command Operations;Appendices\Land\10180200.svg;Point;Named Headquarters : Allied Command Operations;10180200,icon is MAIN;image file does not exist;
{Symbols_Root}\Appendices\Land\10180300.emf,32,Named Headquarters : International Security Assistance Force (ISAF),Land Units : Main Icon,Land Units;Named Headquarters;International Security Assistance Force (ISAF);Appendices\Land\10180300.svg;Point;Named Headquarters : International Security Assistance Force (ISAF);10180300,icon is MAIN;image file does not exist;
{Symbols_Root}\Appendices\Land\10180400.emf,32,Named Headquarters : Multinational (MN),Land Units : Main Icon,Land Units;Named Headquarters;Multinational (MN);Appendices\Land\10180400.svg;Point;Named Headquarters : Multinational (MN);10180400,icon is MAIN;image file does not exist;
{Symbols_Root}\Appendices\Land\10190000.emf,32,Emergency Operation (Land Units),Land Units : Main Icon,Land Units;Emergency Operation;Appendices\Land\10190000.svg;Point;Emergency Operation (Land Units);10190000,icon is FULL_OCTAGON;image file does not exist;
{Symbols_Root}\Appendices\Land\10200000.emf,32,Law Enforcement (Land Units),Land Units : Main Icon,Land Units;Law Enforcement;Appendices\Land\10200000.svg;Point;Law Enforcement (Land Units);10200000,icon is FULL_OCTAGON;image file does not exist;
{Symbols_Root}\Appendices\Land\10200100.emf,32,Law Enforcement (Land Units) : ATF DOJ,Land Units : Main Icon,Land Units;Law Enforcement;Bureau of Alcohol Tobacco Firearms and Explosives (ATF) (Department of Justice);Appendices\Land\10200100.svg;Point;Law Enforcement (Land Units) : ATF DOJ;10200100,icon is MAIN;image file does not exist;
{Symbols_Root}\Appendices\Land\10200200.emf,32,Law Enforcement (Land Units) : Border Patrol,Land Units : Main Icon,Land Units;Law Enforcement;Border Patrol;Appendices\Land\10200200.svg;Point;Law Enforcement (Land Units) : Border Patrol;10200200,icon is FULL_OCTAGON;image file does not exist;
{Symbols_Root}\Appendices\Land\10200300.emf,32,Law Enforcement (Land Units) : Customs Service,Land Units : Main Icon,Land Units;Law Enforcement;Customs Service;Appendices\Land\10200300.svg;Point;Law Enforcement (Land Units) : Customs Service;10200300,icon is FULL_OCTAGON;image file does not exist;
{Symbols_Root}\Appendices\Land\10200400.emf,32,Law Enforcement (Land Units) : DEA,Land Units : Main Icon,Land Units;Law Enforcement;Drug Enforcement Administration (DEA);Appendices\Land\10200400.svg;Point;Law Enforcement (Land Units) : DEA;10200400,icon is MAIN;image file does not exist;
{Symbols_Root}\Appendices\Land\10200500.emf,32,Law Enforcement (Land Units) : DOJ,Land Units : Main Icon,Land Units;Law Enforcement;Department of Justice (DOJ);Appendices\Land\10200500.svg;Point;Law Enforcement (Land Units) : DOJ;10200500,icon is FULL_OCTAGON;image file does not exist;
{Symbols_Root}\Appendices\Land\10200600.emf,32,Law Enforcement (Land Units) : FBI,Land Units : Main Icon,Land Units;Law Enforcement;Federal Bureau of Investigation (FBI);Appendices\Land\10200600.svg;Point;Law Enforcement (Land Units) : FBI;10200600,icon is MAIN;image file does not exist;
{Symbols_Root}\Appendices\Land\10200700.emf,32,Law Enforcement (Land Units) : Police,Land Units : Main Icon,Land Units;Law Enforcement;Police;Appendices\Land\10200700.svg;Point;Law Enforcement (Land Units) : Police;10200700,icon is MAIN;image file does not exist;
{Symbols_Root}\Appendices\Land\10200800.emf,32,Law Enforcement (Land Units) : Prison,Land Units : Main Icon,Land Units;Law Enforcement;Prison;Appendices\Land\10200800.svg;Point;Law Enforcement (Land Units) : Prison;10200800,icon is FULL_OCTAGON;image file does not exist;
{Symbols_Root}\Appendices\Land\10200900.emf,32,Law Enforcement (Land Units) : US Secret Service (USSS),Land Units : Main Icon,Land Units;Law Enforcement;United States Secret Service (USSS);Appendices\Land\10200900.svg;Point;Law Enforcement (Land Units) : US Secret Service (USSS);10200900,icon is MAIN;image file does not exist;
{Symbols_Root}\Appendices\Land\10201000.emf,32,Law Enforcement (Land Units) : TSA,Land Units : Main Icon,Land Units;Law Enforcement;Transportation Security Administration (TSA);Appendices\Land\10201000.svg;Point;Law Enforcement (Land Units) : TSA;10201000,icon is MAIN;image file does not exist;
{Symbols_Root}\Appendices\Land\10201100.emf,32,Law Enforcement (Land Units) : Coast Guard,Land Units : Main Icon,Land Units;Law Enforcement;Coast Guard;Appendices\Land\10201100.svg;Point;Law Enforcement (Land Units) : Coast Guard;10201100,icon is FULL_OCTAGON;image file does not exist;
{Symbols_Root}\Appendices\Land\10201200.emf,32,Law Enforcement (Land Units) : US Marshals Service,Land Units : Main Icon,Land Units;Law Enforcement;US Marshals Service;Appendices\Land\10201200.svg;Point;Law Enforcement (Land Units) : US Marshals Service;10201200,icon is FULL_OCTAGON;image file does not exist;
{Symbols_Root}\Appendices\Land\10201300.emf,32,Law Enforcement (Land Units) : Internal Security Force,Land Units : Main Icon,Land Units;Law Enforcement;Internal Security Force;Appendices\Land\10201300.svg;Point;Law Enforcement (Land Units) : Internal Security Force;10201300,icon is MAIN;image file does not exist;
{Symbols_Root}\Appendices\Land\11110000.emf,32,Civilian (Land Civilian),Land Civilian : Main Icon,Land Civilian;Civilian;Appendices\Land\11110000.svg;Point;Civilian (Land Civilian);11110000,icon is MAIN;image file does not exist;
{Symbols_Root}\Appendices\Land\11110100.emf,32,Civilian (Land Civilian) : Environmental Protection,Land Civilian : Main Icon,Land Civilian;Civilian;Environmental Protection;Appendices\Land\11110100.svg;Point;Civilian (Land Civilian) : Environmental Protection;11110100,icon is MAIN;image file does not exist;
{Symbols_Root}\Appendices\Land\11110200.emf,32,Civilian (Land Civilian) : Government Organization,Land Civilian : Main Icon,Land Civilian;Civilian;Government Organization;Appendices\Land\11110200.svg;Point;Civilian (Land Civilian) : Government Organization;11110200,icon is MAIN;image file does not exist;
{Symbols_Root}\Appendices\Land\11110300.emf,32,Civilian (Land Civilian) : Individual,Land Civilian : Main Icon,Land Civilian;Civilian;Individual;Appendices\Land\11110300.svg;Point;Civilian (Land Civilian) : Individual;11110300,icon is MAIN;image file does not exist;
{Symbols_Root}\Appendices\Land\11110400.emf,32,Civilian (Land Civilian) : Organization or Group,Land Civilian : Main Icon,Land Civilian;Civilian;Organization or Group;Appendices\Land\11110400.svg;Point;Civilian (Land Civilian) : Organization or Group;11110400,icon is MAIN;image file does not exist;
{Symbols_Root}\Appendices\Land\11110500.emf,32,Civilian (Land Civilian) : Killing Victim,Land Civilian : Main Icon,Land Civilian;Civilian;Killing Victim;Appendices\Land\11110500.svg;Point;Civilian (Land Civilian) : Killing Victim;11110500,icon is MAIN;image file does not exist;
{Symbols_Root}\Appendices\Land\11110600.emf,32,Civilian (Land Civilian) : Killing Victims,Land Civilian : Main Icon,Land Civilian;Civilian;Killing Victims;Appendices\Land\11110600.svg;Point;Civilian (Land Civilian) : Killing Victims;11110600,icon is MAIN;image file does not exist;
{Symbols_Root}\Appendices\Land\11110700.emf,32,Civilian (Land Civilian) : Victim of an Attempted Crime,Land Civilian : Main Icon,Land Civilian;Civilian;Victim of an Attempted Crime;Appendices\Land\11110700.svg;Point;Civilian (Land Civilian) : Victim of an Attempted Crime;11110700,icon is MAIN;image file does not exist;
{Symbols_Root}\Appendices\Land\11110800.emf,32,Civilian (Land Civilian) : Spy,Land Civilian : Main Icon,Land Civilian;Civilian;Spy;Appendices\Land\11110800.svg;Point;Civilian (Land Civilian) : Spy;11110800,icon is MAIN;image file does not exist;
{Symbols_Root}\Appendices\Land\11110900.emf,32,Civilian (Land Civilian) : Composite Loss,Land Civilian : Main Icon,Land Civilian;Civilian;Composite Loss;Appendices\Land\11110900.svg;Point;Civilian (Land Civilian) : Composite Loss;11110900,icon is MAIN;image file does not exist;
{Symbols_Root}\Appendices\Land\11111000.emf,32,Civilian (Land Civilian) : Emergency Medical Operation,Land Civilian : Main Icon,Land Civilian;Civilian;Emergency Medical Operation;Appendices\Land\11111000.svg;Point;Civilian (Land Civilian) : Emergency Medical Operation;11111000,icon is FULL_OCTAGON;image file does not exist;
{Symbols_Root}\Appendices\Land\mod1\10011.emf,32,Mobility : Air Mobile/Air Assault (US Only),Land Units : Modifier 1,Land Units;Modifier 1;Air Mobile/Air Assault (US Only);Appendices\Land\mod1\10011.svg;Point;Mobility : Air Mobile/Air Assault (US Only);10011,image file does not exist;
{Symbols_Root}\Appendices\Land\mod1\10021.emf,32,Capability : Area,Land Units : Modifier 1,Land Units;Modifier 1;Area;Appendices\Land\mod1\10021.svg;Point;Capability : Area;10021,image file does not exist;
{Symbols_Root}\Appendices\Land\mod1\10031.emf,32,Capability : Attack 1,Land Units : Modifier 1,Land Units;Modifier 1;Attack;Appendices\Land\mod1\10031.svg;Point;Capability : Attack 1;10031,image file does not exist;
{Symbols_Root}\Appendices\Land\mod1\10041.emf,32,Capability : Biological,Land Units : Modifier 1,Land Units;Modifier 1;Biological;Appendices\Land\mod1\10041.svg;Point;Capability : Biological;10041,image file does not exist;
{Symbols_Root}\Appendices\Land\mod1\10051.emf,32,Capability : Border,Land Units : Modifier 1,Land Units;Modifier 1;Border;Appendices\Land\mod1\10051.svg;Point;Capability : Border;10051,image file does not exist;
{Symbols_Root}\Appendices\Land\mod1\10061.emf,32,Capability : Bridging,Land Units : Modifier 1,Land Units;Modifier 1;Bridging;Appendices\Land\mod1\10061.svg;Point;Capability : Bridging;10061,image file does not exist;
{Symbols_Root}\Appendices\Land\mod1\10071.emf,32,Capability : Chemical,Land Units : Modifier 1,Land Units;Modifier 1;Chemical;Appendices\Land\mod1\10071.svg;Point;Capability : Chemical;10071,image file does not exist;
{Symbols_Root}\Appendices\Land\mod1\10081.emf,32,Capability : Close Protection,Land Units : Modifier 1,Land Units;Modifier 1;Close Protection;Appendices\Land\mod1\10081.svg;Point;Capability : Close Protection;10081,image file does not exist;
{Symbols_Root}\Appendices\Land\mod1\10091.emf,32,Capability : Combat,Land Units : Modifier 1,Land Units;Modifier 1;Combat;Appendices\Land\mod1\10091.svg;Point;Capability : Combat;10091,image file does not exist;
{Symbols_Root}\Appendices\Land\mod1\10101.emf,32,Capability : Command and Control,Land Units : Modifier 1,Land Units;Modifier 1;Command and Control;Appendices\Land\mod1\10101.svg;Point;Capability : Command and Control;10101,image file does not exist;
{Symbols_Root}\Appendices\Land\mod1\10111.emf,32,Capability : Communications Contingency Package,Land Units : Modifier 1,Land Units;Modifier 1;Communications Contingency Package;Appendices\Land\mod1\10111.svg;Point;Capability : Communications Contingency Package;10111,image file does not exist;
{Symbols_Root}\Appendices\Land\mod1\10121.emf,32,Capability : Construction,Land Units : Modifier 1,Land Units;Modifier 1;Construction;Appendices\Land\mod1\10121.svg;Point;Capability : Construction;10121,image file does not exist;
{Symbols_Root}\Appendices\Land\mod1\10131.emf,32,Capability : Cross Cultural Communication,Land Units : Modifier 1,Land Units;Modifier 1;Cross Cultural Communication;Appendices\Land\mod1\10131.svg;Point;Capability : Cross Cultural Communication;10131,image file does not exist;
{Symbols_Root}\Appendices\Land\mod1\10141.emf,32,Capability : Crowd and Riot Control,Land Units : Modifier 1,Land Units;Modifier 1;Crowd and Riot Control;Appendices\Land\mod1\10141.svg;Point;Capability : Crowd and Riot Control;10141,image file does not exist;
{Symbols_Root}\Appendices\Land\mod1\10151.emf,32,Capability : Decontamination 1,Land Units : Modifier 1,Land Units;Modifier 1;Decontamination;Appendices\Land\mod1\10151.svg;Point;Capability : Decontamination 1;10151,image file does not exist;
{Symbols_Root}\Appendices\Land\mod1\10161.emf,32,Capability : Detention,Land Units : Modifier 1,Land Units;Modifier 1;Detention;Appendices\Land\mod1\10161.svg;Point;Capability : Detention;10161,image file does not exist;
{Symbols_Root}\Appendices\Land\mod1\10171.emf,32,Capability : Direct Communications,Land Units : Modifier 1,Land Units;Modifier 1;Direct Communications;Appendices\Land\mod1\10171.svg;Point;Capability : Direct Communications;10171,image file does not exist;
{Symbols_Root}\Appendices\Land\mod1\10181.emf,32,Capability : Diving,Land Units : Modifier 1,Land Units;Modifier 1;Diving;Appendices\Land\mod1\10181.svg;Point;Capability : Diving;10181,image file does not exist;
{Symbols_Root}\Appendices\Land\mod1\10191.emf,32,Capability : Division,Land Units : Modifier 1,Land Units;Modifier 1;Division;Appendices\Land\mod1\10191.svg;Point;Capability : Division;10191,image file does not exist;
{Symbols_Root}\Appendices\Land\mod1\10201.emf,32,Capability : Dog,Land Units : Modifier 1,Land Units;Modifier 1;Dog;Appendices\Land\mod1\10201.svg;Point;Capability : Dog;10201,image file does not exist;
{Symbols_Root}\Appendices\Land\mod1\10211.emf,32,Capability : Drilling,Land Units : Modifier 1,Land Units;Modifier 1;Drilling;Appendices\Land\mod1\10211.svg;Point;Capability : Drilling;10211,image file does not exist;
{Symbols_Root}\Appendices\Land\mod1\10221.emf,32,Capability : Electro-Optical,Land Units : Modifier 1,Land Units;Modifier 1;Electro-Optical;Appendices\Land\mod1\10221.svg;Point;Capability : Electro-Optical;10221,image file does not exist;
{Symbols_Root}\Appendices\Land\mod1\10231.emf,32,Capability : Enhanced,Land Units : Modifier 1,Land Units;Modifier 1;Enhanced;Appendices\Land\mod1\10231.svg;Point;Capability : Enhanced;10231,image file does not exist;
{Symbols_Root}\Appendices\Land\mod1\10241.emf,32,Capability : Explosive Ordnance Disposal (EOD),Land Units : Modifier 1,Land Units;Modifier 1;Explosive Ordnance Disposal (EOD);Appendices\Land\mod1\10241.svg;Point;Capability : Explosive Ordnance Disposal (EOD);10241,image file does not exist;
{Symbols_Root}\Appendices\Land\mod1\10251.emf,32,Capability : Fire Direction Center,Land Units : Modifier 1,Land Units;Modifier 1;Fire Direction Center;Appendices\Land\mod1\10251.svg;Point;Capability : Fire Direction Center;10251,image file does not exist;
{Symbols_Root}\Appendices\Land\mod1\10261.emf,32,Capability : Force,Land Units : Modifier 1,Land Units;Modifier 1;Force;Appendices\Land\mod1\10261.svg;Point;Capability : Force;10261,image file does not exist;
{Symbols_Root}\Appendices\Land\mod1\10271.emf,32,Capability : Forward,Land Units : Modifier 1,Land Units;Modifier 1;Forward;Appendices\Land\mod1\10271.svg;Point;Capability : Forward;10271,image file does not exist;
{Symbols_Root}\Appendices\Land\mod1\10281.emf,32,Capability : Ground Station Module,Land Units : Modifier 1,Land Units;Modifier 1;Ground Station Module;Appendices\Land\mod1\10281.svg;Point;Capability : Ground Station Module;10281,image file does not exist;
{Symbols_Root}\Appendices\Land\mod1\10291.emf,32,Capability : Landing Support,Land Units : Modifier 1,Land Units;Modifier 1;Landing Support;Appendices\Land\mod1\10291.svg;Point;Capability : Landing Support;10291,image file does not exist;
{Symbols_Root}\Appendices\Land\mod1\10301.emf,32,Capability : Large Extension Node,Land Units : Modifier 1,Land Units;Modifier 1;Large Extension Node;Appendices\Land\mod1\10301.svg;Point;Capability : Large Extension Node;10301,image file does not exist;
{Symbols_Root}\Appendices\Land\mod1\10311.emf,32,Capability : Maintenance,Land Units : Modifier 1,Land Units;Modifier 1;Maintenance;Appendices\Land\mod1\10311.svg;Point;Capability : Maintenance;10311,image file does not exist;
{Symbols_Root}\Appendices\Land\mod1\10321.emf,32,Capability : Meteorological,Land Units : Modifier 1,Land Units;Modifier 1;Meteorological;Appendices\Land\mod1\10321.svg;Point;Capability : Meteorological;10321,image file does not exist;
{Symbols_Root}\Appendices\Land\mod1\10331.emf,32,Capability : Mine Countermeasure,Land Units : Modifier 1,Land Units;Modifier 1;Mine Countermeasure;Appendices\Land\mod1\10331.svg;Point;Capability : Mine Countermeasure;10331,image file does not exist;
{Symbols_Root}\Appendices\Land\mod1\10341.emf,32,Capability : Missile,Land Units : Modifier 1,Land Units;Modifier 1;Missile;Appendices\Land\mod1\10341.svg;Point;Capability : Missile;10341,image file does not exist;
{Symbols_Root}\Appendices\Land\mod1\10351.emf,32,Capability : Mobile Advisor and Support,Land Units : Modifier 1,Land Units;Modifier 1;Mobile Advisor and Support;Appendices\Land\mod1\10351.svg;Point;Capability : Mobile Advisor and Support;10351,image file does not exist;
{Symbols_Root}\Appendices\Land\mod1\10361.emf,32,Capability : Mobile Subscriber Equipment,Land Units : Modifier 1,Land Units;Modifier 1;Mobile Subscriber Equipment;Appendices\Land\mod1\10361.svg;Point;Capability : Mobile Subscriber Equipment;10361,image file does not exist;
{Symbols_Root}\Appendices\Land\mod1\10371.emf,32,Capability : Mobility Support,Land Units : Modifier 1,Land Units;Modifier 1;Mobility Support;Appendices\Land\mod1\10371.svg;Point;Capability : Mobility Support;10371,image file does not exist;
{Symbols_Root}\Appendices\Land\mod1\10381.emf,32,Capability : Movement Control Center,Land Units : Modifier 1,Land Units;Modifier 1;Movement Control Center;Appendices\Land\mod1\10381.svg;Point;Capability : Movement Control Center;10381,image file does not exist;
{Symbols_Root}\Appendices\Land\mod1\10391.emf,32,Capability : Multinational,Land Units : Modifier 1,Land Units;Modifier 1;Multinational;Appendices\Land\mod1\10391.svg;Point;Capability : Multinational;10391,image file does not exist;
{Symbols_Root}\Appendices\Land\mod1\10401.emf,32,Capability : Multinational Specialized Unit,Land Units : Modifier 1,Land Units;Modifier 1;Multinational Specialized Unit;Appendices\Land\mod1\10401.svg;Point;Capability : Multinational Specialized Unit;10401,image file does not exist;
{Symbols_Root}\Appendices\Land\mod1\10411.emf,32,Capability : Multiple Rocket Launcher,Land Units : Modifier 1,Land Units;Modifier 1;Multiple Rocket Launcher;Appendices\Land\mod1\10411.svg;Point;Capability : Multiple Rocket Launcher;10411,image file does not exist;
{Symbols_Root}\Appendices\Land\mod1\10421.emf,32,Capability : NATO Medical Role 1,Land Units : Modifier 1,Land Units;Modifier 1;NATO Medical Role 1;Appendices\Land\mod1\10421.svg;Point;Capability : NATO Medical Role 1;10421,image file does not exist;
{Symbols_Root}\Appendices\Land\mod1\10431.emf,32,Capability : NATO Medical Role 2,Land Units : Modifier 1,Land Units;Modifier 1;NATO Medical Role 2;Appendices\Land\mod1\10431.svg;Point;Capability : NATO Medical Role 2;10431,image file does not exist;
{Symbols_Root}\Appendices\Land\mod1\10441.emf,32,Capability : NATO Medical Role 3,Land Units : Modifier 1,Land Units;Modifier 1;NATO Medical Role 3;Appendices\Land\mod1\10441.svg;Point;Capability : NATO Medical Role 3;10441,image file does not exist;
{Symbols_Root}\Appendices\Land\mod1\10451.emf,32,Capability : NATO Medical Role 4,Land Units : Modifier 1,Land Units;Modifier 1;NATO Medical Role 4;Appendices\Land\mod1\10451.svg;Point;Capability : NATO Medical Role 4;10451,image file does not exist;
{Symbols_Root}\Appendices\Land\mod1\10461.emf,32,Capability : Naval,Land Units : Modifier 1,Land Units;Modifier 1;Naval;Appendices\Land\mod1\10461.svg;Point;Capability : Naval;10461,image file does not exist;
{Symbols_Root}\Appendices\Land\mod1\10471.emf,32,Capability : Node Center,Land Units : Modifier 1,Land Units;Modifier 1;Node Center;Appendices\Land\mod1\10471.svg;Point;Capability : Node Center;10471,image file does not exist;
{Symbols_Root}\Appendices\Land\mod1\10481.emf,32,Capability : Nuclear,Land Units : Modifier 1,Land Units;Modifier 1;Nuclear;Appendices\Land\mod1\10481.svg;Point;Capability : Nuclear;10481,image file does not exist;
{Symbols_Root}\Appendices\Land\mod1\10491.emf,32,Capability : Operations,Land Units : Modifier 1,Land Units;Modifier 1;Operations;Appendices\Land\mod1\10491.svg;Point;Capability : Operations;10491,image file does not exist;
{Symbols_Root}\Appendices\Land\mod1\10501.emf,32,Capability : Radar,Land Units : Modifier 1,Land Units;Modifier 1;Radar;Appendices\Land\mod1\10501.svg;Point;Capability : Radar;10501,image file does not exist;
{Symbols_Root}\Appendices\Land\mod1\10511.emf,32,Capability : RFID Interrogator/Sensor,Land Units : Modifier 1,Land Units;Modifier 1;Radio Frequency Identification (RFID) Interrogator / Sensor;Appendices\Land\mod1\10511.svg;Point;Capability : RFID Interrogator/Sensor;10511,image file does not exist;
{Symbols_Root}\Appendices\Land\mod1\10521.emf,32,Capability : Radiological,Land Units : Modifier 1,Land Units;Modifier 1;Radiological;Appendices\Land\mod1\10521.svg;Point;Capability : Radiological;10521,image file does not exist;
{Symbols_Root}\Appendices\Land\mod1\10531.emf,32,Capability : Search and Rescue,Land Units : Modifier 1,Land Units;Modifier 1;Search and Rescue;Appendices\Land\mod1\10531.svg;Point;Capability : Search and Rescue;10531,image file does not exist;
{Symbols_Root}\Appendices\Land\mod1\10541.emf,32,Capability : Security,Land Units : Modifier 1,Land Units;Modifier 1;Security;Appendices\Land\mod1\10541.svg;Point;Capability : Security;10541,image file does not exist;
{Symbols_Root}\Appendices\Land\mod1\10551.emf,32,Capability : Sensor,Land Units : Modifier 1,Land Units;Modifier 1;Sensor;Appendices\Land\mod1\10551.svg;Point;Capability : Sensor;10551,image file does not exist;
{Symbols_Root}\Appendices\Land\mod1\10561.emf,32,Capability : Sensor Control Module (SCM),Land Units : Modifier 1,Land Units;Modifier 1;Sensor Control Module (SCM);Appendices\Land\mod1\10561.svg;Point;Capability : Sensor Control Module (SCM);10561,image file does not exist;
{Symbols_Root}\Appendices\Land\mod1\10571.emf,32,Capability : Signals Intelligence,Land Units : Modifier 1,Land Units;Modifier 1;Signals Intelligence;Appendices\Land\mod1\10571.svg;Point;Capability : Signals Intelligence;10571,image file does not exist;
{Symbols_Root}\Appendices\Land\mod1\10581.emf,32,Capability : Single Shelter Switch,Land Units : Modifier 1,Land Units;Modifier 1;Single Shelter Switch;Appendices\Land\mod1\10581.svg;Point;Capability : Single Shelter Switch;10581,image file does not exist;
{Symbols_Root}\Appendices\Land\mod1\10591.emf,32,Capability : Single Rocket Launcher,Land Units : Modifier 1,Land Units;Modifier 1;Single Rocket Launcher;Appendices\Land\mod1\10591.svg;Point;Capability : Single Rocket Launcher;10591,image file does not exist;
{Symbols_Root}\Appendices\Land\mod1\10601.emf,32,Capability : Smoke,Land Units : Modifier 1,Land Units;Modifier 1;Smoke;Appendices\Land\mod1\10601.svg;Point;Capability : Smoke;10601,image file does not exist;
{Symbols_Root}\Appendices\Land\mod1\10611.emf,32,Capability : Sniper,Land Units : Modifier 1,Land Units;Modifier 1;Sniper;Appendices\Land\mod1\10611.svg;Point;Capability : Sniper;10611,image file does not exist;
{Symbols_Root}\Appendices\Land\mod1\10621.emf,32,Capability : Sound Ranging,Land Units : Modifier 1,Land Units;Modifier 1;Sound Ranging;Appendices\Land\mod1\10621.svg;Point;Capability : Sound Ranging;10621,image file does not exist;
{Symbols_Root}\Appendices\Land\mod1\10631.emf,32,Capability : Special Operations Forces (SOF),Land Units : Modifier 1,Land Units;Modifier 1;Special Operations Forces (SOF);Appendices\Land\mod1\10631.svg;Point;Capability : Special Operations Forces (SOF);10631,image file does not exist;
{Symbols_Root}\Appendices\Land\mod1\10641.emf,32,Capability : Special Weapons and Tactics,Land Units : Modifier 1,Land Units;Modifier 1;Special Weapons and Tactics;Appendices\Land\mod1\10641.svg;Point;Capability : Special Weapons and Tactics;10641,image file does not exist;
{Symbols_Root}\Appendices\Land\mod1\10651.emf,32,Capability : Survey,Land Units : Modifier 1,Land Units;Modifier 1;Survey;Appendices\Land\mod1\10651.svg;Point;Capability : Survey;10651,image file does not exist;
{Symbols_Root}\Appendices\Land\mod1\10661.emf,32,Capability : Tactical Exploitation,Land Units : Modifier 1,Land Units;Modifier 1;Tactical Exploitation;Appendices\Land\mod1\10661.svg;Point;Capability : Tactical Exploitation;10661,image file does not exist;
{Symbols_Root}\Appendices\Land\mod1\10671.emf,32,Capability : Target Acquisition,Land Units : Modifier 1,Land Units;Modifier 1;Target Acquisition;Appendices\Land\mod1\10671.svg;Point;Capability : Target Acquisition;10671,image file does not exist;
{Symbols_Root}\Appendices\Land\mod1\10681.emf,32,Capability : Topographic,Land Units : Modifier 1,Land Units;Modifier 1;Topographic;Appendices\Land\mod1\10681.svg;Point;Capability : Topographic;10681,image file does not exist;
{Symbols_Root}\Appendices\Land\mod1\10691.emf,32,Capability : Utility 1,Land Units : Modifier 1,Land Units;Modifier 1;Utility;Appendices\Land\mod1\10691.svg;Point;Capability : Utility 1;10691,image file does not exist;
{Symbols_Root}\Appendices\Land\mod1\10701.emf,32,Capability : Video Imagery (Combat Camera),Land Units : Modifier 1,Land Units;Modifier 1;Video Imagery (Combat Camera);Appendices\Land\mod1\10701.svg;Point;Capability : Video Imagery (Combat Camera);10701,image file does not exist;
{Symbols_Root}\Appendices\Land\mod1\10711.emf,32,Composite Loss : Accident (Land Units),Land Units : Modifier 1,Land Units;Modifier 1;Accident;Appendices\Land\mod1\10711.svg;Point;Composite Loss : Accident (Land Units);10711,image file does not exist;
{Symbols_Root}\Appendices\Land\mod1\10721.emf,32,Composite Loss : Other (Land Units),Land Units : Modifier 1,Land Units;Modifier 1;Other;Appendices\Land\mod1\10721.svg;Point;Composite Loss : Other (Land Units);10721,image file does not exist;
{Symbols_Root}\Appendices\Land\mod1\10731.emf,32,Operation : Civilian (Land Units),Land Units : Modifier 1,Land Units;Modifier 1;Civilian;Appendices\Land\mod1\10731.svg;Point;Operation : Civilian (Land Units);10731,image file does not exist;
{Symbols_Root}\Appendices\Land\mod1\10741.emf,32,Capability : Antisubmarine Warfare,Land Units : Modifier 1,Land Units;Modifier 1;Antisubmarine Warfare;Appendices\Land\mod1\10741.svg;Point;Capability : Antisubmarine Warfare;10741,image file does not exist;
{Symbols_Root}\Appendices\Land\mod1\10751.emf,32,Capability : Medevac,Land Units : Modifier 1,Land Units;Modifier 1;Medevac;Appendices\Land\mod1\10751.svg;Point;Capability : Medevac;10751,image file does not exist;
{Symbols_Root}\Appendices\Land\mod1\10761.emf,32,Capability : Ranger,Land Units : Modifier 1,Land Units;Modifier 1;Ranger;Appendices\Land\mod1\10761.svg;Point;Capability : Ranger;10761,image file does not exist;
{Symbols_Root}\Appendices\Land\mod1\10771.emf,32,Capability : Support 1,Land Units : Modifier 1,Land Units;Modifier 1;Support;Appendices\Land\mod1\10771.svg;Point;Capability : Support 1;10771,image file does not exist;
{Symbols_Root}\Appendices\Land\mod1\10781.emf,32,Capability : Aviation,Land Units : Modifier 1,Land Units;Modifier 1;Aviation;Appendices\Land\mod1\10781.svg;Point;Capability : Aviation;10781,image file does not exist;
{Symbols_Root}\Appendices\Land\mod1\11011.emf,32,Crime : Assassination (Land Civilian),Land Civilian : Modifier 1,Land Civilian;Modifier 1;Assassination;Appendices\Land\mod1\11011.svg;Point;Crime : Assassination (Land Civilian);11011,image file does not exist;
{Symbols_Root}\Appendices\Land\mod1\11021.emf,32,Crime : Execution (Wrongful Killing) (Land Civilian),Land Civilian : Modifier 1,Land Civilian;Modifier 1;Execution (Wrongful Killing);Appendices\Land\mod1\11021.svg;Point;Crime : Execution (Wrongful Killing) (Land Civilian);11021,image file does not exist;
{Symbols_Root}\Appendices\Land\mod1\11031.emf,32,Crime : Murder Victims,Land Civilian : Modifier 1,Land Civilian;Modifier 1;Murder Victims;Appendices\Land\mod1\11031.svg;Point;Crime : Murder Victims;11031,image file does not exist;
{Symbols_Root}\Appendices\Land\mod1\11041.emf,32,Crime : Hijacking (Land Civilian),Land Civilian : Modifier 1,Land Civilian;Modifier 1;Hijacking;Appendices\Land\mod1\11041.svg;Point;Crime : Hijacking (Land Civilian);11041,image file does not exist;
{Symbols_Root}\Appendices\Land\mod1\11051.emf,32,Crime : Kidnapping (Land Civilian),Land Civilian : Modifier 1,Land Civilian;Modifier 1;Kidnapping;Appendices\Land\mod1\11051.svg;Point;Crime : Kidnapping (Land Civilian);11051,image file does not exist;
{Symbols_Root}\Appendices\Land\mod1\11061.emf,32,Crime : Piracy (Land Civilian),Land Civilian : Modifier 1,Land Civilian;Modifier 1;Piracy;Appendices\Land\mod1\11061.svg;Point;Crime : Piracy (Land Civilian);11061,image file does not exist;
{Symbols_Root}\Appendices\Land\mod1\11071.emf,32,Crime : Rape (Land Civilian),Land Civilian : Modifier 1,Land Civilian;Modifier 1;Rape;Appendices\Land\mod1\11071.svg;Point;Crime : Rape (Land Civilian);11071,image file does not exist;
{Symbols_Root}\Appendices\Land\mod1\11081.emf,32,Organization : Civilian (Land Civilian),Land Civilian : Modifier 1,Land Civilian;Modifier 1;Civilian;Appendices\Land\mod1\11081.svg;Point;Organization : Civilian (Land Civilian);11081,image file does not exist;
{Symbols_Root}\Appendices\Land\mod1\11091.emf,32,Organization : Displaced Person(s)- Refugee(s) and Evacuee(s),Land Civilian : Modifier 1,Land Civilian;Modifier 1;Displaced Person(s)- Refugee(s) and Evacuee(s);Appendices\Land\mod1\11091.svg;Point;Organization : Displaced Person(s)- Refugee(s) and Evacuee(s);11091,image file does not exist;
{Symbols_Root}\Appendices\Land\mod1\11101.emf,32,Organization : Foreign Fighter(s),Land Civilian : Modifier 1,Land Civilian;Modifier 1;Foreign Fighter(s);Appendices\Land\mod1\11101.svg;Point;Organization : Foreign Fighter(s);11101,image file does not exist;
{Symbols_Root}\Appendices\Land\mod1\11111.emf,32,Organization : Gang Member or Gang,Land Civilian : Modifier 1,Land Civilian;Modifier 1;Gang Member or Gang;Appendices\Land\mod1\11111.svg;Point;Organization : Gang Member or Gang;11111,image file does not exist;
{Symbols_Root}\Appendices\Land\mod1\11121.emf,32,Organization : Government Organization,Land Civilian : Modifier 1,Land Civilian;Modifier 1;Government Organization;Appendices\Land\mod1\11121.svg;Point;Organization : Government Organization;11121,image file does not exist;
{Symbols_Root}\Appendices\Land\mod1\11131.emf,32,Organization : Leader or Leadership 1,Land Civilian : Modifier 1,Land Civilian;Modifier 1;Leader or Leadership;Appendices\Land\mod1\11131.svg;Point;Organization : Leader or Leadership 1;11131,image file does not exist;
{Symbols_Root}\Appendices\Land\mod1\11141.emf,32,Organization : Nongovernmental Organization Member or Nongovernmental Organization,Land Civilian : Modifier 1,Land Civilian;Modifier 1;Nongovernmental Organization Member or Nongovernmental Organization;Appendices\Land\mod1\11141.svg;Point;Organization : Nongovernmental Organization Member or Nongovernmental Organization;11141,image file does not exist;
{Symbols_Root}\Appendices\Land\mod1\11151.emf,32,Organization : Coerced/Impressed Recruit,Land Civilian : Modifier 1,Land Civilian;Modifier 1;Coerced/Impressed Recruit;Appendices\Land\mod1\11151.svg;Point;Organization : Coerced/Impressed Recruit;11151,image file does not exist;
{Symbols_Root}\Appendices\Land\mod1\11161.emf,32,Organization : Willing Recruit,Land Civilian : Modifier 1,Land Civilian;Modifier 1;Willing Recruit;Appendices\Land\mod1\11161.svg;Point;Organization : Willing Recruit;11161,image file does not exist;
{Symbols_Root}\Appendices\Land\mod1\11171.emf,32,Organization : Religious or Religious Organization,Land Civilian : Modifier 1,Land Civilian;Modifier 1;Religious or Religious Organization;Appendices\Land\mod1\11171.svg;Point;Organization : Religious or Religious Organization;11171,image file does not exist;
{Symbols_Root}\Appendices\Land\mod1\11181.emf,32,Organization : Targeted Individual or Organization,Land Civilian : Modifier 1,Land Civilian;Modifier 1;Targeted Individual or Organization;Appendices\Land\mod1\11181.svg;Point;Organization : Targeted Individual or Organization;11181,image file does not exist;
{Symbols_Root}\Appendices\Land\mod1\11191.emf,32,Organization : Terrorist or Terrorist Organization,Land Civilian : Modifier 1,Land Civilian;Modifier 1;Terrorist or Terrorist Organization;Appendices\Land\mod1\11191.svg;Point;Organization : Terrorist or Terrorist Organization;11191,image file does not exist;
{Symbols_Root}\Appendices\Land\mod1\11201.emf,32,Organization : Speaker,Land Civilian : Modifier 1,Land Civilian;Modifier 1;Speaker;Appendices\Land\mod1\11201.svg;Point;Organization : Speaker;11201,image file does not exist;
{Symbols_Root}\Appendices\Land\mod1\11211.emf,32,Composite Loss : Accident (Land Civilian),Land Civilian : Modifier 1,Land Civilian;Modifier 1;Accident;Appendices\Land\mod1\11211.svg;Point;Composite Loss : Accident (Land Civilian);11211,image file does not exist;
{Symbols_Root}\Appendices\Land\mod1\11221.emf,32,Composite Loss : Combat,Land Civilian : Modifier 1,Land Civilian;Modifier 1;Combat;Appendices\Land\mod1\11221.svg;Point;Composite Loss : Combat;11221,image file does not exist;
{Symbols_Root}\Appendices\Land\mod1\11231.emf,32,Composite Loss : Other (Land Civilian),Land Civilian : Modifier 1,Land Civilian;Modifier 1;Other;Appendices\Land\mod1\11231.svg;Point;Composite Loss : Other (Land Civilian);11231,image file does not exist;
{Symbols_Root}\Appendices\Land\mod1\11241.emf,32,Crime : Loot,Land Civilian : Modifier 1,Land Civilian;Modifier 1;Loot;Appendices\Land\mod1\11241.svg;Point;Crime : Loot;11241,image file does not exist;
{Symbols_Root}\Appendices\Land\mod2\10012.emf,32,Mobility : Airborne,Land Units : Modifier 2,Land Units;Modifier 2;Airborne;Appendices\Land\mod2\10012.svg;Point;Mobility : Airborne;10012,image file does not exist;
{Symbols_Root}\Appendices\Land\mod2\10022.emf,32,Mobility : Arctic,Land Units : Modifier 2,Land Units;Modifier 2;Arctic;Appendices\Land\mod2\10022.svg;Point;Mobility : Arctic;10022,image file does not exist;
{Symbols_Root}\Appendices\Land\mod2\10032.emf,32,Capability : Battle Damage Repair,Land Units : Modifier 2,Land Units;Modifier 2;Battle Damage Repair;Appendices\Land\mod2\10032.svg;Point;Capability : Battle Damage Repair;10032,image file does not exist;
{Symbols_Root}\Appendices\Land\mod2\10042.emf,32,Mobility : Bicycle Equipped,Land Units : Modifier 2,Land Units;Modifier 2;Bicycle Equipped;Appendices\Land\mod2\10042.svg;Point;Mobility : Bicycle Equipped;10042,image file does not exist;
{Symbols_Root}\Appendices\Land\mod2\10052.emf,32,Close Range and Support : Casualty Staging,Land Units : Modifier 2,Land Units;Modifier 2;Casualty Staging;Appendices\Land\mod2\10052.svg;Point;Close Range and Support : Casualty Staging;10052,image file does not exist;
{Symbols_Root}\Appendices\Land\mod2\10062.emf,32,Capability : Clearing,Land Units : Modifier 2,Land Units;Modifier 2;Clearing;Appendices\Land\mod2\10062.svg;Point;Capability : Clearing;10062,image file does not exist;
{Symbols_Root}\Appendices\Land\mod2\10072.emf,32,Capability : Close Range,Land Units : Modifier 2,Land Units;Modifier 2;Close Range;Appendices\Land\mod2\10072.svg;Point;Capability : Close Range;10072,image file does not exist;
{Symbols_Root}\Appendices\Land\mod2\10082.emf,32,Capability : Control,Land Units : Modifier 2,Land Units;Modifier 2;Control;Appendices\Land\mod2\10082.svg;Point;Capability : Control;10082,image file does not exist;
{Symbols_Root}\Appendices\Land\mod2\10092.emf,32,Capability : Decontamination 2,Land Units : Modifier 2,Land Units;Modifier 2;Decontamination;Appendices\Land\mod2\10092.svg;Point;Capability : Decontamination 2;10092,image file does not exist;
{Symbols_Root}\Appendices\Land\mod2\10102.emf,32,Capability : Demolition,Land Units : Modifier 2,Land Units;Modifier 2;Demolition;Appendices\Land\mod2\10102.svg;Point;Capability : Demolition;10102,image file does not exist;
{Symbols_Root}\Appendices\Land\mod2\10112.emf,32,Capability : Dental,Land Units : Modifier 2,Land Units;Modifier 2;Dental;Appendices\Land\mod2\10112.svg;Point;Capability : Dental;10112,image file does not exist;
{Symbols_Root}\Appendices\Land\mod2\10122.emf,32,Capability : Digital,Land Units : Modifier 2,Land Units;Modifier 2;Digital;Appendices\Land\mod2\10122.svg;Point;Capability : Digital;10122,image file does not exist;
{Symbols_Root}\Appendices\Land\mod2\10132.emf,32,Capability : Enhanced Position Location Reporting System (EPLRS),Land Units : Modifier 2,Land Units;Modifier 2;Enhanced Position Location Reporting System (EPLRS);Appendices\Land\mod2\10132.svg;Point;Capability : Enhanced Position Location Reporting System (EPLRS);10132,image file does not exist;
{Symbols_Root}\Appendices\Land\mod2\10142.emf,32,Capability : Equipment,Land Units : Modifier 2,Land Units;Modifier 2;Equipment;Appendices\Land\mod2\10142.svg;Point;Capability : Equipment;10142,image file does not exist;
{Symbols_Root}\Appendices\Land\mod2\10152.emf,32,Capability : Heavy,Land Units : Modifier 2,Land Units;Modifier 2;Heavy;Appendices\Land\mod2\10152.svg;Point;Capability : Heavy;10152,image file does not exist;
{Symbols_Root}\Appendices\Land\mod2\10162.emf,32,Capability : High Altitude,Land Units : Modifier 2,Land Units;Modifier 2;High Altitude;Appendices\Land\mod2\10162.svg;Point;Capability : High Altitude;10162,image file does not exist;
{Symbols_Root}\Appendices\Land\mod2\10172.emf,32,Capability : Intermodal,Land Units : Modifier 2,Land Units;Modifier 2;Intermodal;Appendices\Land\mod2\10172.svg;Point;Capability : Intermodal;10172,image file does not exist;
{Symbols_Root}\Appendices\Land\mod2\10182.emf,32,Capability : Intensive Care,Land Units : Modifier 2,Land Units;Modifier 2;Intensive Care;Appendices\Land\mod2\10182.svg;Point;Capability : Intensive Care;10182,image file does not exist;
{Symbols_Root}\Appendices\Land\mod2\10192.emf,32,Capability : Light,Land Units : Modifier 2,Land Units;Modifier 2;Light;Appendices\Land\mod2\10192.svg;Point;Capability : Light;10192,image file does not exist;
{Symbols_Root}\Appendices\Land\mod2\10202.emf,32,Capability : Laboratory,Land Units : Modifier 2,Land Units;Modifier 2;Laboratory;Appendices\Land\mod2\10202.svg;Point;Capability : Laboratory;10202,image file does not exist;
{Symbols_Root}\Appendices\Land\mod2\10212.emf,32,Capability : Launcher,Land Units : Modifier 2,Land Units;Modifier 2;Launcher;Appendices\Land\mod2\10212.svg;Point;Capability : Launcher;10212,image file does not exist;
{Symbols_Root}\Appendices\Land\mod2\10222.emf,32,Capability : Long Range,Land Units : Modifier 2,Land Units;Modifier 2;Long Range;Appendices\Land\mod2\10222.svg;Point;Capability : Long Range;10222,image file does not exist;
{Symbols_Root}\Appendices\Land\mod2\10232.emf,32,Capability : Low Altitude,Land Units : Modifier 2,Land Units;Modifier 2;Low Altitude;Appendices\Land\mod2\10232.svg;Point;Capability : Low Altitude;10232,image file does not exist;
{Symbols_Root}\Appendices\Land\mod2\10242.emf,32,Capability : Medium,Land Units : Modifier 2,Land Units;Modifier 2;Medium;Appendices\Land\mod2\10242.svg;Point;Capability : Medium;10242,image file does not exist;
{Symbols_Root}\Appendices\Land\mod2\10252.emf,32,Capability : Medium Altitude,Land Units : Modifier 2,Land Units;Modifier 2;Medium Altitude;Appendices\Land\mod2\10252.svg;Point;Capability : Medium Altitude;10252,image file does not exist;
{Symbols_Root}\Appendices\Land\mod2\10262.emf,32,Capability : Medium Range,Land Units : Modifier 2,Land Units;Modifier 2;Medium Range;Appendices\Land\mod2\10262.svg;Point;Capability : Medium Range;10262,image file does not exist;
{Symbols_Root}\Appendices\Land\mod2\10272.emf,32,Capability : Mountain,Land Units : Modifier 2,Land Units;Modifier 2;Mountain;Appendices\Land\mod2\10272.svg;Point;Capability : Mountain;10272,image file does not exist;
{Symbols_Root}\Appendices\Land\mod2\10282.emf,32,Capability : High to Medium Altitude,Land Units : Modifier 2,Land Units;Modifier 2;High to Medium Altitude;Appendices\Land\mod2\10282.svg;Point;Capability : High to Medium Altitude;10282,image file does not exist;
{Symbols_Root}\Appendices\Land\mod2\10292.emf,32,Capability : Multi-Channel,Land Units : Modifier 2,Land Units;Modifier 2;Multi-Channel;Appendices\Land\mod2\10292.svg;Point;Capability : Multi-Channel;10292,image file does not exist;
{Symbols_Root}\Appendices\Land\mod2\10302.emf,32,Capability : Optical (Flash),Land Units : Modifier 2,Land Units;Modifier 2;Optical (Flash);Appendices\Land\mod2\10302.svg;Point;Capability : Optical (Flash);10302,image file does not exist;
{Symbols_Root}\Appendices\Land\mod2\10312.emf,32,Capability : Pack Animal,Land Units : Modifier 2,Land Units;Modifier 2;Pack Animal;Appendices\Land\mod2\10312.svg;Point;Capability : Pack Animal;10312,image file does not exist;
{Symbols_Root}\Appendices\Land\mod2\10322.emf,32,Capability : Patient Evacuation Coordination,Land Units : Modifier 2,Land Units;Modifier 2;Patient Evacuation Coordination;Appendices\Land\mod2\10322.svg;Point;Capability : Patient Evacuation Coordination;10322,image file does not exist;
{Symbols_Root}\Appendices\Land\mod2\10332.emf,32,Capability : Preventive Maintenance,Land Units : Modifier 2,Land Units;Modifier 2;Preventive Maintenance;Appendices\Land\mod2\10332.svg;Point;Capability : Preventive Maintenance;10332,image file does not exist;
{Symbols_Root}\Appendices\Land\mod2\10342.emf,32,Capability : Psychological,Land Units : Modifier 2,Land Units;Modifier 2;Psychological;Appendices\Land\mod2\10342.svg;Point;Capability : Psychological;10342,image file does not exist;
{Symbols_Root}\Appendices\Land\mod2\10352.emf,32,Capability : Radio Relay Line of Sight,Land Units : Modifier 2,Land Units;Modifier 2;Radio Relay Line of Sight;Appendices\Land\mod2\10352.svg;Point;Capability : Radio Relay Line of Sight;10352,image file does not exist;
{Symbols_Root}\Appendices\Land\mod2\10362.emf,32,Mobility : Railroad,Land Units : Modifier 2,Land Units;Modifier 2;Railroad;Appendices\Land\mod2\10362.svg;Point;Mobility : Railroad;10362,image file does not exist;
{Symbols_Root}\Appendices\Land\mod2\10372.emf,32,Capability : Recovery (Unmanned Systems),Land Units : Modifier 2,Land Units;Modifier 2;Recovery (Unmanned Systems);Appendices\Land\mod2\10372.svg;Point;Capability : Recovery (Unmanned Systems);10372,image file does not exist;
{Symbols_Root}\Appendices\Land\mod2\10382.emf,32,Capability : Recovery (Maintenance),Land Units : Modifier 2,Land Units;Modifier 2;Recovery (Maintenance);Appendices\Land\mod2\10382.svg;Point;Capability : Recovery (Maintenance);10382,image file does not exist;
{Symbols_Root}\Appendices\Land\mod2\10392.emf,32,Capability : Rescue Coordination Center,Land Units : Modifier 2,Land Units;Modifier 2;Rescue Coordination Center;Appendices\Land\mod2\10392.svg;Point;Capability : Rescue Coordination Center;10392,image file does not exist;
{Symbols_Root}\Appendices\Land\mod2\10402.emf,32,Mobility : Riverine,Land Units : Modifier 2,Land Units;Modifier 2;Riverine;Appendices\Land\mod2\10402.svg;Point;Mobility : Riverine;10402,image file does not exist;
{Symbols_Root}\Appendices\Land\mod2\10412.emf,32,Capability : Single Channel,Land Units : Modifier 2,Land Units;Modifier 2;Single Channel;Appendices\Land\mod2\10412.svg;Point;Capability : Single Channel;10412,image file does not exist;
{Symbols_Root}\Appendices\Land\mod2\10422.emf,32,Mobility : Ski,Land Units : Modifier 2,Land Units;Modifier 2;Ski;Appendices\Land\mod2\10422.svg;Point;Mobility : Ski;10422,image file does not exist;
{Symbols_Root}\Appendices\Land\mod2\10432.emf,32,Capability : Short Range,Land Units : Modifier 2,Land Units;Modifier 2;Short Range;Appendices\Land\mod2\10432.svg;Point;Capability : Short Range;10432,image file does not exist;
{Symbols_Root}\Appendices\Land\mod2\10442.emf,32,Capability : Strategic,Land Units : Modifier 2,Land Units;Modifier 2;Strategic;Appendices\Land\mod2\10442.svg;Point;Capability : Strategic;10442,image file does not exist;
{Symbols_Root}\Appendices\Land\mod2\10452.emf,32,Capability : Support 2,Land Units : Modifier 2,Land Units;Modifier 2;Support;Appendices\Land\mod2\10452.svg;Point;Capability : Support 2;10452,image file does not exist;
{Symbols_Root}\Appendices\Land\mod2\10462.emf,32,Capability : Tactical,Land Units : Modifier 2,Land Units;Modifier 2;Tactical;Appendices\Land\mod2\10462.svg;Point;Capability : Tactical;10462,image file does not exist;
{Symbols_Root}\Appendices\Land\mod2\10472.emf,32,Mobility : Towed,Land Units : Modifier 2,Land Units;Modifier 2;Towed;Appendices\Land\mod2\10472.svg;Point;Mobility : Towed;10472,image file does not exist;
{Symbols_Root}\Appendices\Land\mod2\10482.emf,32,Capability : Troop,Land Units : Modifier 2,Land Units;Modifier 2;Troop;Appendices\Land\mod2\10482.svg;Point;Capability : Troop;10482,image file does not exist;
{Symbols_Root}\Appendices\Land\mod2\10492.emf,32,Mobility : Vertical or Short Take-Off and Landing (VTOL/VSTOL),Land Units : Modifier 2,Land Units;Modifier 2;Vertical or Short Take-Off and Landing (VTOL/VSTOL);Appendices\Land\mod2\10492.svg;Point;Mobility : Vertical or Short Take-Off and Landing (VTOL/VSTOL);10492,image file does not exist;
{Symbols_Root}\Appendices\Land\mod2\10502.emf,32,Capability : Veterinary,Land Units : Modifier 2,Land Units;Modifier 2;Veterinary;Appendices\Land\mod2\10502.svg;Point;Capability : Veterinary;10502,image file does not exist;
{Symbols_Root}\Appendices\Land\mod2\10512.emf,32,Mobility : Wheeled,Land Units : Modifier 2,Land Units;Modifier 2;Wheeled;Appendices\Land\mod2\10512.svg;Point;Mobility : Wheeled;10512,image file does not exist;
{Symbols_Root}\Appendices\Land\mod2\10522.emf,32,Capability : High to Low Altitude,Land Units : Modifier 2,Land Units;Modifier 2;High to Low Altitude;Appendices\Land\mod2\10522.svg;Point;Capability : High to Low Altitude;10522,image file does not exist;
{Symbols_Root}\Appendices\Land\mod2\10532.emf,32,Capability : Medium to Low Altitude,Land Units : Modifier 2,Land Units;Modifier 2;Medium to Low Altitude;Appendices\Land\mod2\10532.svg;Point;Capability : Medium to Low Altitude;10532,image file does not exist;
{Symbols_Root}\Appendices\Land\mod2\10542.emf,32,Capability : Attack 2,Land Units : Modifier 2,Land Units;Modifier 2;Attack;Appendices\Land\mod2\10542.svg;Point;Capability : Attack 2;10542,image file does not exist;
{Symbols_Root}\Appendices\Land\mod2\10552.emf,32,Capability : Refuel,Land Units : Modifier 2,Land Units;Modifier 2;Refuel;Appendices\Land\mod2\10552.svg;Point;Capability : Refuel;10552,image file does not exist;
{Symbols_Root}\Appendices\Land\mod2\10562.emf,32,Capability : Utility 2,Land Units : Modifier 2,Land Units;Modifier 2;Utility;Appendices\Land\mod2\10562.svg;Point;Capability : Utility 2;10562,image file does not exist;
{Symbols_Root}\Appendices\Land\mod2\10572.emf,32,Capability : Combat Search and Rescue,Land Units : Modifier 2,Land Units;Modifier 2;Combat Search and Rescue;Appendices\Land\mod2\10572.svg;Point;Capability : Combat Search and Rescue;10572,image file does not exist;
{Symbols_Root}\Appendices\Land\mod2\11012.emf,32,Organization : Leader or Leadership 2,Land Civilian : Modifier 2,Land Civilian;Modifier 2;Leader or Leadership;Appendices\Land\mod2\11012.svg;Point;Organization : Leader or Leadership 2;11012,image file does not exist;
