filePath,pointSize,styleItemName,styleItemCategory,styleItemTags,notes
{Symbols_Root}\Appendices\ControlMeasures\,32,Command and Control Lines : Boundary,Control Measure : Main Icon,Control Measure;Command and Control Lines;Boundary;Appendices\ControlMeasures\;Line;Command and Control Lines : Boundary;25110100,icon is MAIN;image file does not exist;
{Symbols_Root}\Appendices\ControlMeasures\25110200.emf,32,Command and Control Lines : Light Line,Control Measure : Main Icon,Control Measure;Command and Control Lines;Light Line;Appendices\ControlMeasures\25110200.svg;Line;Command and Control Lines : Light Line;25110200,icon is MAIN;image file does not exist;
{Symbols_Root}\Appendices\ControlMeasures\25140101.emf,32,Maneuver Lines : Forward Line of Troops : Friendly Present,Control Measure : Main Icon,Control Measure;Maneuver Lines;Forward Line of Troops;Friendly Present;Appendices\ControlMeasures\25140101.svg;Line;Maneuver Lines : Forward Line of Troops : Friendly Present;25140101,icon is MAIN;image file does not exist;
{Symbols_Root}\Appendices\ControlMeasures\25140102.emf,32,Maneuver Lines : Forward Line of Troops : Friendly Planned or on Order,Control Measure : Main Icon,Control Measure;Maneuver Lines;Forward Line of Troops;Friendly Planned or on Order;Appendices\ControlMeasures\25140102.svg;Line;Maneuver Lines : Forward Line of Troops : Friendly Planned or on Order;25140102,icon is MAIN;image file does not exist;
{Symbols_Root}\Appendices\ControlMeasures\25140103.emf,32,Maneuver Lines : Forward Line of Troops : Enemy Known,Control Measure : Main Icon,Control Measure;Maneuver Lines;Forward Line of Troops;Enemy Known;Appendices\ControlMeasures\25140103.svg;Line;Maneuver Lines : Forward Line of Troops : Enemy Known;25140103,icon is MAIN;image file does not exist;
{Symbols_Root}\Appendices\ControlMeasures\25140104.emf,32,Maneuver Lines : Forward Line of Troops : Enemy Suspected or Templated,Control Measure : Main Icon,Control Measure;Maneuver Lines;Forward Line of Troops;Enemy Suspected or Templated;Appendices\ControlMeasures\25140104.svg;Line;Maneuver Lines : Forward Line of Troops : Enemy Suspected or Templated;25140104,icon is MAIN;image file does not exist;
{Symbols_Root}\Appendices\ControlMeasures\25140200.emf,32,Maneuver Lines : Line of Contact,Control Measure : Main Icon,Control Measure;Maneuver Lines;Line of Contact;Appendices\ControlMeasures\25140200.svg;Line;Maneuver Lines : Line of Contact;25140200,icon is MAIN;image file does not exist;
{Symbols_Root}\Appendices\ControlMeasures\25140300.emf,32,Maneuver Lines : Phase Line,Control Measure : Main Icon,Control Measure;Maneuver Lines;Phase Line;Appendices\ControlMeasures\25140300.svg;Line;Maneuver Lines : Phase Line;25140300,icon is MAIN;image file does not exist;
{Symbols_Root}\Appendices\ControlMeasures\25140400.emf,32,Maneuver Lines : Forward Edge of the Battle Area,Control Measure : Main Icon,Control Measure;Maneuver Lines;Forward Edge of the Battle Area;Appendices\ControlMeasures\25140400.svg;Line;Maneuver Lines : Forward Edge of the Battle Area;25140400,icon is MAIN;image file does not exist;
{Symbols_Root}\Appendices\ControlMeasures\25140401.emf,32,Maneuver Lines : Forward Edge of the Battle Area : Proposed or On Order,Control Measure : Main Icon,Control Measure;Maneuver Lines;Forward Edge of the Battle Area;Proposed or On Order;Appendices\ControlMeasures\25140401.svg;Line;Maneuver Lines : Forward Edge of the Battle Area : Proposed or On Order;25140401,icon is MAIN;image file does not exist;
{Symbols_Root}\Appendices\ControlMeasures\25140500.emf,32,Maneuver Lines : Principle Direction of Fire,Control Measure : Main Icon,Control Measure;Maneuver Lines;Principle Direction of Fire;Appendices\ControlMeasures\25140500.svg;Line;Maneuver Lines : Principle Direction of Fire;25140500,icon is MAIN;image file does not exist;
{Symbols_Root}\Appendices\ControlMeasures\25140601.emf,32,Maneuver Lines : Direction of Attack : Friendly Aviation,Control Measure : Main Icon,Control Measure;Maneuver Lines;Direction of Attack;Friendly Aviation;Appendices\ControlMeasures\25140601.svg;Line;Maneuver Lines : Direction of Attack : Friendly Aviation;25140601,icon is MAIN;image file does not exist;
{Symbols_Root}\Appendices\ControlMeasures\25140602.emf,32,Maneuver Lines : Direction of Attack : Friendly Direction of Main Attack,Control Measure : Main Icon,Control Measure;Maneuver Lines;Direction of Attack;Friendly Direction of Main Attack;Appendices\ControlMeasures\25140602.svg;Line;Maneuver Lines : Direction of Attack : Friendly Direction of Main Attack;25140602,icon is MAIN;image file does not exist;
{Symbols_Root}\Appendices\ControlMeasures\25140603.emf,32,Maneuver Lines : Direction of Attack : Friendly Direction of Supporting Attack,Control Measure : Main Icon,Control Measure;Maneuver Lines;Direction of Attack;Friendly Direction of Supporting Attack;Appendices\ControlMeasures\25140603.svg;Line;Maneuver Lines : Direction of Attack : Friendly Direction of Supporting Attack;25140603,icon is MAIN;image file does not exist;
{Symbols_Root}\Appendices\ControlMeasures\25140604.emf,32,Maneuver Lines : Direction of Attack : Friendly Planned or On Order,Control Measure : Main Icon,Control Measure;Maneuver Lines;Direction of Attack;Friendly Planned or On Order;Appendices\ControlMeasures\25140604.svg;Line;Maneuver Lines : Direction of Attack : Friendly Planned or On Order;25140604,icon is MAIN;image file does not exist;
{Symbols_Root}\Appendices\ControlMeasures\25140605.emf,32,Maneuver Lines : Direction of Attack : Feint,Control Measure : Main Icon,Control Measure;Maneuver Lines;Direction of Attack;Feint;Appendices\ControlMeasures\25140605.svg;Line;Maneuver Lines : Direction of Attack : Feint;25140605,icon is MAIN;image file does not exist;
{Symbols_Root}\Appendices\ControlMeasures\25140606.emf,32,Maneuver Lines : Direction of Attack : Enemy Confirmed,Control Measure : Main Icon,Control Measure;Maneuver Lines;Direction of Attack;Enemy Confirmed;Appendices\ControlMeasures\25140606.svg;Line;Maneuver Lines : Direction of Attack : Enemy Confirmed;25140606,icon is MAIN;image file does not exist;
{Symbols_Root}\Appendices\ControlMeasures\25140607.emf,32,Maneuver Lines : Direction of Attack : Enemy Templated or Suspected,Control Measure : Main Icon,Control Measure;Maneuver Lines;Direction of Attack;Enemy Templated or Suspected;Appendices\ControlMeasures\25140607.svg;Line;Maneuver Lines : Direction of Attack : Enemy Templated or Suspected;25140607,icon is MAIN;image file does not exist;
{Symbols_Root}\Appendices\ControlMeasures\25140700.emf,32,Maneuver Lines : Final Coordination Line,Control Measure : Main Icon,Control Measure;Maneuver Lines;Final Coordination Line;Appendices\ControlMeasures\25140700.svg;Line;Maneuver Lines : Final Coordination Line;25140700,icon is MAIN;image file does not exist;
{Symbols_Root}\Appendices\ControlMeasures\25140800.emf,32,Maneuver Lines : Infiltration Lane,Control Measure : Main Icon,Control Measure;Maneuver Lines;Infiltration Lane;Appendices\ControlMeasures\25140800.svg;Line;Maneuver Lines : Infiltration Lane;25140800,icon is MAIN;image file does not exist;
{Symbols_Root}\Appendices\ControlMeasures\25140900.emf,32,Maneuver Lines : Limit of Advance,Control Measure : Main Icon,Control Measure;Maneuver Lines;Limit of Advance;Appendices\ControlMeasures\25140900.svg;Line;Maneuver Lines : Limit of Advance;25140900,icon is MAIN;image file does not exist;
{Symbols_Root}\Appendices\ControlMeasures\25141000.emf,32,Maneuver Lines : Line of Departure,Control Measure : Main Icon,Control Measure;Maneuver Lines;Line of Departure;Appendices\ControlMeasures\25141000.svg;Line;Maneuver Lines : Line of Departure;25141000,icon is MAIN;image file does not exist;
{Symbols_Root}\Appendices\ControlMeasures\25141100.emf,32,Maneuver Lines : Line of Departure/Line of Contact,Control Measure : Main Icon,Control Measure;Maneuver Lines;Line of Departure/Line of Contact;Appendices\ControlMeasures\25141100.svg;Line;Maneuver Lines : Line of Departure/Line of Contact;25141100,icon is MAIN;image file does not exist;
{Symbols_Root}\Appendices\ControlMeasures\25141200.emf,32,Maneuver Lines : Probable Line of Deployment,Control Measure : Main Icon,Control Measure;Maneuver Lines;Probable Line of Deployment;Appendices\ControlMeasures\25141200.svg;Line;Maneuver Lines : Probable Line of Deployment;25141200,icon is MAIN;image file does not exist;
{Symbols_Root}\Appendices\ControlMeasures\25141400.emf,32,Maneuver Lines : Bridgehead Line,Control Measure : Main Icon,Control Measure;Maneuver Lines;Bridgehead Line;Appendices\ControlMeasures\25141400.svg;Line;Maneuver Lines : Bridgehead Line;25141400,icon is MAIN;image file does not exist;
{Symbols_Root}\Appendices\ControlMeasures\25141500.emf,32,Maneuver Lines : Holding Line,Control Measure : Main Icon,Control Measure;Maneuver Lines;Holding Line;Appendices\ControlMeasures\25141500.svg;Line;Maneuver Lines : Holding Line;25141500,icon is MAIN;image file does not exist;
{Symbols_Root}\Appendices\ControlMeasures\25141600.emf,32,Maneuver Lines : Release Line,Control Measure : Main Icon,Control Measure;Maneuver Lines;Release Line;Appendices\ControlMeasures\25141600.svg;Line;Maneuver Lines : Release Line;25141600,icon is MAIN;image file does not exist;
{Symbols_Root}\Appendices\ControlMeasures\25141700.emf,32,Maneuver Lines : Ambush,Control Measure : Main Icon,Control Measure;Maneuver Lines;Ambush;Appendices\ControlMeasures\25141700.svg;Line;Maneuver Lines : Ambush;25141700,icon is MAIN;image file does not exist;
{Symbols_Root}\Appendices\ControlMeasures\25151204.emf,32,Maneuver Areas : Battle Position : Contain,Control Measure : Main Icon,Control Measure;Maneuver Areas;Battle Position;Contain;Appendices\ControlMeasures\25151204.svg;Line;Maneuver Areas : Battle Position : Contain;25151204,icon is MAIN;image file does not exist;
{Symbols_Root}\Appendices\ControlMeasures\25151205.emf,32,Maneuver Areas : Battle Position : Retain,Control Measure : Main Icon,Control Measure;Maneuver Areas;Battle Position;Retain;Appendices\ControlMeasures\25151205.svg;Line;Maneuver Areas : Battle Position : Retain;25151205,icon is MAIN;image file does not exist;
{Symbols_Root}\Appendices\ControlMeasures\25151401.emf,32,Maneuver Areas : Axis of Advance : Friendly Airborne/Aviation,Control Measure : Main Icon,Control Measure;Maneuver Areas;Axis of Advance;Friendly Airborne/Aviation;Appendices\ControlMeasures\25151401.svg;Line;Maneuver Areas : Axis of Advance : Friendly Airborne/Aviation;25151401,icon is MAIN;image file does not exist;
{Symbols_Root}\Appendices\ControlMeasures\25151402.emf,32,Maneuver Areas : Axis of Advance : Attack Helicopter,Control Measure : Main Icon,Control Measure;Maneuver Areas;Axis of Advance;Attack Helicopter;Appendices\ControlMeasures\25151402.svg;Line;Maneuver Areas : Axis of Advance : Attack Helicopter;25151402,icon is MAIN;image file does not exist;
{Symbols_Root}\Appendices\ControlMeasures\25151403.emf,32,Maneuver Areas : Axis of Advance : Main Attack,Control Measure : Main Icon,Control Measure;Maneuver Areas;Axis of Advance;Main Attack;Appendices\ControlMeasures\25151403.svg;Line;Maneuver Areas : Axis of Advance : Main Attack;25151403,icon is MAIN;image file does not exist;
{Symbols_Root}\Appendices\ControlMeasures\25151404.emf,32,Maneuver Areas : Axis of Advance : Supporting Attack,Control Measure : Main Icon,Control Measure;Maneuver Areas;Axis of Advance;Supporting Attack;Appendices\ControlMeasures\25151404.svg;Line;Maneuver Areas : Axis of Advance : Supporting Attack;25151404,icon is MAIN;image file does not exist;
{Symbols_Root}\Appendices\ControlMeasures\25151405.emf,32,Maneuver Areas : Axis of Advance : Supporting Attack Planned or On Order,Control Measure : Main Icon,Control Measure;Maneuver Areas;Axis of Advance;Supporting Attack Planned or On Order;Appendices\ControlMeasures\25151405.svg;Line;Maneuver Areas : Axis of Advance : Supporting Attack Planned or On Order;25151405,icon is MAIN;image file does not exist;
{Symbols_Root}\Appendices\ControlMeasures\25151406.emf,32,Maneuver Areas : Axis of Advance : Feint,Control Measure : Main Icon,Control Measure;Maneuver Areas;Axis of Advance;Feint;Appendices\ControlMeasures\25151406.svg;Line;Maneuver Areas : Axis of Advance : Feint;25151406,icon is MAIN;image file does not exist;
{Symbols_Root}\Appendices\ControlMeasures\25151407.emf,32,Maneuver Areas : Axis of Advance : Enemy Confirmed,Control Measure : Main Icon,Control Measure;Maneuver Areas;Axis of Advance;Enemy Confirmed;Appendices\ControlMeasures\25151407.svg;Line;Maneuver Areas : Axis of Advance : Enemy Confirmed;25151407,icon is MAIN;image file does not exist;
{Symbols_Root}\Appendices\ControlMeasures\25151408.emf,32,Maneuver Areas : Axis of Advance : Enemy Templated or Suspected,Control Measure : Main Icon,Control Measure;Maneuver Areas;Axis of Advance;Enemy Templated or Suspected;Appendices\ControlMeasures\25151408.svg;Line;Maneuver Areas : Axis of Advance : Enemy Templated or Suspected;25151408,icon is MAIN;image file does not exist;
{Symbols_Root}\Appendices\ControlMeasures\25152100.emf,32,Maneuver Areas : Support by Fire,Control Measure : Main Icon,Control Measure;Maneuver Areas;Support by Fire;Appendices\ControlMeasures\25152100.svg;Line;Maneuver Areas : Support by Fire;25152100,icon is MAIN;image file does not exist;
{Symbols_Root}\Appendices\ControlMeasures\25152200.emf,32,Maneuver Areas : Search Area/Reconnaissance Area,Control Measure : Main Icon,Control Measure;Maneuver Areas;Search Area/Reconnaissance Area;Appendices\ControlMeasures\25152200.svg;Line;Maneuver Areas : Search Area/Reconnaissance Area;25152200,icon is MAIN;image file does not exist;
{Symbols_Root}\Appendices\ControlMeasures\25190100.emf,32,Airspace Control Lines : Identification Friend or Foe Off Line,Control Measure : Main Icon,Control Measure;Airspace Control Lines;Identification Friend or Foe Off Line;Appendices\ControlMeasures\25190100.svg;Line;Airspace Control Lines : Identification Friend or Foe Off Line;25190100,icon is MAIN;image file does not exist;
{Symbols_Root}\Appendices\ControlMeasures\25190200.emf,32,Airspace Control Lines : Identification Friend or Foe On Line,Control Measure : Main Icon,Control Measure;Airspace Control Lines;Identification Friend or Foe On Line;Appendices\ControlMeasures\25190200.svg;Line;Airspace Control Lines : Identification Friend or Foe On Line;25190200,icon is MAIN;image file does not exist;
{Symbols_Root}\Appendices\ControlMeasures\25218400.emf,32,Maritime Points : Navigational,Control Measure : Main Icon,Control Measure;Maritime Control Points;Navigational;Appendices\ControlMeasures\25218400.svg;Line;Maritime Points : Navigational;25218400,icon is MAIN;image file does not exist;
{Symbols_Root}\Appendices\ControlMeasures\25220100.emf,32,Maritime Lines : Bearing Line,Control Measure : Main Icon,Control Measure;Maritime Control Lines;Bearing Line;Appendices\ControlMeasures\25220100.svg;Line;Maritime Lines : Bearing Line;25220100,icon is MAIN;image file does not exist;
{Symbols_Root}\Appendices\ControlMeasures\25220101.emf,32,Maritime Lines : Bearing Line : Electronic,Control Measure : Main Icon,Control Measure;Maritime Control Lines;Bearing Line;Electronic;Appendices\ControlMeasures\25220101.svg;Line;Maritime Lines : Bearing Line : Electronic;25220101,icon is MAIN;image file does not exist;
{Symbols_Root}\Appendices\ControlMeasures\25220102.emf,32,Maritime Lines : Bearing Line : Electronic Warfare (EW),Control Measure : Main Icon,Control Measure;Maritime Control Lines;Bearing Line;Electronic Warfare (EW);Appendices\ControlMeasures\25220102.svg;Line;Maritime Lines : Bearing Line : Electronic Warfare (EW);25220102,icon is MAIN;image file does not exist;
{Symbols_Root}\Appendices\ControlMeasures\25220103.emf,32,Maritime Lines : Bearing Line : Acoustic,Control Measure : Main Icon,Control Measure;Maritime Control Lines;Bearing Line;Acoustic;Appendices\ControlMeasures\25220103.svg;Line;Maritime Lines : Bearing Line : Acoustic;25220103,icon is MAIN;image file does not exist;
{Symbols_Root}\Appendices\ControlMeasures\25220104.emf,32,Maritime Lines : Bearing Line : Acoustic (Ambiguous),Control Measure : Main Icon,Control Measure;Maritime Control Lines;Bearing Line;Acoustic (Ambiguous);Appendices\ControlMeasures\25220104.svg;Line;Maritime Lines : Bearing Line : Acoustic (Ambiguous);25220104,icon is MAIN;image file does not exist;
{Symbols_Root}\Appendices\ControlMeasures\25220105.emf,32,Maritime Lines : Bearing Line : Torpedo,Control Measure : Main Icon,Control Measure;Maritime Control Lines;Bearing Line;Torpedo;Appendices\ControlMeasures\25220105.svg;Line;Maritime Lines : Bearing Line : Torpedo;25220105,icon is MAIN;image file does not exist;
{Symbols_Root}\Appendices\ControlMeasures\25220106.emf,32,Maritime Lines : Bearing Line : Electro-Optical Intercept,Control Measure : Main Icon,Control Measure;Maritime Control Lines;Bearing Line;Electro-Optical Intercept;Appendices\ControlMeasures\25220106.svg;Line;Maritime Lines : Bearing Line : Electro-Optical Intercept;25220106,icon is MAIN;image file does not exist;
{Symbols_Root}\Appendices\ControlMeasures\25220107.emf,32,Maritime Lines : Bearing Line : Jammer,Control Measure : Main Icon,Control Measure;Maritime Control Lines;Bearing Line;Jammer;Appendices\ControlMeasures\25220107.svg;Line;Maritime Lines : Bearing Line : Jammer;25220107,icon is MAIN;image file does not exist;
{Symbols_Root}\Appendices\ControlMeasures\25220108.emf,32,Maritime Lines : Bearing Line : Radio Direction Finder (RDF),Control Measure : Main Icon,Control Measure;Maritime Control Lines;Bearing Line;Radio Direction Finder (RDF);Appendices\ControlMeasures\25220108.svg;Line;Maritime Lines : Bearing Line : Radio Direction Finder (RDF);25220108,icon is MAIN;image file does not exist;
{Symbols_Root}\Appendices\ControlMeasures\25230100.emf,32,Deception : Decoy/Dummy,Control Measure : Main Icon,Control Measure;Deception;Decoy/Dummy;Appendices\ControlMeasures\25230100.svg;Line;Deception : Decoy/Dummy;25230100,icon is MAIN;image file does not exist;
{Symbols_Root}\Appendices\ControlMeasures\25230200.emf,32,Deception : Decoy/Dummy/Feint,Control Measure : Main Icon,Control Measure;Deception;Decoy/Dummy/Feint;Appendices\ControlMeasures\25230200.svg;Line;Deception : Decoy/Dummy/Feint;25230200,icon is MAIN;image file does not exist;
{Symbols_Root}\Appendices\ControlMeasures\25240701.emf,32,Fires Areas : Linear Targets : Linear Target,Control Measure : Main Icon,Control Measure;Fires Areas;Linear Targets;Linear Target;Appendices\ControlMeasures\25240701.svg;Line;Fires Areas : Linear Targets : Linear Target;25240701,icon is MAIN;image file does not exist;
{Symbols_Root}\Appendices\ControlMeasures\25240702.emf,32,Fires Areas : Linear Targets : Linear Smoke Target,Control Measure : Main Icon,Control Measure;Fires Areas;Linear Targets;Linear Smoke Target;Appendices\ControlMeasures\25240702.svg;Line;Fires Areas : Linear Targets : Linear Smoke Target;25240702,icon is MAIN;image file does not exist;
{Symbols_Root}\Appendices\ControlMeasures\25240703.emf,32,Fires Areas : Linear Targets : Final Protective Fire (FPF),Control Measure : Main Icon,Control Measure;Fires Areas;Linear Targets;Final Protective Fire (FPF);Appendices\ControlMeasures\25240703.svg;Line;Fires Areas : Linear Targets : Final Protective Fire (FPF);25240703,icon is MAIN;image file does not exist;
{Symbols_Root}\Appendices\ControlMeasures\25260100.emf,32,Fire Lines : Fire Support Coordination Line (FSCL),Control Measure : Main Icon,Control Measure;Fire Lines;Fire Support Coordination Line (FSCL);Appendices\ControlMeasures\25260100.svg;Line;Fire Lines : Fire Support Coordination Line (FSCL);25260100,icon is MAIN;image file does not exist;
{Symbols_Root}\Appendices\ControlMeasures\25260200.emf,32,Fire Lines : Coordinated Fire Line (CFL),Control Measure : Main Icon,Control Measure;Fire Lines;Coordinated Fire Line (CFL);Appendices\ControlMeasures\25260200.svg;Line;Fire Lines : Coordinated Fire Line (CFL);25260200,icon is MAIN;image file does not exist;
{Symbols_Root}\Appendices\ControlMeasures\25260300.emf,32,Fire Lines : No Fire Line,Control Measure : Main Icon,Control Measure;Fire Lines;No Fire Line;Appendices\ControlMeasures\25260300.svg;Line;Fire Lines : No Fire Line;25260300,icon is MAIN;image file does not exist;
{Symbols_Root}\Appendices\ControlMeasures\25260400.emf,32,Fire Lines : Battlefield Coordination Line,Control Measure : Main Icon,Control Measure;Fire Lines;Battlefield Coordination Line;Appendices\ControlMeasures\25260400.svg;Line;Fire Lines : Battlefield Coordination Line;25260400,icon is MAIN;image file does not exist;
{Symbols_Root}\Appendices\ControlMeasures\25260500.emf,32,Fire Lines : Restrictive Fire Line,Control Measure : Main Icon,Control Measure;Fire Lines;Restrictive Fire Line;Appendices\ControlMeasures\25260500.svg;Line;Fire Lines : Restrictive Fire Line;25260500,icon is MAIN;image file does not exist;
{Symbols_Root}\Appendices\ControlMeasures\25260600.emf,32,Fire Lines : Munition Flight Path,Control Measure : Main Icon,Control Measure;Fire Lines;Munition Flight Path;Appendices\ControlMeasures\25260600.svg;Line;Fire Lines : Munition Flight Path;25260600,icon is MAIN;image file does not exist;
{Symbols_Root}\Appendices\ControlMeasures\25270501.emf,32,Protection Areas : Obstacle Effects : Block,Control Measure : Main Icon,Control Measure;Protection Areas;Obstacle Effects;Block;Appendices\ControlMeasures\25270501.svg;Line;Protection Areas : Obstacle Effects : Block;25270501,icon is MAIN;image file does not exist;
{Symbols_Root}\Appendices\ControlMeasures\25270502.emf,32,Protection Areas : Obstacle Effects : Disrupt,Control Measure : Main Icon,Control Measure;Protection Areas;Obstacle Effects;Disrupt;Appendices\ControlMeasures\25270502.svg;Line;Protection Areas : Obstacle Effects : Disrupt;25270502,icon is MAIN;image file does not exist;
{Symbols_Root}\Appendices\ControlMeasures\25270503.emf,32,Protection Areas : Obstacle Effects : Fix,Control Measure : Main Icon,Control Measure;Protection Areas;Obstacle Effects;Fix;Appendices\ControlMeasures\25270503.svg;Line;Protection Areas : Obstacle Effects : Fix;25270503,icon is MAIN;image file does not exist;
{Symbols_Root}\Appendices\ControlMeasures\25270504.emf,32,Protection Areas : Obstacle Effects : Turn,Control Measure : Main Icon,Control Measure;Protection Areas;Obstacle Effects;Turn;Appendices\ControlMeasures\25270504.svg;Line;Protection Areas : Obstacle Effects : Turn;25270504,icon is MAIN;image file does not exist;
{Symbols_Root}\Appendices\ControlMeasures\25270601.emf,32,Protection Areas : Obstacle Bypass : Easy,Control Measure : Main Icon,Control Measure;Protection Areas;Obstacle Bypass;Easy;Appendices\ControlMeasures\25270601.svg;Line;Protection Areas : Obstacle Bypass : Easy;25270601,icon is MAIN;image file does not exist;
{Symbols_Root}\Appendices\ControlMeasures\25270602.emf,32,Protection Areas : Obstacle Bypass : Difficult,Control Measure : Main Icon,Control Measure;Protection Areas;Obstacle Bypass;Difficult;Appendices\ControlMeasures\25270602.svg;Line;Protection Areas : Obstacle Bypass : Difficult;25270602,icon is MAIN;image file does not exist;
{Symbols_Root}\Appendices\ControlMeasures\25270603.emf,32,Protection Areas : Obstacle Bypass : Impossible,Control Measure : Main Icon,Control Measure;Protection Areas;Obstacle Bypass;Impossible;Appendices\ControlMeasures\25270603.svg;Line;Protection Areas : Obstacle Bypass : Impossible;25270603,icon is MAIN;image file does not exist;
{Symbols_Root}\Appendices\ControlMeasures\25271201.emf,32,Protection Areas : Roadblocks- Craters and Blown Bridges : Planned,Control Measure : Main Icon,Control Measure;Protection Areas;Roadblocks- Craters and Blown Bridges;Planned;Appendices\ControlMeasures\25271201.svg;Line;Protection Areas : Roadblocks- Craters and Blown Bridges : Planned;25271201,icon is MAIN;image file does not exist;
{Symbols_Root}\Appendices\ControlMeasures\25271202.emf,32,Protection Areas : Roadblocks- Craters and Blown Bridges : Explosives-State of Readiness 1 (Safe),Control Measure : Main Icon,Control Measure;Protection Areas;Roadblocks- Craters and Blown Bridges;Explosives-State of Readiness 1 (Safe);Appendices\ControlMeasures\25271202.svg;Line;Protection Areas : Roadblocks- Craters and Blown Bridges : Explosives-State of Readiness 1 (Safe);25271202,icon is MAIN;image file does not exist;styleItemTags > 255;
{Symbols_Root}\Appendices\ControlMeasures\25271203.emf,32,Protection Areas : Roadblocks- Craters and Blown Bridges : Explosives-State of Readiness 2 (armed but passable),Control Measure : Main Icon,Control Measure;Protection Areas;Roadblocks- Craters and Blown Bridges;Explosives-State of Readiness 2 (armed but passable);Appendices\ControlMeasures\25271203.svg;Line;Protection Areas : Roadblocks- Craters and Blown Bridges : Explosives-State of Readiness 2 (armed but passable);25271203,icon is MAIN;image file does not exist;styleItemTags > 255;
{Symbols_Root}\Appendices\ControlMeasures\25271400.emf,32,Protection Areas : Bridge,Control Measure : Main Icon,Control Measure;Protection Areas;Bridge;Appendices\ControlMeasures\25271400.svg;Line;Protection Areas : Bridge;25271400,icon is MAIN;image file does not exist;
{Symbols_Root}\Appendices\ControlMeasures\25271500.emf,32,Protection Areas : Ford Easy,Control Measure : Main Icon,Control Measure;Protection Areas;Ford Easy;Appendices\ControlMeasures\25271500.svg;Line;Protection Areas : Ford Easy;25271500,icon is MAIN;image file does not exist;
{Symbols_Root}\Appendices\ControlMeasures\25271600.emf,32,Protection Areas : Ford Difficult,Control Measure : Main Icon,Control Measure;Protection Areas;Ford Difficult;Appendices\ControlMeasures\25271600.svg;Line;Protection Areas : Ford Difficult;25271600,icon is MAIN;image file does not exist;
{Symbols_Root}\Appendices\ControlMeasures\25280100.emf,32,Protection Points : Abatis,Control Measure : Main Icon,Control Measure;Protection Points;Abatis;Appendices\ControlMeasures\25280100.svg;Line;Protection Points : Abatis;25280100,icon is MAIN;image file does not exist;
{Symbols_Root}\Appendices\ControlMeasures\25282003.emf,32,Protection Points : Vertical Obstructions : Overhead Wire,Control Measure : Main Icon,Control Measure;Protection Points;Vertical Obstructions;Overhead Wire;Appendices\ControlMeasures\25282003.svg;Line;Protection Points : Vertical Obstructions : Overhead Wire;25282003,icon is MAIN;image file does not exist;
{Symbols_Root}\Appendices\ControlMeasures\25290100.emf,32,Protection Lines : Obstacle Line,Control Measure : Main Icon,Control Measure;Protection Lines;Obstacle Line;Appendices\ControlMeasures\25290100.svg;Line;Protection Lines : Obstacle Line;25290100,icon is MAIN;image file does not exist;
{Symbols_Root}\Appendices\ControlMeasures\25290201.emf,32,Protection Lines : Antitank Obstacles : Under Construction,Control Measure : Main Icon,Control Measure;Protection Lines;Antitank Obstacles;Under Construction;Appendices\ControlMeasures\25290201.svg;Line;Protection Lines : Antitank Obstacles : Under Construction;25290201,icon is MAIN;image file does not exist;
{Symbols_Root}\Appendices\ControlMeasures\25290202.emf,32,Protection Lines : Antitank Obstacles : Completed,Control Measure : Main Icon,Control Measure;Protection Lines;Antitank Obstacles;Completed;Appendices\ControlMeasures\25290202.svg;Line;Protection Lines : Antitank Obstacles : Completed;25290202,icon is MAIN;image file does not exist;
{Symbols_Root}\Appendices\ControlMeasures\25290203.emf,32,Protection Lines : Antitank Obstacles : Reinforced-with Antitank Mines,Control Measure : Main Icon,Control Measure;Protection Lines;Antitank Obstacles;Reinforced-with Antitank Mines;Appendices\ControlMeasures\25290203.svg;Line;Protection Lines : Antitank Obstacles : Reinforced-with Antitank Mines;25290203,icon is MAIN;image file does not exist;
{Symbols_Root}\Appendices\ControlMeasures\25290204.emf,32,Protection Lines : Antitank Obstacles : Antitank Wall,Control Measure : Main Icon,Control Measure;Protection Lines;Antitank Obstacles;Antitank Wall;Appendices\ControlMeasures\25290204.svg;Line;Protection Lines : Antitank Obstacles : Antitank Wall;25290204,icon is MAIN;image file does not exist;
{Symbols_Root}\Appendices\ControlMeasures\25290301.emf,32,Protection Lines : Wire Obstacles : Unspecified Wire,Control Measure : Main Icon,Control Measure;Protection Lines;Wire Obstacles;Unspecified Wire;Appendices\ControlMeasures\25290301.svg;Line;Protection Lines : Wire Obstacles : Unspecified Wire;25290301,icon is MAIN;image file does not exist;
{Symbols_Root}\Appendices\ControlMeasures\25290302.emf,32,Protection Lines : Wire Obstacles : Single Fence Wire,Control Measure : Main Icon,Control Measure;Protection Lines;Wire Obstacles;Single Fence Wire;Appendices\ControlMeasures\25290302.svg;Line;Protection Lines : Wire Obstacles : Single Fence Wire;25290302,icon is MAIN;image file does not exist;
{Symbols_Root}\Appendices\ControlMeasures\25290303.emf,32,Protection Lines : Wire Obstacles : Double Fence Wire,Control Measure : Main Icon,Control Measure;Protection Lines;Wire Obstacles;Double Fence Wire;Appendices\ControlMeasures\25290303.svg;Line;Protection Lines : Wire Obstacles : Double Fence Wire;25290303,icon is MAIN;image file does not exist;
{Symbols_Root}\Appendices\ControlMeasures\25290304.emf,32,Protection Lines : Wire Obstacles : Double Apron Fence,Control Measure : Main Icon,Control Measure;Protection Lines;Wire Obstacles;Double Apron Fence;Appendices\ControlMeasures\25290304.svg;Line;Protection Lines : Wire Obstacles : Double Apron Fence;25290304,icon is MAIN;image file does not exist;
{Symbols_Root}\Appendices\ControlMeasures\25290305.emf,32,Protection Lines : Wire Obstacles : Low Wire Fence,Control Measure : Main Icon,Control Measure;Protection Lines;Wire Obstacles;Low Wire Fence;Appendices\ControlMeasures\25290305.svg;Line;Protection Lines : Wire Obstacles : Low Wire Fence;25290305,icon is MAIN;image file does not exist;
{Symbols_Root}\Appendices\ControlMeasures\25290306.emf,32,Protection Lines : Wire Obstacles : High Wire Fence,Control Measure : Main Icon,Control Measure;Protection Lines;Wire Obstacles;High Wire Fence;Appendices\ControlMeasures\25290306.svg;Line;Protection Lines : Wire Obstacles : High Wire Fence;25290306,icon is MAIN;image file does not exist;
{Symbols_Root}\Appendices\ControlMeasures\25290307.emf,32,Protection Lines : Wire Obstacles : Single Concertina,Control Measure : Main Icon,Control Measure;Protection Lines;Wire Obstacles;Single Concertina;Appendices\ControlMeasures\25290307.svg;Line;Protection Lines : Wire Obstacles : Single Concertina;25290307,icon is MAIN;image file does not exist;
{Symbols_Root}\Appendices\ControlMeasures\25290308.emf,32,Protection Lines : Wire Obstacles : Double Strand Concertina,Control Measure : Main Icon,Control Measure;Protection Lines;Wire Obstacles;Double Strand Concertina;Appendices\ControlMeasures\25290308.svg;Line;Protection Lines : Wire Obstacles : Double Strand Concertina;25290308,icon is MAIN;image file does not exist;
{Symbols_Root}\Appendices\ControlMeasures\25290309.emf,32,Protection Lines : Wire Obstacles : Triple Strand Concertina,Control Measure : Main Icon,Control Measure;Protection Lines;Wire Obstacles;Triple Strand Concertina;Appendices\ControlMeasures\25290309.svg;Line;Protection Lines : Wire Obstacles : Triple Strand Concertina;25290309,icon is MAIN;image file does not exist;
{Symbols_Root}\Appendices\ControlMeasures\25290400.emf,32,Protection Lines : Mine Cluster,Control Measure : Main Icon,Control Measure;Protection Lines;Mine Cluster;Appendices\ControlMeasures\25290400.svg;Line;Protection Lines : Mine Cluster;25290400,icon is MAIN;image file does not exist;
{Symbols_Root}\Appendices\ControlMeasures\25290500.emf,32,Protection Lines : Trip Wire,Control Measure : Main Icon,Control Measure;Protection Lines;Trip Wire;Appendices\ControlMeasures\25290500.svg;Line;Protection Lines : Trip Wire;25290500,icon is MAIN;image file does not exist;
{Symbols_Root}\Appendices\ControlMeasures\25290600.emf,32,Protection Lines : Lane,Control Measure : Main Icon,Control Measure;Protection Lines;Lane;Appendices\ControlMeasures\25290600.svg;Line;Protection Lines : Lane;25290600,icon is MAIN;image file does not exist;
{Symbols_Root}\Appendices\ControlMeasures\25290700.emf,32,Protection Lines : Ferry,Control Measure : Main Icon,Control Measure;Protection Lines;Ferry;Appendices\ControlMeasures\25290700.svg;Line;Protection Lines : Ferry;25290700,icon is MAIN;image file does not exist;
{Symbols_Root}\Appendices\ControlMeasures\25290800.emf,32,Protection Lines : Raft Site,Control Measure : Main Icon,Control Measure;Protection Lines;Raft Site;Appendices\ControlMeasures\25290800.svg;Line;Protection Lines : Raft Site;25290800,icon is MAIN;image file does not exist;
{Symbols_Root}\Appendices\ControlMeasures\25290900.emf,32,Protection Lines : Fortified Line,Control Measure : Main Icon,Control Measure;Protection Lines;Fortified Line;Appendices\ControlMeasures\25290900.svg;Line;Protection Lines : Fortified Line;25290900,icon is MAIN;image file does not exist;
{Symbols_Root}\Appendices\ControlMeasures\25291000.emf,32,Protection Lines : Fortified Position,Control Measure : Main Icon,Control Measure;Protection Lines;Fortified Position;Appendices\ControlMeasures\25291000.svg;Line;Protection Lines : Fortified Position;25291000,icon is MAIN;image file does not exist;
{Symbols_Root}\Appendices\ControlMeasures\25300100.emf,32,Intelligence Lines : Intelligence Coordination Line,Control Measure : Main Icon,Control Measure;Intelligence Lines;Intelligence Coordination Line;Appendices\ControlMeasures\25300100.svg;Line;Intelligence Lines : Intelligence Coordination Line;25300100,icon is MAIN;image file does not exist;
{Symbols_Root}\Appendices\ControlMeasures\25330100.emf,32,Sustainment Lines : Moving Convoy,Control Measure : Main Icon,Control Measure;Sustainment Lines;Moving Convoy;Appendices\ControlMeasures\25330100.svg;Line;Sustainment Lines : Moving Convoy;25330100,icon is MAIN;image file does not exist;
{Symbols_Root}\Appendices\ControlMeasures\25330200.emf,32,Sustainment Lines : Halted Convoy,Control Measure : Main Icon,Control Measure;Sustainment Lines;Halted Convoy;Appendices\ControlMeasures\25330200.svg;Line;Sustainment Lines : Halted Convoy;25330200,icon is MAIN;image file does not exist;
{Symbols_Root}\Appendices\ControlMeasures\25330300.emf,32,Sustainment Lines : Main Supply Route,Control Measure : Main Icon,Control Measure;Sustainment Lines;Main Supply Route;Appendices\ControlMeasures\25330300.svg;Line;Sustainment Lines : Main Supply Route;25330300,icon is MAIN;image file does not exist;
{Symbols_Root}\Appendices\ControlMeasures\25330301.emf,32,Sustainment Lines : Main Supply Route : One Way Traffic,Control Measure : Main Icon,Control Measure;Sustainment Lines;Main Supply Route;One Way Traffic;Appendices\ControlMeasures\25330301.svg;Line;Sustainment Lines : Main Supply Route : One Way Traffic;25330301,icon is MAIN;image file does not exist;
{Symbols_Root}\Appendices\ControlMeasures\25330302.emf,32,Sustainment Lines : Main Supply Route : Two Way Traffic,Control Measure : Main Icon,Control Measure;Sustainment Lines;Main Supply Route;Two Way Traffic;Appendices\ControlMeasures\25330302.svg;Line;Sustainment Lines : Main Supply Route : Two Way Traffic;25330302,icon is MAIN;image file does not exist;
{Symbols_Root}\Appendices\ControlMeasures\25330303.emf,32,Sustainment Lines : Main Supply Route : Alternating Traffic,Control Measure : Main Icon,Control Measure;Sustainment Lines;Main Supply Route;Alternating Traffic;Appendices\ControlMeasures\25330303.svg;Line;Sustainment Lines : Main Supply Route : Alternating Traffic;25330303,icon is MAIN;image file does not exist;
{Symbols_Root}\Appendices\ControlMeasures\25330400.emf,32,Sustainment Lines : Alternate Supply Route,Control Measure : Main Icon,Control Measure;Sustainment Lines;Alternate Supply Route;Appendices\ControlMeasures\25330400.svg;Line;Sustainment Lines : Alternate Supply Route;25330400,icon is MAIN;image file does not exist;
{Symbols_Root}\Appendices\ControlMeasures\25330401.emf,32,Sustainment Lines : Alternate Supply Route : One Way Traffic,Control Measure : Main Icon,Control Measure;Sustainment Lines;Alternate Supply Route;One Way Traffic;Appendices\ControlMeasures\25330401.svg;Line;Sustainment Lines : Alternate Supply Route : One Way Traffic;25330401,icon is MAIN;image file does not exist;
{Symbols_Root}\Appendices\ControlMeasures\25330402.emf,32,Sustainment Lines : Alternate Supply Route : Two Way Traffic,Control Measure : Main Icon,Control Measure;Sustainment Lines;Alternate Supply Route;Two Way Traffic;Appendices\ControlMeasures\25330402.svg;Line;Sustainment Lines : Alternate Supply Route : Two Way Traffic;25330402,icon is MAIN;image file does not exist;
{Symbols_Root}\Appendices\ControlMeasures\25330403.emf,32,Sustainment Lines : Alternate Supply Route : Alternating Traffic,Control Measure : Main Icon,Control Measure;Sustainment Lines;Alternate Supply Route;Alternating Traffic;Appendices\ControlMeasures\25330403.svg;Line;Sustainment Lines : Alternate Supply Route : Alternating Traffic;25330403,icon is MAIN;image file does not exist;
{Symbols_Root}\Appendices\ControlMeasures\25340100.emf,32,Mission Tasks : Block,Control Measure : Main Icon,Control Measure;Mission Tasks;Block;Appendices\ControlMeasures\25340100.svg;Line;Mission Tasks : Block;25340100,icon is MAIN;image file does not exist;
{Symbols_Root}\Appendices\ControlMeasures\25340200.emf,32,Mission Tasks : Breach,Control Measure : Main Icon,Control Measure;Mission Tasks;Breach;Appendices\ControlMeasures\25340200.svg;Line;Mission Tasks : Breach;25340200,icon is MAIN;image file does not exist;
{Symbols_Root}\Appendices\ControlMeasures\25340300.emf,32,Mission Tasks : Bypass,Control Measure : Main Icon,Control Measure;Mission Tasks;Bypass;Appendices\ControlMeasures\25340300.svg;Line;Mission Tasks : Bypass;25340300,icon is MAIN;image file does not exist;
{Symbols_Root}\Appendices\ControlMeasures\25340400.emf,32,Mission Tasks : Canalize,Control Measure : Main Icon,Control Measure;Mission Tasks;Canalize;Appendices\ControlMeasures\25340400.svg;Line;Mission Tasks : Canalize;25340400,icon is MAIN;image file does not exist;
{Symbols_Root}\Appendices\ControlMeasures\25340500.emf,32,Mission Tasks : Clear,Control Measure : Main Icon,Control Measure;Mission Tasks;Clear;Appendices\ControlMeasures\25340500.svg;Line;Mission Tasks : Clear;25340500,icon is MAIN;image file does not exist;
{Symbols_Root}\Appendices\ControlMeasures\25340600.emf,32,Mission Tasks : Counterattack,Control Measure : Main Icon,Control Measure;Mission Tasks;Counterattack;Appendices\ControlMeasures\25340600.svg;Line;Mission Tasks : Counterattack;25340600,icon is MAIN;image file does not exist;
{Symbols_Root}\Appendices\ControlMeasures\25340700.emf,32,Mission Tasks : Counterattack by Fire,Control Measure : Main Icon,Control Measure;Mission Tasks;Counterattack by Fire;Appendices\ControlMeasures\25340700.svg;Line;Mission Tasks : Counterattack by Fire;25340700,icon is MAIN;image file does not exist;
{Symbols_Root}\Appendices\ControlMeasures\25340800.emf,32,Mission Tasks : Delay,Control Measure : Main Icon,Control Measure;Mission Tasks;Delay;Appendices\ControlMeasures\25340800.svg;Line;Mission Tasks : Delay;25340800,icon is MAIN;image file does not exist;
{Symbols_Root}\Appendices\ControlMeasures\25340900.emf,32,Mission Tasks : Destroy,Control Measure : Main Icon,Control Measure;Mission Tasks;Destroy;Appendices\ControlMeasures\25340900.svg;Line;Mission Tasks : Destroy;25340900,icon is MAIN;image file does not exist;
{Symbols_Root}\Appendices\ControlMeasures\25341000.emf,32,Mission Tasks : Disrupt,Control Measure : Main Icon,Control Measure;Mission Tasks;Disrupt;Appendices\ControlMeasures\25341000.svg;Line;Mission Tasks : Disrupt;25341000,icon is MAIN;image file does not exist;
{Symbols_Root}\Appendices\ControlMeasures\25341100.emf,32,Mission Tasks : Fix,Control Measure : Main Icon,Control Measure;Mission Tasks;Fix;Appendices\ControlMeasures\25341100.svg;Line;Mission Tasks : Fix;25341100,icon is MAIN;image file does not exist;
{Symbols_Root}\Appendices\ControlMeasures\25341200.emf,32,Mission Tasks : Follow and Assume,Control Measure : Main Icon,Control Measure;Mission Tasks;Follow and Assume;Appendices\ControlMeasures\25341200.svg;Line;Mission Tasks : Follow and Assume;25341200,icon is MAIN;image file does not exist;
{Symbols_Root}\Appendices\ControlMeasures\25341300.emf,32,Mission Tasks : Follow and Support,Control Measure : Main Icon,Control Measure;Mission Tasks;Follow and Support;Appendices\ControlMeasures\25341300.svg;Line;Mission Tasks : Follow and Support;25341300,icon is MAIN;image file does not exist;
{Symbols_Root}\Appendices\ControlMeasures\25341400.emf,32,Mission Tasks : Interdict,Control Measure : Main Icon,Control Measure;Mission Tasks;Interdict;Appendices\ControlMeasures\25341400.svg;Line;Mission Tasks : Interdict;25341400,icon is MAIN;image file does not exist;
{Symbols_Root}\Appendices\ControlMeasures\25341500.emf,32,Mission Tasks : Isolate,Control Measure : Main Icon,Control Measure;Mission Tasks;Isolate;Appendices\ControlMeasures\25341500.svg;Line;Mission Tasks : Isolate;25341500,icon is MAIN;image file does not exist;
{Symbols_Root}\Appendices\ControlMeasures\25341700.emf,32,Mission Tasks : Occupy,Control Measure : Main Icon,Control Measure;Mission Tasks;Occupy;Appendices\ControlMeasures\25341700.svg;Line;Mission Tasks : Occupy;25341700,icon is MAIN;image file does not exist;
{Symbols_Root}\Appendices\ControlMeasures\25341800.emf,32,Mission Tasks : Penetrate,Control Measure : Main Icon,Control Measure;Mission Tasks;Penetrate;Appendices\ControlMeasures\25341800.svg;Line;Mission Tasks : Penetrate;25341800,icon is MAIN;image file does not exist;
{Symbols_Root}\Appendices\ControlMeasures\25341900.emf,32,Mission Tasks : Relief in Place (RIP),Control Measure : Main Icon,Control Measure;Mission Tasks;Relief in Place (RIP);Appendices\ControlMeasures\25341900.svg;Line;Mission Tasks : Relief in Place (RIP);25341900,icon is MAIN;image file does not exist;
{Symbols_Root}\Appendices\ControlMeasures\25342000.emf,32,Mission Tasks : Retire/Retirement,Control Measure : Main Icon,Control Measure;Mission Tasks;Retire/Retirement;Appendices\ControlMeasures\25342000.svg;Line;Mission Tasks : Retire/Retirement;25342000,icon is MAIN;image file does not exist;
{Symbols_Root}\Appendices\ControlMeasures\25342100.emf,32,Mission Tasks : Secure,Control Measure : Main Icon,Control Measure;Mission Tasks;Secure;Appendices\ControlMeasures\25342100.svg;Line;Mission Tasks : Secure;25342100,icon is MAIN;image file does not exist;
{Symbols_Root}\Appendices\ControlMeasures\25342201.emf,32,Mission Tasks : Security : Cover,Control Measure : Main Icon,Control Measure;Mission Tasks;Security;Cover;Appendices\ControlMeasures\25342201.svg;Line;Mission Tasks : Security : Cover;25342201,icon is MAIN;image file does not exist;
{Symbols_Root}\Appendices\ControlMeasures\25342202.emf,32,Mission Tasks : Security : Guard,Control Measure : Main Icon,Control Measure;Mission Tasks;Security;Guard;Appendices\ControlMeasures\25342202.svg;Line;Mission Tasks : Security : Guard;25342202,icon is MAIN;image file does not exist;
{Symbols_Root}\Appendices\ControlMeasures\25342203.emf,32,Mission Tasks : Security : Screen,Control Measure : Main Icon,Control Measure;Mission Tasks;Security;Screen;Appendices\ControlMeasures\25342203.svg;Line;Mission Tasks : Security : Screen;25342203,icon is MAIN;image file does not exist;
{Symbols_Root}\Appendices\ControlMeasures\25342300.emf,32,Mission Tasks : Seize,Control Measure : Main Icon,Control Measure;Mission Tasks;Seize;Appendices\ControlMeasures\25342300.svg;Line;Mission Tasks : Seize;25342300,icon is MAIN;image file does not exist;
{Symbols_Root}\Appendices\ControlMeasures\25342400.emf,32,Mission Tasks : Withdraw,Control Measure : Main Icon,Control Measure;Mission Tasks;Withdraw;Appendices\ControlMeasures\25342400.svg;Line;Mission Tasks : Withdraw;25342400,icon is MAIN;image file does not exist;
{Symbols_Root}\Appendices\ControlMeasures\25342500.emf,32,Mission Tasks : Withdraw Under Pressure,Control Measure : Main Icon,Control Measure;Mission Tasks;Withdraw Under Pressure;Appendices\ControlMeasures\25342500.svg;Line;Mission Tasks : Withdraw Under Pressure;25342500,icon is MAIN;image file does not exist;
