filePath,pointSize,styleItemName,styleItemCategory,styleItemTags,notes
{Symbols_Root}\Appendices\ControlMeasures\25120400.emf,32,Command and Control Areas : Airfield Zone,Control Measure : Main Icon,Control Measure;Command and Control Areas;Airfield Zone;Appendices\ControlMeasures\25120400.svg;Point;Command and Control Areas : Airfield Zone;25120400,icon is MAIN;image file does not exist;
{Symbols_Root}\Appendices\ControlMeasures\25130100.emf,32,Command and Control Points : Action Point (General),Control Measure : Main Icon,Control Measure;Command and Control Points;Action Point (General);Appendices\ControlMeasures\25130100.svg;Point;Command and Control Points : Action Point (General);25130100,icon is MAIN;image file does not exist;
{Symbols_Root}\Appendices\ControlMeasures\25130200.emf,32,Command and Control Points : Amnesty Point,Control Measure : Main Icon,Control Measure;Command and Control Points;Amnesty Point;Appendices\ControlMeasures\25130200.svg;Point;Command and Control Points : Amnesty Point;25130200,icon is MAIN;image file does not exist;
{Symbols_Root}\Appendices\ControlMeasures\25130300.emf,32,Command and Control Points : Checkpoint,Control Measure : Main Icon,Control Measure;Command and Control Points;Checkpoint;Appendices\ControlMeasures\25130300.svg;Point;Command and Control Points : Checkpoint;25130300,icon is MAIN;image file does not exist;
{Symbols_Root}\Appendices\ControlMeasures\25130400.emf,32,Command and Control Points : Center of Main Effort,Control Measure : Main Icon,Control Measure;Command and Control Points;Center of Main Effort;Appendices\ControlMeasures\25130400.svg;Point;Command and Control Points : Center of Main Effort;25130400,icon is MAIN;image file does not exist;
{Symbols_Root}\Appendices\ControlMeasures\25130500.emf,32,Command and Control Points : Contact Point,Control Measure : Main Icon,Control Measure;Command and Control Points;Contact Point;Appendices\ControlMeasures\25130500.svg;Point;Command and Control Points : Contact Point;25130500,icon is MAIN;image file does not exist;
{Symbols_Root}\Appendices\ControlMeasures\25130600.emf,32,Command and Control Points : Coordinating Point,Control Measure : Main Icon,Control Measure;Command and Control Points;Coordinating Point;Appendices\ControlMeasures\25130600.svg;Point;Command and Control Points : Coordinating Point;25130600,icon is MAIN;image file does not exist;
{Symbols_Root}\Appendices\ControlMeasures\25130700.emf,32,Command and Control Points : Decision Point,Control Measure : Main Icon,Control Measure;Command and Control Points;Decision Point;Appendices\ControlMeasures\25130700.svg;Point;Command and Control Points : Decision Point;25130700,icon is MAIN;image file does not exist;
{Symbols_Root}\Appendices\ControlMeasures\25130800.emf,32,Command and Control Points : Distress Call,Control Measure : Main Icon,Control Measure;Command and Control Points;Distress Call;Appendices\ControlMeasures\25130800.svg;Point;Command and Control Points : Distress Call;25130800,icon is MAIN;image file does not exist;
{Symbols_Root}\Appendices\ControlMeasures\25130900.emf,32,Command and Control Points : Entry Control Point,Control Measure : Main Icon,Control Measure;Command and Control Points;Entry Control Point;Appendices\ControlMeasures\25130900.svg;Point;Command and Control Points : Entry Control Point;25130900,icon is MAIN;image file does not exist;
{Symbols_Root}\Appendices\ControlMeasures\25131001.emf,32,Command and Control Points : Fly-To-Point : Fly-To-Point (Sonobuoy),Control Measure : Main Icon,Control Measure;Command and Control Points;Fly-To-Point;Fly-To-Point (Sonobuoy);Appendices\ControlMeasures\25131001.svg;Point;Command and Control Points : Fly-To-Point : Fly-To-Point (Sonobuoy);25131001,icon is MAIN;image file does not exist;
{Symbols_Root}\Appendices\ControlMeasures\25131002.emf,32,Command and Control Points : Fly-To-Point : Fly-To-Point (Weapon),Control Measure : Main Icon,Control Measure;Command and Control Points;Fly-To-Point;Fly-To-Point (Weapon);Appendices\ControlMeasures\25131002.svg;Point;Command and Control Points : Fly-To-Point : Fly-To-Point (Weapon);25131002,icon is MAIN;image file does not exist;
{Symbols_Root}\Appendices\ControlMeasures\25131003.emf,32,Command and Control Points : Fly-To-Point : Fly-To-Point (Normal),Control Measure : Main Icon,Control Measure;Command and Control Points;Fly-To-Point;Fly-To-Point (Normal);Appendices\ControlMeasures\25131003.svg;Point;Command and Control Points : Fly-To-Point : Fly-To-Point (Normal);25131003,icon is MAIN;image file does not exist;
{Symbols_Root}\Appendices\ControlMeasures\25131100.emf,32,Command and Control Points : Linkup Point,Control Measure : Main Icon,Control Measure;Command and Control Points;Linkup Point;Appendices\ControlMeasures\25131100.svg;Point;Command and Control Points : Linkup Point;25131100,icon is MAIN;image file does not exist;
{Symbols_Root}\Appendices\ControlMeasures\25131200.emf,32,Command and Control Points : Passage Point,Control Measure : Main Icon,Control Measure;Command and Control Points;Passage Point;Appendices\ControlMeasures\25131200.svg;Point;Command and Control Points : Passage Point;25131200,icon is MAIN;image file does not exist;
{Symbols_Root}\Appendices\ControlMeasures\25131300.emf,32,Command and Control Points : Point of Interest,Control Measure : Main Icon,Control Measure;Command and Control Points;Point of Interest;Appendices\ControlMeasures\25131300.svg;Point;Command and Control Points : Point of Interest;25131300,icon is MAIN;image file does not exist;
{Symbols_Root}\Appendices\ControlMeasures\25131301.emf,32,Command and Control Points : Point of Interest : Launch Event (Point of Interest),Control Measure : Main Icon,Control Measure;Command and Control Points;Point of Interest;Launch Event (Point of Interest);Appendices\ControlMeasures\25131301.svg;Point;Command and Control Points : Point of Interest : Launch Event (Point of Interest);25131301,icon is MAIN;image file does not exist;
{Symbols_Root}\Appendices\ControlMeasures\25131400.emf,32,Command and Control Points : Rally Point,Control Measure : Main Icon,Control Measure;Command and Control Points;Rally Point;Appendices\ControlMeasures\25131400.svg;Point;Command and Control Points : Rally Point;25131400,icon is MAIN;image file does not exist;
{Symbols_Root}\Appendices\ControlMeasures\25131500.emf,32,Command and Control Points : Release Point,Control Measure : Main Icon,Control Measure;Command and Control Points;Release Point;Appendices\ControlMeasures\25131500.svg;Point;Command and Control Points : Release Point;25131500,icon is MAIN;image file does not exist;
{Symbols_Root}\Appendices\ControlMeasures\25131600.emf,32,Command and Control Points : Start Point,Control Measure : Main Icon,Control Measure;Command and Control Points;Start Point;Appendices\ControlMeasures\25131600.svg;Point;Command and Control Points : Start Point;25131600,icon is MAIN;image file does not exist;
{Symbols_Root}\Appendices\ControlMeasures\25131700.emf,32,Command and Control Points : Special Point,Control Measure : Main Icon,Control Measure;Command and Control Points;Special Point;Appendices\ControlMeasures\25131700.svg;Point;Command and Control Points : Special Point;25131700,icon is MAIN;image file does not exist;
{Symbols_Root}\Appendices\ControlMeasures\25131800.emf,32,Command and Control Points : Waypoint,Control Measure : Main Icon,Control Measure;Command and Control Points;Waypoint;Appendices\ControlMeasures\25131800.svg;Point;Command and Control Points : Waypoint;25131800,icon is MAIN;image file does not exist;
{Symbols_Root}\Appendices\ControlMeasures\25131900.emf,32,Command and Control Points : Airfield,Control Measure : Main Icon,Control Measure;Command and Control Points;Airfield;Appendices\ControlMeasures\25131900.svg;Point;Command and Control Points : Airfield;25131900,icon is MAIN;image file does not exist;
{Symbols_Root}\Appendices\ControlMeasures\25160100.emf,32,Maneuver Points : Observation Post/Outpost (Unspecified),Control Measure : Main Icon,Control Measure;Maneuver Points;Observation Post/Outpost (Unspecified);Appendices\ControlMeasures\25160100.svg;Point;Maneuver Points : Observation Post/Outpost (Unspecified);25160100,icon is MAIN;image file does not exist;
{Symbols_Root}\Appendices\ControlMeasures\25160200.emf,32,Maneuver Points : Observation Post/Outpost (Specified),Control Measure : Main Icon,Control Measure;Maneuver Points;Observation Post/Outpost (Specified);Appendices\ControlMeasures\25160200.svg;Point;Maneuver Points : Observation Post/Outpost (Specified);25160200,icon is MAIN;image file does not exist;
{Symbols_Root}\Appendices\ControlMeasures\25160201.emf,32,Maneuver Points : Observation Post/Outpost (Specified) : Reconnaissance Outpost,Control Measure : Main Icon,Control Measure;Maneuver Points;Observation Post/Outpost (Specified);Reconnaissance Outpost;Appendices\ControlMeasures\25160201.svg;Point;Maneuver Points : Observation Post/Outpost (Specified) : Reconnaissance Outpost;25160201,icon is MAIN;image file does not exist;
{Symbols_Root}\Appendices\ControlMeasures\25160202.emf,32,Maneuver Points : Observation Post/Outpost (Specified) : Forward Observer Outpost,Control Measure : Main Icon,Control Measure;Maneuver Points;Observation Post/Outpost (Specified);Forward Observer Outpost;Appendices\ControlMeasures\25160202.svg;Point;Maneuver Points : Observation Post/Outpost (Specified) : Forward Observer Outpost;25160202,icon is MAIN;image file does not exist;
{Symbols_Root}\Appendices\ControlMeasures\25160203.emf,32,Maneuver Points : Observation Post/Outpost (Specified) : CBRN Observation Outpost,Control Measure : Main Icon,Control Measure;Maneuver Points;Observation Post/Outpost (Specified);CBRN Observation Outpost;Appendices\ControlMeasures\25160203.svg;Point;Maneuver Points : Observation Post/Outpost (Specified) : CBRN Observation Outpost;25160203,icon is MAIN;image file does not exist;
{Symbols_Root}\Appendices\ControlMeasures\25160204.emf,32,Maneuver Points : Observation Post/Outpost (Specified) : Sensor Outpost/Listening Post,Control Measure : Main Icon,Control Measure;Maneuver Points;Observation Post/Outpost (Specified);Sensor Outpost/Listening Post;Appendices\ControlMeasures\25160204.svg;Point;Maneuver Points : Observation Post/Outpost (Specified) : Sensor Outpost/Listening Post;25160204,icon is MAIN;image file does not exist;
{Symbols_Root}\Appendices\ControlMeasures\25160205.emf,32,Maneuver Points : Observation Post/Outpost (Specified) : Combat Outpost,Control Measure : Main Icon,Control Measure;Maneuver Points;Observation Post/Outpost (Specified);Combat Outpost;Appendices\ControlMeasures\25160205.svg;Point;Maneuver Points : Observation Post/Outpost (Specified) : Combat Outpost;25160205,icon is MAIN;image file does not exist;
{Symbols_Root}\Appendices\ControlMeasures\25160300.emf,32,Maneuver Points : Target Reference Point,Control Measure : Main Icon,Control Measure;Maneuver Points;Target Reference Point;Appendices\ControlMeasures\25160300.svg;Point;Maneuver Points : Target Reference Point;25160300,icon is MAIN;image file does not exist;
{Symbols_Root}\Appendices\ControlMeasures\25160400.emf,32,Maneuver Points : Point of Departure,Control Measure : Main Icon,Control Measure;Maneuver Points;Point of Departure;Appendices\ControlMeasures\25160400.svg;Point;Maneuver Points : Point of Departure;25160400,icon is MAIN;image file does not exist;
{Symbols_Root}\Appendices\ControlMeasures\25180000.emf,32,Airspace Control Points,Control Measure : Main Icon,Control Measure;Airspace Control Points;Appendices\ControlMeasures\25180000.svg;Point;Airspace Control Points;25180000,icon is MAIN;image file does not exist;
{Symbols_Root}\Appendices\ControlMeasures\25180100.emf,32,Airspace Control Points : Air Control Point,Control Measure : Main Icon,Control Measure;Airspace Control Points;Air Control Point;Appendices\ControlMeasures\25180100.svg;Point;Airspace Control Points : Air Control Point;25180100,icon is MAIN;image file does not exist;
{Symbols_Root}\Appendices\ControlMeasures\25180200.emf,32,Airspace Control Points : Communications Checkpoint,Control Measure : Main Icon,Control Measure;Airspace Control Points;Communications Checkpoint;Appendices\ControlMeasures\25180200.svg;Point;Airspace Control Points : Communications Checkpoint;25180200,icon is MAIN;image file does not exist;
{Symbols_Root}\Appendices\ControlMeasures\25180300.emf,32,Airspace Control Points : Downed Aircraft Pick-up Point,Control Measure : Main Icon,Control Measure;Airspace Control Points;Downed Aircraft Pick-up Point;Appendices\ControlMeasures\25180300.svg;Point;Airspace Control Points : Downed Aircraft Pick-up Point;25180300,icon is MAIN;image file does not exist;
{Symbols_Root}\Appendices\ControlMeasures\25180400.emf,32,Airspace Control Points : Pop-up Point,Control Measure : Main Icon,Control Measure;Airspace Control Points;Pop-up Point;Appendices\ControlMeasures\25180400.svg;Point;Airspace Control Points : Pop-up Point;25180400,icon is MAIN;image file does not exist;
{Symbols_Root}\Appendices\ControlMeasures\25180500.emf,32,Airspace Control Points : Air Control Rendezvous,Control Measure : Main Icon,Control Measure;Airspace Control Points;Air Control Rendezvous;Appendices\ControlMeasures\25180500.svg;Point;Airspace Control Points : Air Control Rendezvous;25180500,icon is MAIN;image file does not exist;
{Symbols_Root}\Appendices\ControlMeasures\25180600.emf,32,Airspace Control Points : TACAN,Control Measure : Main Icon,Control Measure;Airspace Control Points;TACAN;Appendices\ControlMeasures\25180600.svg;Point;Airspace Control Points : TACAN;25180600,icon is MAIN;image file does not exist;
{Symbols_Root}\Appendices\ControlMeasures\25180700.emf,32,Airspace Control Points : CAP Station,Control Measure : Main Icon,Control Measure;Airspace Control Points;CAP Station;Appendices\ControlMeasures\25180700.svg;Point;Airspace Control Points : CAP Station;25180700,icon is MAIN;image file does not exist;
{Symbols_Root}\Appendices\ControlMeasures\25180800.emf,32,Airspace Control Points : AEW Station,Control Measure : Main Icon,Control Measure;Airspace Control Points;AEW Station;Appendices\ControlMeasures\25180800.svg;Point;Airspace Control Points : AEW Station;25180800,icon is MAIN;image file does not exist;
{Symbols_Root}\Appendices\ControlMeasures\25180900.emf,32,Airspace Control Points : ASW (Helo and F/W) Station,Control Measure : Main Icon,Control Measure;Airspace Control Points;ASW (Helo and F/W) Station;Appendices\ControlMeasures\25180900.svg;Point;Airspace Control Points : ASW (Helo and F/W) Station;25180900,icon is MAIN;image file does not exist;
{Symbols_Root}\Appendices\ControlMeasures\25181000.emf,32,Airspace Control Points : Strike Initial Point,Control Measure : Main Icon,Control Measure;Airspace Control Points;Strike Initial Point;Appendices\ControlMeasures\25181000.svg;Point;Airspace Control Points : Strike Initial Point;25181000,icon is MAIN;image file does not exist;
{Symbols_Root}\Appendices\ControlMeasures\25181100.emf,32,Airspace Control Points : Replemenshment Station,Control Measure : Main Icon,Control Measure;Airspace Control Points;Replemenshment Station;Appendices\ControlMeasures\25181100.svg;Point;Airspace Control Points : Replemenshment Station;25181100,icon is MAIN;image file does not exist;
{Symbols_Root}\Appendices\ControlMeasures\25181200.emf,32,Airspace Control Points : Tanking,Control Measure : Main Icon,Control Measure;Airspace Control Points;Tanking;Appendices\ControlMeasures\25181200.svg;Point;Airspace Control Points : Tanking;25181200,icon is MAIN;image file does not exist;
{Symbols_Root}\Appendices\ControlMeasures\25181300.emf,32,Airspace Control Points : Antisubmarine Warfare- Rotary Wing,Control Measure : Main Icon,Control Measure;Airspace Control Points;Antisubmarine Warfare- Rotary Wing;Appendices\ControlMeasures\25181300.svg;Point;Airspace Control Points : Antisubmarine Warfare- Rotary Wing;25181300,icon is MAIN;image file does not exist;
{Symbols_Root}\Appendices\ControlMeasures\25181400.emf,32,Airspace Control Points : SUCAP - Fixed Wing,Control Measure : Main Icon,Control Measure;Airspace Control Points;SUCAP - Fixed Wing;Appendices\ControlMeasures\25181400.svg;Point;Airspace Control Points : SUCAP - Fixed Wing;25181400,icon is MAIN;image file does not exist;
{Symbols_Root}\Appendices\ControlMeasures\25181500.emf,32,Airspace Control Points : SUCAP - Rotary Wing,Control Measure : Main Icon,Control Measure;Airspace Control Points;SUCAP - Rotary Wing;Appendices\ControlMeasures\25181500.svg;Point;Airspace Control Points : SUCAP - Rotary Wing;25181500,icon is MAIN;image file does not exist;
{Symbols_Root}\Appendices\ControlMeasures\25181600.emf,32,Airspace Control Points : MIW - Fixed Wing,Control Measure : Main Icon,Control Measure;Airspace Control Points;MIW - Fixed Wing;Appendices\ControlMeasures\25181600.svg;Point;Airspace Control Points : MIW - Fixed Wing;25181600,icon is MAIN;image file does not exist;
{Symbols_Root}\Appendices\ControlMeasures\25181700.emf,32,Airspace Control Points : MIW - Rotary Wing,Control Measure : Main Icon,Control Measure;Airspace Control Points;MIW - Rotary Wing;Appendices\ControlMeasures\25181700.svg;Point;Airspace Control Points : MIW - Rotary Wing;25181700,icon is MAIN;image file does not exist;
{Symbols_Root}\Appendices\ControlMeasures\25181800.emf,32,Airspace Control Points : Tomcat,Control Measure : Main Icon,Control Measure;Airspace Control Points;Tomcat;Appendices\ControlMeasures\25181800.svg;Point;Airspace Control Points : Tomcat;25181800,icon is MAIN;image file does not exist;
{Symbols_Root}\Appendices\ControlMeasures\25181900.emf,32,Airspace Control Points : Rescue,Control Measure : Main Icon,Control Measure;Airspace Control Points;Rescue;Appendices\ControlMeasures\25181900.svg;Point;Airspace Control Points : Rescue;25181900,icon is MAIN;image file does not exist;
{Symbols_Root}\Appendices\ControlMeasures\25182000.emf,32,Airspace Control Points : Unmanned Aerial System (UAS/UA),Control Measure : Main Icon,Control Measure;Airspace Control Points;Unmanned Aerial System (UAS/UA);Appendices\ControlMeasures\25182000.svg;Point;Airspace Control Points : Unmanned Aerial System (UAS/UA);25182000,icon is MAIN;image file does not exist;
{Symbols_Root}\Appendices\ControlMeasures\25182100.emf,32,Airspace Control Points : VTUA,Control Measure : Main Icon,Control Measure;Airspace Control Points;VTUA;Appendices\ControlMeasures\25182100.svg;Point;Airspace Control Points : VTUA;25182100,icon is MAIN;image file does not exist;
{Symbols_Root}\Appendices\ControlMeasures\25182200.emf,32,Airspace Control Points : Orbit,Control Measure : Main Icon,Control Measure;Airspace Control Points;Orbit;Appendices\ControlMeasures\25182200.svg;Point;Airspace Control Points : Orbit;25182200,icon is MAIN;image file does not exist;
{Symbols_Root}\Appendices\ControlMeasures\25182300.emf,32,Airspace Control Points : Orbit - Figure Eight,Control Measure : Main Icon,Control Measure;Airspace Control Points;Orbit - Figure Eight;Appendices\ControlMeasures\25182300.svg;Point;Airspace Control Points : Orbit - Figure Eight;25182300,icon is MAIN;image file does not exist;
{Symbols_Root}\Appendices\ControlMeasures\25182400.emf,32,Airspace Control Points : Orbit - Race Track,Control Measure : Main Icon,Control Measure;Airspace Control Points;Orbit - Race Track;Appendices\ControlMeasures\25182400.svg;Point;Airspace Control Points : Orbit - Race Track;25182400,icon is MAIN;image file does not exist;
{Symbols_Root}\Appendices\ControlMeasures\25182500.emf,32,Airspace Control Points : Orbit - Random Closed,Control Measure : Main Icon,Control Measure;Airspace Control Points;Orbit - Random Closed;Appendices\ControlMeasures\25182500.svg;Point;Airspace Control Points : Orbit - Random Closed;25182500,icon is MAIN;image file does not exist;
{Symbols_Root}\Appendices\ControlMeasures\25210100.emf,32,Maritime Points : Plan Ship,Control Measure : Main Icon,Control Measure;Maritime Control Points;Plan Ship;Appendices\ControlMeasures\25210100.svg;Point;Maritime Points : Plan Ship;25210100,icon is MAIN;image file does not exist;
{Symbols_Root}\Appendices\ControlMeasures\25210200.emf,32,Maritime Points : Aim Point,Control Measure : Main Icon,Control Measure;Maritime Control Points;Aim Point;Appendices\ControlMeasures\25210200.svg;Point;Maritime Points : Aim Point;25210200,icon is MAIN;image file does not exist;
{Symbols_Root}\Appendices\ControlMeasures\25210300.emf,32,Maritime Points : Defended Asset,Control Measure : Main Icon,Control Measure;Maritime Control Points;Defended Asset;Appendices\ControlMeasures\25210300.svg;Point;Maritime Points : Defended Asset;25210300,icon is MAIN;image file does not exist;
{Symbols_Root}\Appendices\ControlMeasures\25210400.emf,32,Maritime Points : Drop Point,Control Measure : Main Icon,Control Measure;Maritime Control Points;Drop Point;Appendices\ControlMeasures\25210400.svg;Point;Maritime Points : Drop Point;25210400,icon is MAIN;image file does not exist;
{Symbols_Root}\Appendices\ControlMeasures\25210500.emf,32,Maritime Points : Entry Point,Control Measure : Main Icon,Control Measure;Maritime Control Points;Entry Point;Appendices\ControlMeasures\25210500.svg;Point;Maritime Points : Entry Point;25210500,icon is MAIN;image file does not exist;
{Symbols_Root}\Appendices\ControlMeasures\25210600.emf,32,Maritime Points : Air  Detonation,Control Measure : Main Icon,Control Measure;Maritime Control Points;Air  Detonation;Appendices\ControlMeasures\25210600.svg;Point;Maritime Points : Air  Detonation;25210600,icon is MAIN;image file does not exist;
{Symbols_Root}\Appendices\ControlMeasures\25210700.emf,32,Maritime Points : Ground Zero,Control Measure : Main Icon,Control Measure;Maritime Control Points;Ground Zero;Appendices\ControlMeasures\25210700.svg;Point;Maritime Points : Ground Zero;25210700,icon is MAIN;image file does not exist;
{Symbols_Root}\Appendices\ControlMeasures\25210800.emf,32,Maritime Points : Impact Point,Control Measure : Main Icon,Control Measure;Maritime Control Points;Impact Point;Appendices\ControlMeasures\25210800.svg;Point;Maritime Points : Impact Point;25210800,icon is MAIN;image file does not exist;
{Symbols_Root}\Appendices\ControlMeasures\25210900.emf,32,Maritime Points : Predicted Impact Point,Control Measure : Main Icon,Control Measure;Maritime Control Points;Predicted Impact Point;Appendices\ControlMeasures\25210900.svg;Point;Maritime Points : Predicted Impact Point;25210900,icon is MAIN;image file does not exist;
{Symbols_Root}\Appendices\ControlMeasures\25211000.emf,32,Maritime Points : Launched Torpedo,Control Measure : Main Icon,Control Measure;Maritime Control Points;Launched Torpedo;Appendices\ControlMeasures\25211000.svg;Point;Maritime Points : Launched Torpedo;25211000,icon is MAIN;image file does not exist;
{Symbols_Root}\Appendices\ControlMeasures\25211100.emf,32,Maritime Points : Missile Detection Point,Control Measure : Main Icon,Control Measure;Maritime Control Points;Missile Detection Point;Appendices\ControlMeasures\25211100.svg;Point;Maritime Points : Missile Detection Point;25211100,icon is MAIN;image file does not exist;
{Symbols_Root}\Appendices\ControlMeasures\25211200.emf,32,Maritime Points : Acoustic Countermeasure (Decoy),Control Measure : Main Icon,Control Measure;Maritime Control Points;Acoustic Countermeasure (Decoy);Appendices\ControlMeasures\25211200.svg;Point;Maritime Points : Acoustic Countermeasure (Decoy);25211200,icon is MAIN;image file does not exist;
{Symbols_Root}\Appendices\ControlMeasures\25211300.emf,32,Maritime Points : Electronic Countermeasures (ECM) Decoy,Control Measure : Main Icon,Control Measure;Maritime Control Points;Electronic Countermeasures (ECM) Decoy;Appendices\ControlMeasures\25211300.svg;Point;Maritime Points : Electronic Countermeasures (ECM) Decoy;25211300,icon is MAIN;image file does not exist;
{Symbols_Root}\Appendices\ControlMeasures\25211400.emf,32,Maritime Points : Brief Contact,Control Measure : Main Icon,Control Measure;Maritime Control Points;Brief Contact;Appendices\ControlMeasures\25211400.svg;Point;Maritime Points : Brief Contact;25211400,icon is MAIN;image file does not exist;
{Symbols_Root}\Appendices\ControlMeasures\25211500.emf,32,Maritime Points : Datum Lost Contact,Control Measure : Main Icon,Control Measure;Maritime Control Points;Datum Lost Contact;Appendices\ControlMeasures\25211500.svg;Point;Maritime Points : Datum Lost Contact;25211500,icon is MAIN;image file does not exist;
{Symbols_Root}\Appendices\ControlMeasures\25211600.emf,32,Maritime Points : BT Buoy Drop,Control Measure : Main Icon,Control Measure;Maritime Control Points;BT Buoy Drop;Appendices\ControlMeasures\25211600.svg;Point;Maritime Points : BT Buoy Drop;25211600,icon is MAIN;image file does not exist;
{Symbols_Root}\Appendices\ControlMeasures\25211700.emf,32,Maritime Points : Reported Bottom Sub,Control Measure : Main Icon,Control Measure;Maritime Control Points;Reported Bottom Sub;Appendices\ControlMeasures\25211700.svg;Point;Maritime Points : Reported Bottom Sub;25211700,icon is MAIN;image file does not exist;
{Symbols_Root}\Appendices\ControlMeasures\25211800.emf,32,Maritime Points : Moving Haven,Control Measure : Main Icon,Control Measure;Maritime Control Points;Moving Haven;Appendices\ControlMeasures\25211800.svg;Point;Maritime Points : Moving Haven;25211800,icon is MAIN;image file does not exist;
{Symbols_Root}\Appendices\ControlMeasures\25211900.emf,32,Maritime Points : Screen Center,Control Measure : Main Icon,Control Measure;Maritime Control Points;Screen Center;Appendices\ControlMeasures\25211900.svg;Point;Maritime Points : Screen Center;25211900,icon is MAIN;image file does not exist;
{Symbols_Root}\Appendices\ControlMeasures\25212000.emf,32,Maritime Points : Lost Contact,Control Measure : Main Icon,Control Measure;Maritime Control Points;Lost Contact;Appendices\ControlMeasures\25212000.svg;Point;Maritime Points : Lost Contact;25212000,icon is MAIN;image file does not exist;
{Symbols_Root}\Appendices\ControlMeasures\25212100.emf,32,Maritime Points : Sinker,Control Measure : Main Icon,Control Measure;Maritime Control Points;Sinker;Appendices\ControlMeasures\25212100.svg;Point;Maritime Points : Sinker;25212100,icon is MAIN;image file does not exist;
{Symbols_Root}\Appendices\ControlMeasures\25212200.emf,32,Maritime Points : Trial Track,Control Measure : Main Icon,Control Measure;Maritime Control Points;Trial Track;Appendices\ControlMeasures\25212200.svg;Point;Maritime Points : Trial Track;25212200,icon is MAIN;image file does not exist;
{Symbols_Root}\Appendices\ControlMeasures\25212300.emf,32,Maritime Points : Acoustic Fix,Control Measure : Main Icon,Control Measure;Maritime Control Points;Acoustic Fix;Appendices\ControlMeasures\25212300.svg;Point;Maritime Points : Acoustic Fix;25212300,icon is MAIN;image file does not exist;
{Symbols_Root}\Appendices\ControlMeasures\25212400.emf,32,Maritime Points : Electromagnetic Fix,Control Measure : Main Icon,Control Measure;Maritime Control Points;Electromagnetic Fix;Appendices\ControlMeasures\25212400.svg;Point;Maritime Points : Electromagnetic Fix;25212400,icon is MAIN;image file does not exist;
{Symbols_Root}\Appendices\ControlMeasures\25212500.emf,32,Maritime Points : Electromagnetic - Magnetic Anomaly Detection (MAD),Control Measure : Main Icon,Control Measure;Maritime Control Points;Electromagnetic - Magnetic Anomaly Detection (MAD);Appendices\ControlMeasures\25212500.svg;Point;Maritime Points : Electromagnetic - Magnetic Anomaly Detection (MAD);25212500,icon is MAIN;image file does not exist;
{Symbols_Root}\Appendices\ControlMeasures\25212600.emf,32,Maritime Points : Optical Fix,Control Measure : Main Icon,Control Measure;Maritime Control Points;Optical Fix;Appendices\ControlMeasures\25212600.svg;Point;Maritime Points : Optical Fix;25212600,icon is MAIN;image file does not exist;
{Symbols_Root}\Appendices\ControlMeasures\25212700.emf,32,Maritime Points : Formation,Control Measure : Main Icon,Control Measure;Maritime Control Points;Formation;Appendices\ControlMeasures\25212700.svg;Point;Maritime Points : Formation;25212700,icon is MAIN;image file does not exist;
{Symbols_Root}\Appendices\ControlMeasures\25212800.emf,32,Maritime Points : Harbor,Control Measure : Main Icon,Control Measure;Maritime Control Points;Harbor;Appendices\ControlMeasures\25212800.svg;Point;Maritime Points : Harbor;25212800,icon is MAIN;image file does not exist;
{Symbols_Root}\Appendices\ControlMeasures\25212900.emf,32,Maritime Points : Harbor Entrance Point,Control Measure : Main Icon,Control Measure;Maritime Control Points;Harbor Entrance Point;Appendices\ControlMeasures\25212900.svg;Point;Maritime Points : Harbor Entrance Point;25212900,icon is MAIN;image file does not exist;
{Symbols_Root}\Appendices\ControlMeasures\25212901.emf,32,Maritime Points : Harbor Entrance Point : A,Control Measure : Main Icon,Control Measure;Maritime Control Points;Harbor Entrance Point;A;Appendices\ControlMeasures\25212901.svg;Point;Maritime Points : Harbor Entrance Point : A;25212901,icon is MAIN;image file does not exist;
{Symbols_Root}\Appendices\ControlMeasures\25212902.emf,32,Maritime Points : Harbor Entrance Point : Q,Control Measure : Main Icon,Control Measure;Maritime Control Points;Harbor Entrance Point;Q;Appendices\ControlMeasures\25212902.svg;Point;Maritime Points : Harbor Entrance Point : Q;25212902,icon is MAIN;image file does not exist;
{Symbols_Root}\Appendices\ControlMeasures\25212903.emf,32,Maritime Points : Harbor Entrance Point : X,Control Measure : Main Icon,Control Measure;Maritime Control Points;Harbor Entrance Point;X;Appendices\ControlMeasures\25212903.svg;Point;Maritime Points : Harbor Entrance Point : X;25212903,icon is MAIN;image file does not exist;
{Symbols_Root}\Appendices\ControlMeasures\25212904.emf,32,Maritime Points : Harbor Entrance Point : Y,Control Measure : Main Icon,Control Measure;Maritime Control Points;Harbor Entrance Point;Y;Appendices\ControlMeasures\25212904.svg;Point;Maritime Points : Harbor Entrance Point : Y;25212904,icon is MAIN;image file does not exist;
{Symbols_Root}\Appendices\ControlMeasures\25213000.emf,32,Maritime Points : Dip Position,Control Measure : Main Icon,Control Measure;Maritime Control Points;Dip Position;Appendices\ControlMeasures\25213000.svg;Point;Maritime Points : Dip Position;25213000,icon is MAIN;image file does not exist;
{Symbols_Root}\Appendices\ControlMeasures\25213100.emf,32,Maritime Points : Search,Control Measure : Main Icon,Control Measure;Maritime Control Points;Search;Appendices\ControlMeasures\25213100.svg;Point;Maritime Points : Search;25213100,icon is MAIN;image file does not exist;
{Symbols_Root}\Appendices\ControlMeasures\25213200.emf,32,Maritime Points : Search Area,Control Measure : Main Icon,Control Measure;Maritime Control Points;Search Area;Appendices\ControlMeasures\25213200.svg;Point;Maritime Points : Search Area;25213200,icon is MAIN;image file does not exist;
{Symbols_Root}\Appendices\ControlMeasures\25213300.emf,32,Maritime Points : Search Center,Control Measure : Main Icon,Control Measure;Maritime Control Points;Search Center;Appendices\ControlMeasures\25213300.svg;Point;Maritime Points : Search Center;25213300,icon is MAIN;image file does not exist;
{Symbols_Root}\Appendices\ControlMeasures\25213400.emf,32,Maritime Points : Navigational Reference Point (Search),Control Measure : Main Icon,Control Measure;Maritime Control Points;Navigational Reference Point;Appendices\ControlMeasures\25213400.svg;Point;Maritime Points : Navigational Reference Point (Search);25213400,icon is MAIN;image file does not exist;
{Symbols_Root}\Appendices\ControlMeasures\25213500.emf,32,Maritime Points : Sonobuoy,Control Measure : Main Icon,Control Measure;Maritime Control Points;Sonobuoy;Appendices\ControlMeasures\25213500.svg;Point;Maritime Points : Sonobuoy;25213500,icon is MAIN;image file does not exist;
{Symbols_Root}\Appendices\ControlMeasures\25213501.emf,32,Maritime Points : Sonobuoy : Ambient Noise,Control Measure : Main Icon,Control Measure;Maritime Control Points;Sonobuoy;Ambient Noise;Appendices\ControlMeasures\25213501.svg;Point;Maritime Points : Sonobuoy : Ambient Noise;25213501,icon is MAIN;image file does not exist;
{Symbols_Root}\Appendices\ControlMeasures\25213502.emf,32,Maritime Points : Sonobuoy : Air Transportable Communication,Control Measure : Main Icon,Control Measure;Maritime Control Points;Sonobuoy;Air Transportable Communication;Appendices\ControlMeasures\25213502.svg;Point;Maritime Points : Sonobuoy : Air Transportable Communication;25213502,icon is MAIN;image file does not exist;
{Symbols_Root}\Appendices\ControlMeasures\25213503.emf,32,Maritime Points : Sonobuoy : Barra,Control Measure : Main Icon,Control Measure;Maritime Control Points;Sonobuoy;Barra;Appendices\ControlMeasures\25213503.svg;Point;Maritime Points : Sonobuoy : Barra;25213503,icon is MAIN;image file does not exist;
{Symbols_Root}\Appendices\ControlMeasures\25213504.emf,32,Maritime Points : Sonobuoy : Bathythermograph Transmitting,Control Measure : Main Icon,Control Measure;Maritime Control Points;Sonobuoy;Bathythermograph Transmitting;Appendices\ControlMeasures\25213504.svg;Point;Maritime Points : Sonobuoy : Bathythermograph Transmitting;25213504,icon is MAIN;image file does not exist;
{Symbols_Root}\Appendices\ControlMeasures\25213505.emf,32,Maritime Points : Sonobuoy : Command Active Multi-Beam (CAMBS),Control Measure : Main Icon,Control Measure;Maritime Control Points;Sonobuoy;Command Active Multi-Beam (CAMBS);Appendices\ControlMeasures\25213505.svg;Point;Maritime Points : Sonobuoy : Command Active Multi-Beam (CAMBS);25213505,icon is MAIN;image file does not exist;
{Symbols_Root}\Appendices\ControlMeasures\25213506.emf,32,Maritime Points : Sonobuoy : Command Active Sonobuoy Directional Command Active Sonobuoy System (CASS),Control Measure : Main Icon,Control Measure;Maritime Control Points;Sonobuoy;Command Active Sonobuoy Directional Command Active Sonobuoy System (CASS);Appendices\ControlMeasures\25213506.svg;Point;Maritime Points : Sonobuoy : Command Active Sonobuoy Directional Command Active Sonobuoy System (CASS);25213506,icon is MAIN;image file does not exist;styleItemTags > 255;
{Symbols_Root}\Appendices\ControlMeasures\25213507.emf,32,Maritime Points : Sonobuoy : Digital Frequency Analysis and Recording (DIFAR),Control Measure : Main Icon,Control Measure;Maritime Control Points;Sonobuoy;Digital Frequency Analysis and Recording (DIFAR);Appendices\ControlMeasures\25213507.svg;Point;Maritime Points : Sonobuoy : Digital Frequency Analysis and Recording (DIFAR);25213507,icon is MAIN;image file does not exist;
{Symbols_Root}\Appendices\ControlMeasures\25213508.emf,32,Maritime Points : Sonobuoy : Directional Command Active Sonobuoy System (DICASS),Control Measure : Main Icon,Control Measure;Maritime Control Points;Sonobuoy;Directional Command Active Sonobuoy System (DICASS);Appendices\ControlMeasures\25213508.svg;Point;Maritime Points : Sonobuoy : Directional Command Active Sonobuoy System (DICASS);25213508,icon is MAIN;image file does not exist;
{Symbols_Root}\Appendices\ControlMeasures\25213509.emf,32,Maritime Points : Sonobuoy : Expendable Reliable Acoustic Path Sonobuoy (ERAPS),Control Measure : Main Icon,Control Measure;Maritime Control Points;Sonobuoy;Expendable Reliable Acoustic Path Sonobuoy (ERAPS);Appendices\ControlMeasures\25213509.svg;Point;Maritime Points : Sonobuoy : Expendable Reliable Acoustic Path Sonobuoy (ERAPS);25213509,icon is MAIN;image file does not exist;
{Symbols_Root}\Appendices\ControlMeasures\25213510.emf,32,Maritime Points : Sonobuoy : Expired,Control Measure : Main Icon,Control Measure;Maritime Control Points;Sonobuoy;Expired;Appendices\ControlMeasures\25213510.svg;Point;Maritime Points : Sonobuoy : Expired;25213510,icon is MAIN;image file does not exist;
{Symbols_Root}\Appendices\ControlMeasures\25213511.emf,32,Maritime Points : Sonobuoy : Kingpin,Control Measure : Main Icon,Control Measure;Maritime Control Points;Sonobuoy;Kingpin;Appendices\ControlMeasures\25213511.svg;Point;Maritime Points : Sonobuoy : Kingpin;25213511,icon is MAIN;image file does not exist;
{Symbols_Root}\Appendices\ControlMeasures\25213512.emf,32,Maritime Points : Sonobuoy : Low Frequency Analysis and Recording (LOFAR),Control Measure : Main Icon,Control Measure;Maritime Control Points;Sonobuoy;Low Frequency Analysis and Recording (LOFAR);Appendices\ControlMeasures\25213512.svg;Point;Maritime Points : Sonobuoy : Low Frequency Analysis and Recording (LOFAR);25213512,icon is MAIN;image file does not exist;
{Symbols_Root}\Appendices\ControlMeasures\25213513.emf,32,Maritime Points : Sonobuoy : Pattern Center,Control Measure : Main Icon,Control Measure;Maritime Control Points;Sonobuoy;Pattern Center;Appendices\ControlMeasures\25213513.svg;Point;Maritime Points : Sonobuoy : Pattern Center;25213513,icon is MAIN;image file does not exist;
{Symbols_Root}\Appendices\ControlMeasures\25213514.emf,32,Maritime Points : Sonobuoy : Range Only,Control Measure : Main Icon,Control Measure;Maritime Control Points;Sonobuoy;Range Only;Appendices\ControlMeasures\25213514.svg;Point;Maritime Points : Sonobuoy : Range Only;25213514,icon is MAIN;image file does not exist;
{Symbols_Root}\Appendices\ControlMeasures\25213515.emf,32,Maritime Points : Sonobuoy : Vertical Line Array Directional Frequency Analysis and Recording (DIFAR),Control Measure : Main Icon,Control Measure;Maritime Control Points;Sonobuoy;Vertical Line Array Directional Frequency Analysis and Recording (DIFAR);Appendices\ControlMeasures\25213515.svg;Point;Maritime Points : Sonobuoy : Vertical Line Array Directional Frequency Analysis and Recording (DIFAR);25213515,icon is MAIN;image file does not exist;styleItemTags > 255;
{Symbols_Root}\Appendices\ControlMeasures\25213600.emf,32,Maritime Points : Reference Point,Control Measure : Main Icon,Control Measure;Maritime Control Points;Reference Point;Appendices\ControlMeasures\25213600.svg;Point;Maritime Points : Reference Point;25213600,icon is MAIN;image file does not exist;
{Symbols_Root}\Appendices\ControlMeasures\25213700.emf,32,Maritime Points : Special Point,Control Measure : Main Icon,Control Measure;Maritime Control Points;Special Point;Appendices\ControlMeasures\25213700.svg;Point;Maritime Points : Special Point;25213700,icon is MAIN;image file does not exist;
{Symbols_Root}\Appendices\ControlMeasures\25213800.emf,32,Maritime Points : Navigational Reference Point,Control Measure : Main Icon,Control Measure;Maritime Control Points;Navigational Reference Point;Appendices\ControlMeasures\25213800.svg;Point;Maritime Points : Navigational Reference Point;25213800,icon is MAIN;image file does not exist;
{Symbols_Root}\Appendices\ControlMeasures\25213900.emf,32,Maritime Points : Data Link Reference Point,Control Measure : Main Icon,Control Measure;Maritime Control Points;Data Link Reference Point;Appendices\ControlMeasures\25213900.svg;Point;Maritime Points : Data Link Reference Point;25213900,icon is MAIN;image file does not exist;
{Symbols_Root}\Appendices\ControlMeasures\25214000.emf,32,Maritime Points : Forward Observer / Spotter Position,Control Measure : Main Icon,Control Measure;Maritime Control Points;Forward Observer / Spotter Position;Appendices\ControlMeasures\25214000.svg;Point;Maritime Points : Forward Observer / Spotter Position;25214000,icon is MAIN;image file does not exist;
{Symbols_Root}\Appendices\ControlMeasures\25214100.emf,32,Maritime Points : Vital Area Center,Control Measure : Main Icon,Control Measure;Maritime Control Points;Vital Area Center;Appendices\ControlMeasures\25214100.svg;Point;Maritime Points : Vital Area Center;25214100,icon is MAIN;image file does not exist;
{Symbols_Root}\Appendices\ControlMeasures\25214200.emf,32,Maritime Points : Corridor Tab Point,Control Measure : Main Icon,Control Measure;Maritime Control Points;Corridor Tab Point;Appendices\ControlMeasures\25214200.svg;Point;Maritime Points : Corridor Tab Point;25214200,icon is MAIN;image file does not exist;
{Symbols_Root}\Appendices\ControlMeasures\25214300.emf,32,Maritime Points : Enemy Point,Control Measure : Main Icon,Control Measure;Maritime Control Points;Enemy Point;Appendices\ControlMeasures\25214300.svg;Point;Maritime Points : Enemy Point;25214300,icon is MAIN;image file does not exist;
{Symbols_Root}\Appendices\ControlMeasures\25214400.emf,32,Maritime Points : Marshall Point,Control Measure : Main Icon,Control Measure;Maritime Control Points;Marshall Point;Appendices\ControlMeasures\25214400.svg;Point;Maritime Points : Marshall Point;25214400,icon is MAIN;image file does not exist;
{Symbols_Root}\Appendices\ControlMeasures\25214500.emf,32,Maritime Points : Position and Intended Movement (PIM),Control Measure : Main Icon,Control Measure;Maritime Control Points;Position and Intended Movement (PIM);Appendices\ControlMeasures\25214500.svg;Point;Maritime Points : Position and Intended Movement (PIM);25214500,icon is MAIN;image file does not exist;
{Symbols_Root}\Appendices\ControlMeasures\25214600.emf,32,Maritime Points : Pre-Landfall Waypoint,Control Measure : Main Icon,Control Measure;Maritime Control Points;Pre-Landfall Waypoint;Appendices\ControlMeasures\25214600.svg;Point;Maritime Points : Pre-Landfall Waypoint;25214600,icon is MAIN;image file does not exist;
{Symbols_Root}\Appendices\ControlMeasures\25214700.emf,32,Maritime Points : Estimated Position (EP),Control Measure : Main Icon,Control Measure;Maritime Control Points;Estimated Position (EP);Appendices\ControlMeasures\25214700.svg;Point;Maritime Points : Estimated Position (EP);25214700,icon is MAIN;image file does not exist;
{Symbols_Root}\Appendices\ControlMeasures\25214800.emf,32,Maritime Points : Waypoint,Control Measure : Main Icon,Control Measure;Maritime Control Points;Waypoint;Appendices\ControlMeasures\25214800.svg;Point;Maritime Points : Waypoint;25214800,icon is MAIN;image file does not exist;
{Symbols_Root}\Appendices\ControlMeasures\25214900.emf,32,Maritime Points : General Subsurface Station,Control Measure : Main Icon,Control Measure;Maritime Control Points;General Subsurface Station;Appendices\ControlMeasures\25214900.svg;Point;Maritime Points : General Subsurface Station;25214900,icon is MAIN;image file does not exist;
{Symbols_Root}\Appendices\ControlMeasures\25215000.emf,32,Maritime Points : Submarine Subsurface Station,Control Measure : Main Icon,Control Measure;Maritime Control Points;Submarine Subsurface Station;Appendices\ControlMeasures\25215000.svg;Point;Maritime Points : Submarine Subsurface Station;25215000,icon is MAIN;image file does not exist;
{Symbols_Root}\Appendices\ControlMeasures\25215100.emf,32,Maritime Points : Submarine Antisubmarine Warfare Subsurface Station,Control Measure : Main Icon,Control Measure;Maritime Control Points;Submarine Antisubmarine Warfare Subsurface Station;Appendices\ControlMeasures\25215100.svg;Point;Maritime Points : Submarine Antisubmarine Warfare Subsurface Station;25215100,icon is MAIN;image file does not exist;
{Symbols_Root}\Appendices\ControlMeasures\25215200.emf,32,Maritime Points : Unmanned Underwater Vehicle Subsurface Station,Control Measure : Main Icon,Control Measure;Maritime Control Points;Unmanned Underwater Vehicle Subsurface Station;Appendices\ControlMeasures\25215200.svg;Point;Maritime Points : Unmanned Underwater Vehicle Subsurface Station;25215200,icon is MAIN;image file does not exist;
{Symbols_Root}\Appendices\ControlMeasures\25215300.emf,32,Maritime Points : Antisubmarine Warfare (ASW) Unmanned Underwater Vehicle Subsurface Station,Control Measure : Main Icon,Control Measure;Maritime Control Points;Antisubmarine Warfare (ASW) Unmanned Underwater Vehicle Subsurface Station;Appendices\ControlMeasures\25215300.svg;Point;Maritime Points : Antisubmarine Warfare (ASW) Unmanned Underwater Vehicle Subsurface Station;25215300,icon is MAIN;image file does not exist;styleItemTags > 255;
{Symbols_Root}\Appendices\ControlMeasures\25215400.emf,32,Maritime Points : Mine Warfare Unmanned Underwater Vehicle Subsurface Station,Control Measure : Main Icon,Control Measure;Maritime Control Points;Mine Warfare Unmanned Underwater Vehicle Subsurface Station;Appendices\ControlMeasures\25215400.svg;Point;Maritime Points : Mine Warfare Unmanned Underwater Vehicle Subsurface Station;25215400,icon is MAIN;image file does not exist;
{Symbols_Root}\Appendices\ControlMeasures\25215500.emf,32,Maritime Points : Surface Warfare Unmanned Underwater Vehicle Subsurface Station,Control Measure : Main Icon,Control Measure;Maritime Control Points;Surface Warfare Unmanned Underwater Vehicle Subsurface Station;Appendices\ControlMeasures\25215500.svg;Point;Maritime Points : Surface Warfare Unmanned Underwater Vehicle Subsurface Station;25215500,icon is MAIN;image file does not exist;
{Symbols_Root}\Appendices\ControlMeasures\25215600.emf,32,Maritime Points : General Surface Station,Control Measure : Main Icon,Control Measure;Maritime Control Points;General Surface Station;Appendices\ControlMeasures\25215600.svg;Point;Maritime Points : General Surface Station;25215600,icon is MAIN;image file does not exist;
{Symbols_Root}\Appendices\ControlMeasures\25215700.emf,32,Maritime Points : Antisubmarine Warfare (ASW) Surface Station,Control Measure : Main Icon,Control Measure;Maritime Control Points;Antisubmarine Warfare (ASW) Surface Station;Appendices\ControlMeasures\25215700.svg;Point;Maritime Points : Antisubmarine Warfare (ASW) Surface Station;25215700,icon is MAIN;image file does not exist;
{Symbols_Root}\Appendices\ControlMeasures\25215800.emf,32,Maritime Points : Mine Warfare Surface Station,Control Measure : Main Icon,Control Measure;Maritime Control Points;Mine Warfare Surface Station;Appendices\ControlMeasures\25215800.svg;Point;Maritime Points : Mine Warfare Surface Station;25215800,icon is MAIN;image file does not exist;
{Symbols_Root}\Appendices\ControlMeasures\25215900.emf,32,Maritime Points : Non-Combatant Surface Station,Control Measure : Main Icon,Control Measure;Maritime Control Points;Non-Combatant Surface Station;Appendices\ControlMeasures\25215900.svg;Point;Maritime Points : Non-Combatant Surface Station;25215900,icon is MAIN;image file does not exist;
{Symbols_Root}\Appendices\ControlMeasures\25216000.emf,32,Maritime Points : Picket Surface Station,Control Measure : Main Icon,Control Measure;Maritime Control Points;Picket Surface Station;Appendices\ControlMeasures\25216000.svg;Point;Maritime Points : Picket Surface Station;25216000,icon is MAIN;image file does not exist;
{Symbols_Root}\Appendices\ControlMeasures\25216100.emf,32,Maritime Points : Rendezvous Surface Station,Control Measure : Main Icon,Control Measure;Maritime Control Points;Rendezvous Surface Station;Appendices\ControlMeasures\25216100.svg;Point;Maritime Points : Rendezvous Surface Station;25216100,icon is MAIN;image file does not exist;
{Symbols_Root}\Appendices\ControlMeasures\25216200.emf,32,Maritime Points : Replenishment at Sea Surface Station,Control Measure : Main Icon,Control Measure;Maritime Control Points;Replenishment at Sea Surface Station;Appendices\ControlMeasures\25216200.svg;Point;Maritime Points : Replenishment at Sea Surface Station;25216200,icon is MAIN;image file does not exist;
{Symbols_Root}\Appendices\ControlMeasures\25216300.emf,32,Maritime Points : Rescue Surface Station,Control Measure : Main Icon,Control Measure;Maritime Control Points;Rescue Surface Station;Appendices\ControlMeasures\25216300.svg;Point;Maritime Points : Rescue Surface Station;25216300,icon is MAIN;image file does not exist;
{Symbols_Root}\Appendices\ControlMeasures\25216400.emf,32,Maritime Points : Surface Warfare Surface Station,Control Measure : Main Icon,Control Measure;Maritime Control Points;Surface Warfare Surface Station;Appendices\ControlMeasures\25216400.svg;Point;Maritime Points : Surface Warfare Surface Station;25216400,icon is MAIN;image file does not exist;
{Symbols_Root}\Appendices\ControlMeasures\25216500.emf,32,Maritime Points : Unmanned Underwater Vehicle Surface Station,Control Measure : Main Icon,Control Measure;Maritime Control Points;Unmanned Underwater Vehicle Surface Station;Appendices\ControlMeasures\25216500.svg;Point;Maritime Points : Unmanned Underwater Vehicle Surface Station;25216500,icon is MAIN;image file does not exist;
{Symbols_Root}\Appendices\ControlMeasures\25216600.emf,32,Maritime Points : Antisubmarine Warfare (ASW) Unmanned Underwater Vehicle Surface Station,Control Measure : Main Icon,Control Measure;Maritime Control Points;Antisubmarine Warfare (ASW) Unmanned Underwater Vehicle Surface Station;Appendices\ControlMeasures\25216600.svg;Point;Maritime Points : Antisubmarine Warfare (ASW) Unmanned Underwater Vehicle Surface Station;25216600,icon is MAIN;image file does not exist;styleItemTags > 255;
{Symbols_Root}\Appendices\ControlMeasures\25216700.emf,32,Maritime Points : Mine Warfare Unmanned Underwater Vehicle Surface Station,Control Measure : Main Icon,Control Measure;Maritime Control Points;Mine Warfare Unmanned Underwater Vehicle Surface Station;Appendices\ControlMeasures\25216700.svg;Point;Maritime Points : Mine Warfare Unmanned Underwater Vehicle Surface Station;25216700,icon is MAIN;image file does not exist;
{Symbols_Root}\Appendices\ControlMeasures\25216800.emf,32,Maritime Points : Remote Multi-Mission Vehicle Mine Warfare Unmanned Underwater,Control Measure : Main Icon,Control Measure;Maritime Control Points;Remote Multi-Mission Vehicle Mine Warfare Unmanned Underwater;Appendices\ControlMeasures\25216800.svg;Point;Maritime Points : Remote Multi-Mission Vehicle Mine Warfare Unmanned Underwater;25216800,icon is MAIN;image file does not exist;
{Symbols_Root}\Appendices\ControlMeasures\25216900.emf,32,Maritime Points : Surface Warfare Mine Warfare Unmanned Underwater Vehicle,Control Measure : Main Icon,Control Measure;Maritime Control Points;Surface Warfare Mine Warfare Unmanned Underwater Vehicle;Appendices\ControlMeasures\25216900.svg;Point;Maritime Points : Surface Warfare Mine Warfare Unmanned Underwater Vehicle;25216900,icon is MAIN;image file does not exist;
{Symbols_Root}\Appendices\ControlMeasures\25217000.emf,32,Maritime Points : Shore Control Station,Control Measure : Main Icon,Control Measure;Maritime Control Points;Shore Control Station;Appendices\ControlMeasures\25217000.svg;Point;Maritime Points : Shore Control Station;25217000,icon is MAIN;image file does not exist;
{Symbols_Root}\Appendices\ControlMeasures\25217100.emf,32,Maritime Points : General Route,Control Measure : Main Icon,Control Measure;Maritime Control Points;General Route;Appendices\ControlMeasures\25217100.svg;Point;Maritime Points : General Route;25217100,icon is MAIN;image file does not exist;
{Symbols_Root}\Appendices\ControlMeasures\25217200.emf,32,Maritime Points : Diversion Route,Control Measure : Main Icon,Control Measure;Maritime Control Points;Diversion Route;Appendices\ControlMeasures\25217200.svg;Point;Maritime Points : Diversion Route;25217200,icon is MAIN;image file does not exist;
{Symbols_Root}\Appendices\ControlMeasures\25217300.emf,32,Maritime Points : Position and Intended Movement (PIM) Route,Control Measure : Main Icon,Control Measure;Maritime Control Points;Position and Intended Movement (PIM) Route;Appendices\ControlMeasures\25217300.svg;Point;Maritime Points : Position and Intended Movement (PIM) Route;25217300,icon is MAIN;image file does not exist;
{Symbols_Root}\Appendices\ControlMeasures\25217400.emf,32,Maritime Points : Picket Route,Control Measure : Main Icon,Control Measure;Maritime Control Points;Picket Route;Appendices\ControlMeasures\25217400.svg;Point;Maritime Points : Picket Route;25217400,icon is MAIN;image file does not exist;
{Symbols_Root}\Appendices\ControlMeasures\25217500.emf,32,Maritime Points : Point R Route,Control Measure : Main Icon,Control Measure;Maritime Control Points;Point R Route;Appendices\ControlMeasures\25217500.svg;Point;Maritime Points : Point R Route;25217500,icon is MAIN;image file does not exist;
{Symbols_Root}\Appendices\ControlMeasures\25217600.emf,32,Maritime Points : Rendezvous Route,Control Measure : Main Icon,Control Measure;Maritime Control Points;Rendezvous Route;Appendices\ControlMeasures\25217600.svg;Point;Maritime Points : Rendezvous Route;25217600,icon is MAIN;image file does not exist;
{Symbols_Root}\Appendices\ControlMeasures\25217700.emf,32,Maritime Points : Waypoint Route,Control Measure : Main Icon,Control Measure;Maritime Control Points;Waypoint Route;Appendices\ControlMeasures\25217700.svg;Point;Maritime Points : Waypoint Route;25217700,icon is MAIN;image file does not exist;
{Symbols_Root}\Appendices\ControlMeasures\25217800.emf,32,Maritime Points : Clutter-Stationary or Cease Reporting,Control Measure : Main Icon,Control Measure;Maritime Control Points;Clutter-Stationary or Cease Reporting;Appendices\ControlMeasures\25217800.svg;Point;Maritime Points : Clutter-Stationary or Cease Reporting;25217800,icon is MAIN;image file does not exist;
{Symbols_Root}\Appendices\ControlMeasures\25217900.emf,32,Maritime Points : Tentative or Provisional Track,Control Measure : Main Icon,Control Measure;Maritime Control Points;Tentative or Provisional Track;Appendices\ControlMeasures\25217900.svg;Point;Maritime Points : Tentative or Provisional Track;25217900,icon is MAIN;image file does not exist;
{Symbols_Root}\Appendices\ControlMeasures\25218000.emf,32,Maritime Points : Distressed Vessel,Control Measure : Main Icon,Control Measure;Maritime Control Points;Distressed Vessel;Appendices\ControlMeasures\25218000.svg;Point;Maritime Points : Distressed Vessel;25218000,icon is MAIN;image file does not exist;
{Symbols_Root}\Appendices\ControlMeasures\25218100.emf,32,Maritime Points : Ditched Aircraft/Downed Aircraft,Control Measure : Main Icon,Control Measure;Maritime Control Points;Ditched Aircraft/Downed Aircraft;Appendices\ControlMeasures\25218100.svg;Point;Maritime Points : Ditched Aircraft/Downed Aircraft;25218100,icon is MAIN;image file does not exist;
{Symbols_Root}\Appendices\ControlMeasures\25218200.emf,32,Maritime Points : Person in Water/Bailout,Control Measure : Main Icon,Control Measure;Maritime Control Points;Person in Water/Bailout;Appendices\ControlMeasures\25218200.svg;Point;Maritime Points : Person in Water/Bailout;25218200,icon is MAIN;image file does not exist;
{Symbols_Root}\Appendices\ControlMeasures\25218300.emf,32,Maritime Points : Iceberg,Control Measure : Main Icon,Control Measure;Maritime Control Points;Iceberg;Appendices\ControlMeasures\25218300.svg;Point;Maritime Points : Iceberg;25218300,icon is MAIN;image file does not exist;
{Symbols_Root}\Appendices\ControlMeasures\25218500.emf,32,Maritime Points : Oil Rig,Control Measure : Main Icon,Control Measure;Maritime Control Points;Oil Rig;Appendices\ControlMeasures\25218500.svg;Point;Maritime Points : Oil Rig;25218500,icon is MAIN;image file does not exist;
{Symbols_Root}\Appendices\ControlMeasures\25218600.emf,32,Maritime Points : Sea Mine-Like,Control Measure : Main Icon,Control Measure;Maritime Control Points;Sea Mine-Like;Appendices\ControlMeasures\25218600.svg;Point;Maritime Points : Sea Mine-Like;25218600,icon is MAIN;image file does not exist;
{Symbols_Root}\Appendices\ControlMeasures\25218700.emf,32,Maritime Points : Bottom Return/Non-Mine Like Bottom Object (NOMBO),Control Measure : Main Icon,Control Measure;Maritime Control Points;Bottom Return/Non-Mine Like Bottom Object (NOMBO);Appendices\ControlMeasures\25218700.svg;Point;Maritime Points : Bottom Return/Non-Mine Like Bottom Object (NOMBO);25218700,icon is MAIN;image file does not exist;
{Symbols_Root}\Appendices\ControlMeasures\25218800.emf,32,Maritime Points : Bottom Return/Non-Mine Like Bottom Object (NOMBO)/Installation Manmade,Control Measure : Main Icon,Control Measure;Maritime Control Points;Bottom Return/Non-Mine Like Bottom Object (NOMBO)/Installation Manmade;Appendices\ControlMeasures\25218800.svg;Point;Maritime Points : Bottom Return/Non-Mine Like Bottom Object (NOMBO)/Installation Manmade;25218800,icon is MAIN;image file does not exist;
{Symbols_Root}\Appendices\ControlMeasures\25218900.emf,32,Maritime Points : Marine Life,Control Measure : Main Icon,Control Measure;Maritime Control Points;Marine Life;Appendices\ControlMeasures\25218900.svg;Point;Maritime Points : Marine Life;25218900,icon is MAIN;image file does not exist;
{Symbols_Root}\Appendices\ControlMeasures\25219000.emf,32,Maritime Points : Sea Anomaly (Wake-Current-Knuckle),Control Measure : Main Icon,Control Measure;Maritime Control Points;Sea Anomaly (Wake-Current-Knuckle);Appendices\ControlMeasures\25219000.svg;Point;Maritime Points : Sea Anomaly (Wake-Current-Knuckle);25219000,icon is MAIN;image file does not exist;
{Symbols_Root}\Appendices\ControlMeasures\25219100.emf,32,Maritime Points : Bottom Return/Non-MILCO-Wreck-Dangerous,Control Measure : Main Icon,Control Measure;Maritime Control Points;Bottom Return/Non-MILCO-Wreck-Dangerous;Appendices\ControlMeasures\25219100.svg;Point;Maritime Points : Bottom Return/Non-MILCO-Wreck-Dangerous;25219100,icon is MAIN;image file does not exist;
{Symbols_Root}\Appendices\ControlMeasures\25219200.emf,32,Maritime Points : Bottom Return/Non-MILCO-Wreck-Non Dangerous,Control Measure : Main Icon,Control Measure;Maritime Control Points;Bottom Return/Non-MILCO-Wreck-Non Dangerous;Appendices\ControlMeasures\25219200.svg;Point;Maritime Points : Bottom Return/Non-MILCO-Wreck-Non Dangerous;25219200,icon is MAIN;image file does not exist;
{Symbols_Root}\Appendices\ControlMeasures\,32,Fires Areas : Airspace Coordination Area,Control Measure : Main Icon,Control Measure;Fires Areas;Airspace Coordination Area;Appendices\ControlMeasures\;Point;Fires Areas : Airspace Coordination Area;25240100,icon is MAIN;image file does not exist;
{Symbols_Root}\Appendices\ControlMeasures\25240601.emf,32,Fires Areas : Point Targets : Point or Single Target,Control Measure : Main Icon,Control Measure;Fires Areas;Point Targets;Point or Single Target;Appendices\ControlMeasures\25240601.svg;Point;Fires Areas : Point Targets : Point or Single Target;25240601,icon is MAIN;image file does not exist;
{Symbols_Root}\Appendices\ControlMeasures\25240602.emf,32,Fires Areas : Point Targets : Nuclear Target,Control Measure : Main Icon,Control Measure;Fires Areas;Point Targets;Nuclear Target;Appendices\ControlMeasures\25240602.svg;Point;Fires Areas : Point Targets : Nuclear Target;25240602,icon is MAIN;image file does not exist;
{Symbols_Root}\Appendices\ControlMeasures\25240603.emf,32,Fires Areas : Point Targets : Target-Recorded,Control Measure : Main Icon,Control Measure;Fires Areas;Point Targets;Target-Recorded;Appendices\ControlMeasures\25240603.svg;Point;Fires Areas : Point Targets : Target-Recorded;25240603,icon is MAIN;image file does not exist;
{Symbols_Root}\Appendices\ControlMeasures\25240900.emf,32,Fires Areas : Fire Support Station,Control Measure : Main Icon,Control Measure;Fires Areas;Fire Support Station;Appendices\ControlMeasures\25240900.svg;Point;Fires Areas : Fire Support Station;25240900,icon is MAIN;image file does not exist;
{Symbols_Root}\Appendices\ControlMeasures\25241901.emf,32,Fires Areas : Zone of Responsibility : Irregular,Control Measure : Main Icon,Control Measure;Fires Areas;Zone of Responsibility;Irregular;Appendices\ControlMeasures\25241901.svg;Point;Fires Areas : Zone of Responsibility : Irregular;25241901,icon is MAIN;image file does not exist;
{Symbols_Root}\Appendices\ControlMeasures\25241902.emf,32,Fires Areas : Zone of Responsibility : Rectangular,Control Measure : Main Icon,Control Measure;Fires Areas;Zone of Responsibility;Rectangular;Appendices\ControlMeasures\25241902.svg;Point;Fires Areas : Zone of Responsibility : Rectangular;25241902,icon is MAIN;image file does not exist;
{Symbols_Root}\Appendices\ControlMeasures\25241903.emf,32,Fires Areas : Zone of Responsibility : Circular,Control Measure : Main Icon,Control Measure;Fires Areas;Zone of Responsibility;Circular;Appendices\ControlMeasures\25241903.svg;Point;Fires Areas : Zone of Responsibility : Circular;25241903,icon is MAIN;image file does not exist;
{Symbols_Root}\Appendices\ControlMeasures\25250100.emf,32,Fires Points : Firing Point,Control Measure : Main Icon,Control Measure;Fires Points;Firing Point;Appendices\ControlMeasures\25250100.svg;Point;Fires Points : Firing Point;25250100,icon is MAIN;image file does not exist;
{Symbols_Root}\Appendices\ControlMeasures\25250200.emf,32,Fires Points : Hide Point,Control Measure : Main Icon,Control Measure;Fires Points;Hide Point;Appendices\ControlMeasures\25250200.svg;Point;Fires Points : Hide Point;25250200,icon is MAIN;image file does not exist;
{Symbols_Root}\Appendices\ControlMeasures\25250300.emf,32,Fires Points : Launch Point,Control Measure : Main Icon,Control Measure;Fires Points;Launch Point;Appendices\ControlMeasures\25250300.svg;Point;Fires Points : Launch Point;25250300,icon is MAIN;image file does not exist;
{Symbols_Root}\Appendices\ControlMeasures\25250400.emf,32,Fires Points : Reload Point,Control Measure : Main Icon,Control Measure;Fires Points;Reload Point;Appendices\ControlMeasures\25250400.svg;Point;Fires Points : Reload Point;25250400,icon is MAIN;image file does not exist;
{Symbols_Root}\Appendices\ControlMeasures\25250500.emf,32,Fires Points : Survey Control Point,Control Measure : Main Icon,Control Measure;Fires Points;Survey Control Point;Appendices\ControlMeasures\25250500.svg;Point;Fires Points : Survey Control Point;25250500,icon is MAIN;image file does not exist;
{Symbols_Root}\Appendices\ControlMeasures\25280200.emf,32,Protection Points : Antipersonnel Mine,Control Measure : Main Icon,Control Measure;Protection Points;Antipersonnel Mine;Appendices\ControlMeasures\25280200.svg;Point;Protection Points : Antipersonnel Mine;25280200,icon is MAIN;image file does not exist;
{Symbols_Root}\Appendices\ControlMeasures\25280201.emf,32,Protection Points : Antipersonnel Mine : With Directional Effects,Control Measure : Main Icon,Control Measure;Protection Points;Antipersonnel Mine;Antipersonnel Mine with Directional Effects;Appendices\ControlMeasures\25280201.svg;Point;Protection Points : Antipersonnel Mine : With Directional Effects;25280201,icon is MAIN;image file does not exist;
{Symbols_Root}\Appendices\ControlMeasures\25280300.emf,32,Protection Points : Antitank Mine,Control Measure : Main Icon,Control Measure;Protection Points;Antitank Mine;Appendices\ControlMeasures\25280300.svg;Point;Protection Points : Antitank Mine;25280300,icon is MAIN;image file does not exist;
{Symbols_Root}\Appendices\ControlMeasures\25280400.emf,32,Protection Points : Antitank Mine with Anti-handling Device,Control Measure : Main Icon,Control Measure;Protection Points;Antitank Mine with Anti-handling Device;Appendices\ControlMeasures\25280400.svg;Point;Protection Points : Antitank Mine with Anti-handling Device;25280400,icon is MAIN;image file does not exist;
{Symbols_Root}\Appendices\ControlMeasures\25280500.emf,32,Protection Points : Wide Area Antitank Mine,Control Measure : Main Icon,Control Measure;Protection Points;Wide Area Antitank Mine;Appendices\ControlMeasures\25280500.svg;Point;Protection Points : Wide Area Antitank Mine;25280500,icon is MAIN;image file does not exist;
{Symbols_Root}\Appendices\ControlMeasures\25280600.emf,32,Protection Points : Unspecified Mine,Control Measure : Main Icon,Control Measure;Protection Points;Unspecified Mine;Appendices\ControlMeasures\25280600.svg;Point;Protection Points : Unspecified Mine;25280600,icon is MAIN;image file does not exist;
{Symbols_Root}\Appendices\ControlMeasures\25280700.emf,32,Protection Points : Booby Trap,Control Measure : Main Icon,Control Measure;Protection Points;Booby Trap;Appendices\ControlMeasures\25280700.svg;Point;Protection Points : Booby Trap;25280700,icon is MAIN;image file does not exist;
{Symbols_Root}\Appendices\ControlMeasures\25280800.emf,32,Protection Points : Engineer Regulating Point,Control Measure : Main Icon,Control Measure;Protection Points;Engineer Regulating Point;Appendices\ControlMeasures\25280800.svg;Point;Protection Points : Engineer Regulating Point;25280800,icon is MAIN;image file does not exist;
{Symbols_Root}\Appendices\ControlMeasures\25280900.emf,32,Protection Points : Shelter,Control Measure : Main Icon,Control Measure;Protection Points;Shelter;Appendices\ControlMeasures\25280900.svg;Point;Protection Points : Shelter;25280900,icon is MAIN;image file does not exist;
{Symbols_Root}\Appendices\ControlMeasures\25281000.emf,32,Protection Points : Shelter Above Ground,Control Measure : Main Icon,Control Measure;Protection Points;Shelter Above Ground;Appendices\ControlMeasures\25281000.svg;Point;Protection Points : Shelter Above Ground;25281000,icon is MAIN;image file does not exist;
{Symbols_Root}\Appendices\ControlMeasures\25281100.emf,32,Protection Points : Below Ground Shelter,Control Measure : Main Icon,Control Measure;Protection Points;Below Ground Shelter;Appendices\ControlMeasures\25281100.svg;Point;Protection Points : Below Ground Shelter;25281100,icon is MAIN;image file does not exist;
{Symbols_Root}\Appendices\ControlMeasures\25281200.emf,32,Protection Points : Fort,Control Measure : Main Icon,Control Measure;Protection Points;Fort;Appendices\ControlMeasures\25281200.svg;Point;Protection Points : Fort;25281200,icon is MAIN;image file does not exist;
{Symbols_Root}\Appendices\ControlMeasures\25281300.emf,32,Protection Points : Chemical Event,Control Measure : Main Icon,Control Measure;Protection Points;Chemical Event;Appendices\ControlMeasures\25281300.svg;Point;Protection Points : Chemical Event;25281300,icon is MAIN;image file does not exist;
{Symbols_Root}\Appendices\ControlMeasures\25281301.emf,32,Protection Points : Chemical Event : Toxic Industrial Material,Control Measure : Main Icon,Control Measure;Protection Points;Chemical Event;Toxic Industrial Material;Appendices\ControlMeasures\25281301.svg;Point;Protection Points : Chemical Event : Toxic Industrial Material;25281301,icon is MAIN;image file does not exist;
{Symbols_Root}\Appendices\ControlMeasures\25281400.emf,32,Protection Points : Biological Event,Control Measure : Main Icon,Control Measure;Protection Points;Biological Event;Appendices\ControlMeasures\25281400.svg;Point;Protection Points : Biological Event;25281400,icon is MAIN;image file does not exist;
{Symbols_Root}\Appendices\ControlMeasures\25281401.emf,32,Protection Points : Biological Event : Toxic Industrial Material,Control Measure : Main Icon,Control Measure;Protection Points;Biological Event;Toxic Industrial Material;Appendices\ControlMeasures\25281401.svg;Point;Protection Points : Biological Event : Toxic Industrial Material;25281401,icon is MAIN;image file does not exist;
{Symbols_Root}\Appendices\ControlMeasures\25281500.emf,32,Protection Points : Nuclear Event,Control Measure : Main Icon,Control Measure;Protection Points;Nuclear Event;Appendices\ControlMeasures\25281500.svg;Point;Protection Points : Nuclear Event;25281500,icon is MAIN;image file does not exist;
{Symbols_Root}\Appendices\ControlMeasures\25281600.emf,32,Protection Points : Nuclear Fallout Producing Event,Control Measure : Main Icon,Control Measure;Protection Points;Nuclear Fallout Producing Event;Appendices\ControlMeasures\25281600.svg;Point;Protection Points : Nuclear Fallout Producing Event;25281600,icon is MAIN;image file does not exist;
{Symbols_Root}\Appendices\ControlMeasures\25281700.emf,32,Protection Points : Radiological,Control Measure : Main Icon,Control Measure;Protection Points;Radiological;Appendices\ControlMeasures\25281700.svg;Point;Protection Points : Radiological;25281700,icon is MAIN;image file does not exist;
{Symbols_Root}\Appendices\ControlMeasures\25281701.emf,32,Protection Points : Radiological : Toxic Industrial Material,Control Measure : Main Icon,Control Measure;Protection Points;Radiological;Toxic Industrial Material;Appendices\ControlMeasures\25281701.svg;Point;Protection Points : Radiological : Toxic Industrial Material;25281701,icon is MAIN;image file does not exist;
{Symbols_Root}\Appendices\ControlMeasures\25281800.emf,32,Protection Points : Decontamination/Site,Control Measure : Main Icon,Control Measure;Protection Points;General Decontamination Point/Site;Appendices\ControlMeasures\25281800.svg;Point;Protection Points : Decontamination/Site;25281800,icon is MAIN;image file does not exist;
{Symbols_Root}\Appendices\ControlMeasures\25281801.emf,32,Protection Points : Decontamination/Site : Alternate,Control Measure : Main Icon,Control Measure;Protection Points;General Decontamination Point/Site;Alternate;Appendices\ControlMeasures\25281801.svg;Point;Protection Points : Decontamination/Site : Alternate;25281801,icon is MAIN;image file does not exist;
{Symbols_Root}\Appendices\ControlMeasures\25281802.emf,32,Protection Points : Decontamination/Site : Equipment,Control Measure : Main Icon,Control Measure;Protection Points;General Decontamination Point/Site;Equipment;Appendices\ControlMeasures\25281802.svg;Point;Protection Points : Decontamination/Site : Equipment;25281802,icon is MAIN;image file does not exist;
{Symbols_Root}\Appendices\ControlMeasures\25281803.emf,32,Protection Points : Decontamination/Site : Troop,Control Measure : Main Icon,Control Measure;Protection Points;General Decontamination Point/Site;Troop;Appendices\ControlMeasures\25281803.svg;Point;Protection Points : Decontamination/Site : Troop;25281803,icon is MAIN;image file does not exist;
{Symbols_Root}\Appendices\ControlMeasures\25281804.emf,32,Protection Points : Decontamination/Site : Equipment/Troop,Control Measure : Main Icon,Control Measure;Protection Points;General Decontamination Point/Site;Equipment/Troop;Appendices\ControlMeasures\25281804.svg;Point;Protection Points : Decontamination/Site : Equipment/Troop;25281804,icon is MAIN;image file does not exist;
{Symbols_Root}\Appendices\ControlMeasures\25281805.emf,32,Protection Points : Decontamination/Site : Operational,Control Measure : Main Icon,Control Measure;Protection Points;General Decontamination Point/Site;Operational;Appendices\ControlMeasures\25281805.svg;Point;Protection Points : Decontamination/Site : Operational;25281805,icon is MAIN;image file does not exist;
{Symbols_Root}\Appendices\ControlMeasures\25281806.emf,32,Protection Points : Decontamination/Site : Thorough,Control Measure : Main Icon,Control Measure;Protection Points;General Decontamination Point/Site;Thorough;Appendices\ControlMeasures\25281806.svg;Point;Protection Points : Decontamination/Site : Thorough;25281806,icon is MAIN;image file does not exist;
{Symbols_Root}\Appendices\ControlMeasures\25281807.emf,32,Protection Points : Decontamination/Site : Main Equipment,Control Measure : Main Icon,Control Measure;Protection Points;General Decontamination Point/Site;Main Equipment;Appendices\ControlMeasures\25281807.svg;Point;Protection Points : Decontamination/Site : Main Equipment;25281807,icon is MAIN;image file does not exist;
{Symbols_Root}\Appendices\ControlMeasures\25281808.emf,32,Protection Points : Decontamination/Site : Forward Troop,Control Measure : Main Icon,Control Measure;Protection Points;General Decontamination Point/Site;Forward Troop;Appendices\ControlMeasures\25281808.svg;Point;Protection Points : Decontamination/Site : Forward Troop;25281808,icon is MAIN;image file does not exist;
{Symbols_Root}\Appendices\ControlMeasures\25281809.emf,32,Protection Points : Decontamination/Site : Wounded Personnel,Control Measure : Main Icon,Control Measure;Protection Points;General Decontamination Point/Site;Wounded Personnel;Appendices\ControlMeasures\25281809.svg;Point;Protection Points : Decontamination/Site : Wounded Personnel;25281809,icon is MAIN;image file does not exist;
{Symbols_Root}\Appendices\ControlMeasures\25281901.emf,32,Protection Points : Tetrahedrons- Dragons Teeth- and Other Similar Obstacles : Fixed and Prefabricated,Control Measure : Main Icon,Control Measure;Protection Points;Tetrahedrons- Dragons Teeth- and Other Similar Obstacles;Fixed and Prefabricated;Appendices\ControlMeasures\25281901.svg;Point;Protection Points : Tetrahedrons- Dragons Teeth- and Other Similar Obstacles : Fixed and Prefabricated;25281901,icon is MAIN;image file does not exist;styleItemTags > 255;
{Symbols_Root}\Appendices\ControlMeasures\25281902.emf,32,Protection Points : Tetrahedrons- Dragons Teeth- and Other Similar Obstacles : Movable,Control Measure : Main Icon,Control Measure;Protection Points;Tetrahedrons- Dragons Teeth- and Other Similar Obstacles;Movable;Appendices\ControlMeasures\25281902.svg;Point;Protection Points : Tetrahedrons- Dragons Teeth- and Other Similar Obstacles : Movable;25281902,icon is MAIN;image file does not exist;
{Symbols_Root}\Appendices\ControlMeasures\25281903.emf,32,Protection Points : Tetrahedrons- Dragons Teeth- and Other Similar Obstacles : Movable and Prefabricated,Control Measure : Main Icon,Control Measure;Protection Points;Tetrahedrons- Dragons Teeth- and Other Similar Obstacles;Movable and Prefabricated;Appendices\ControlMeasures\25281903.svg;Point;Protection Points : Tetrahedrons- Dragons Teeth- and Other Similar Obstacles : Movable and Prefabricated;25281903,icon is MAIN;image file does not exist;styleItemTags > 255;
{Symbols_Root}\Appendices\ControlMeasures\25282001.emf,32,Protection Points : Vertical Obstructions : Tower-Low,Control Measure : Main Icon,Control Measure;Protection Points;Vertical Obstructions;Tower-Low;Appendices\ControlMeasures\25282001.svg;Point;Protection Points : Vertical Obstructions : Tower-Low;25282001,icon is MAIN;image file does not exist;
{Symbols_Root}\Appendices\ControlMeasures\25282002.emf,32,Protection Points : Vertical Obstructions : Tower-High,Control Measure : Main Icon,Control Measure;Protection Points;Vertical Obstructions;Tower-High;Appendices\ControlMeasures\25282002.svg;Point;Protection Points : Vertical Obstructions : Tower-High;25282002,icon is MAIN;image file does not exist;
{Symbols_Root}\Appendices\ControlMeasures\25320100.emf,32,Sustainment Points : Ambulance Exchange Point,Control Measure : Main Icon,Control Measure;Sustainment Points;Ambulance Exchange Point;Appendices\ControlMeasures\25320100.svg;Point;Sustainment Points : Ambulance Exchange Point;25320100,icon is MAIN;image file does not exist;
{Symbols_Root}\Appendices\ControlMeasures\25320200.emf,32,Sustainment Points : Ammunition Supply Point,Control Measure : Main Icon,Control Measure;Sustainment Points;Ammunition Supply Point;Appendices\ControlMeasures\25320200.svg;Point;Sustainment Points : Ammunition Supply Point;25320200,icon is MAIN;image file does not exist;
{Symbols_Root}\Appendices\ControlMeasures\25320310.emf,32,Sustainment Points : Ammunition Transfer Point,Control Measure : Main Icon,Control Measure;Sustainment Points;Ammunition Transfer Point;Appendices\ControlMeasures\25320310.svg;Point;Sustainment Points : Ammunition Transfer Point;25320300,icon is MAIN;image file does not exist;
{Symbols_Root}\Appendices\ControlMeasures\25320400.emf,32,Sustainment Points : Cannibalization Point,Control Measure : Main Icon,Control Measure;Sustainment Points;Cannibalization Point;Appendices\ControlMeasures\25320400.svg;Point;Sustainment Points : Cannibalization Point;25320400,icon is MAIN;image file does not exist;
{Symbols_Root}\Appendices\ControlMeasures\25320500.emf,32,Sustainment Points : Casualty Collection Point,Control Measure : Main Icon,Control Measure;Sustainment Points;Casualty Collection Point;Appendices\ControlMeasures\25320500.svg;Point;Sustainment Points : Casualty Collection Point;25320500,icon is MAIN;image file does not exist;
{Symbols_Root}\Appendices\ControlMeasures\25320600.emf,32,Sustainment Points : Civilian Collection Point,Control Measure : Main Icon,Control Measure;Sustainment Points;Civilian Collection Point;Appendices\ControlMeasures\25320600.svg;Point;Sustainment Points : Civilian Collection Point;25320600,icon is MAIN;image file does not exist;
{Symbols_Root}\Appendices\ControlMeasures\25320700.emf,32,Sustainment Points : Detainee Collection Point,Control Measure : Main Icon,Control Measure;Sustainment Points;Detainee Collection Point;Appendices\ControlMeasures\25320700.svg;Point;Sustainment Points : Detainee Collection Point;25320700,icon is MAIN;image file does not exist;
{Symbols_Root}\Appendices\ControlMeasures\25320800.emf,32,Sustainment Points : Enemy Prisoner of War Collection Point,Control Measure : Main Icon,Control Measure;Sustainment Points;Enemy Prisoner of War Collection Point;Appendices\ControlMeasures\25320800.svg;Point;Sustainment Points : Enemy Prisoner of War Collection Point;25320800,icon is MAIN;image file does not exist;
{Symbols_Root}\Appendices\ControlMeasures\25320900.emf,32,Sustainment Points : Logistics Release Point,Control Measure : Main Icon,Control Measure;Sustainment Points;Logistics Release Point;Appendices\ControlMeasures\25320900.svg;Point;Sustainment Points : Logistics Release Point;25320900,icon is MAIN;image file does not exist;
{Symbols_Root}\Appendices\ControlMeasures\25321000.emf,32,Sustainment Points : Maintenance Collection Point (MCP),Control Measure : Main Icon,Control Measure;Sustainment Points;Maintenance Collection Point (MCP);Appendices\ControlMeasures\25321000.svg;Point;Sustainment Points : Maintenance Collection Point (MCP);25321000,icon is MAIN;image file does not exist;
{Symbols_Root}\Appendices\ControlMeasures\25321100.emf,32,Sustainment Points : Medical Evacuation (MEDEVAC) Pick-up Point,Control Measure : Main Icon,Control Measure;Sustainment Points;Medical Evacuation (MEDEVAC) Pick-up Point;Appendices\ControlMeasures\25321100.svg;Point;Sustainment Points : Medical Evacuation (MEDEVAC) Pick-up Point;25321100,icon is MAIN;image file does not exist;
{Symbols_Root}\Appendices\ControlMeasures\25321200.emf,32,Sustainment Points : Rearm-Refuel and Resupply Point (R3P),Control Measure : Main Icon,Control Measure;Sustainment Points;Rearm-Refuel and Resupply Point (R3P);Appendices\ControlMeasures\25321200.svg;Point;Sustainment Points : Rearm-Refuel and Resupply Point (R3P);25321200,icon is MAIN;image file does not exist;
{Symbols_Root}\Appendices\ControlMeasures\25321300.emf,32,Sustainment Points : Refuel on the Move (ROM) Point,Control Measure : Main Icon,Control Measure;Sustainment Points;Refuel on the Move (ROM) Point;Appendices\ControlMeasures\25321300.svg;Point;Sustainment Points : Refuel on the Move (ROM) Point;25321300,icon is MAIN;image file does not exist;
{Symbols_Root}\Appendices\ControlMeasures\25321400.emf,32,Sustainment Points : Traffic Control Post (TCP),Control Measure : Main Icon,Control Measure;Sustainment Points;Traffic Control Post (TCP);Appendices\ControlMeasures\25321400.svg;Point;Sustainment Points : Traffic Control Post (TCP);25321400,icon is MAIN;image file does not exist;
{Symbols_Root}\Appendices\ControlMeasures\25321500.emf,32,Sustainment Points : Trailer Transfer Point (TTP),Control Measure : Main Icon,Control Measure;Sustainment Points;Trailer Transfer Point (TTP);Appendices\ControlMeasures\25321500.svg;Point;Sustainment Points : Trailer Transfer Point (TTP);25321500,icon is MAIN;image file does not exist;
{Symbols_Root}\Appendices\ControlMeasures\25321600.emf,32,Sustainment Points : Unit Maintenance Collection Point (UMCP),Control Measure : Main Icon,Control Measure;Sustainment Points;Unit Maintenance Collection Point (UMCP);Appendices\ControlMeasures\25321600.svg;Point;Sustainment Points : Unit Maintenance Collection Point (UMCP);25321600,icon is MAIN;image file does not exist;
{Symbols_Root}\Appendices\ControlMeasures\25321700.emf,32,Sustainment Points : General Supply,Control Measure : Main Icon,Control Measure;Sustainment Points;General Supply Point;Appendices\ControlMeasures\25321700.svg;Point;Sustainment Points : General Supply;25321700,icon is MAIN;image file does not exist;
{Symbols_Root}\Appendices\ControlMeasures\25321701.emf,32,Sustainment Points : General Supply : NATO Class I Supply Point,Control Measure : Main Icon,Control Measure;Sustainment Points;General Supply Point;NATO Class I Supply Point;Appendices\ControlMeasures\25321701.svg;Point;Sustainment Points : General Supply : NATO Class I Supply Point;25321701,icon is MAIN;image file does not exist;
{Symbols_Root}\Appendices\ControlMeasures\25321702.emf,32,Sustainment Points : General Supply : NATO Class II Supply Point,Control Measure : Main Icon,Control Measure;Sustainment Points;General Supply Point;NATO Class II Supply Point;Appendices\ControlMeasures\25321702.svg;Point;Sustainment Points : General Supply : NATO Class II Supply Point;25321702,icon is MAIN;image file does not exist;
{Symbols_Root}\Appendices\ControlMeasures\25321703.emf,32,Sustainment Points : General Supply : NATO Class III Supply Point,Control Measure : Main Icon,Control Measure;Sustainment Points;General Supply Point;NATO Class III Supply Point;Appendices\ControlMeasures\25321703.svg;Point;Sustainment Points : General Supply : NATO Class III Supply Point;25321703,icon is MAIN;image file does not exist;
{Symbols_Root}\Appendices\ControlMeasures\25321704.emf,32,Sustainment Points : General Supply : NATO Class IV Supply Point,Control Measure : Main Icon,Control Measure;Sustainment Points;General Supply Point;NATO Class IV Supply Point;Appendices\ControlMeasures\25321704.svg;Point;Sustainment Points : General Supply : NATO Class IV Supply Point;25321704,icon is MAIN;image file does not exist;
{Symbols_Root}\Appendices\ControlMeasures\25321705.emf,32,Sustainment Points : General Supply : NATO Class V Supply Point,Control Measure : Main Icon,Control Measure;Sustainment Points;General Supply Point;NATO Class V Supply Point;Appendices\ControlMeasures\25321705.svg;Point;Sustainment Points : General Supply : NATO Class V Supply Point;25321705,icon is MAIN;image file does not exist;
{Symbols_Root}\Appendices\ControlMeasures\25321706.emf,32,Sustainment Points : General Supply : NATO Multiple Class Supply Point,Control Measure : Main Icon,Control Measure;Sustainment Points;General Supply Point;NATO Multiple Class Supply Point;Appendices\ControlMeasures\25321706.svg;Point;Sustainment Points : General Supply : NATO Multiple Class Supply Point;25321706,icon is MAIN;image file does not exist;
{Symbols_Root}\Appendices\ControlMeasures\25321707.emf,32,Sustainment Points : General Supply : US Class I Supply Point,Control Measure : Main Icon,Control Measure;Sustainment Points;General Supply Point;US Class I Supply Point;Appendices\ControlMeasures\25321707.svg;Point;Sustainment Points : General Supply : US Class I Supply Point;25321707,icon is MAIN;image file does not exist;
{Symbols_Root}\Appendices\ControlMeasures\25321708.emf,32,Sustainment Points : General Supply : US Class II Supply Point,Control Measure : Main Icon,Control Measure;Sustainment Points;General Supply Point;US Class II Supply Point;Appendices\ControlMeasures\25321708.svg;Point;Sustainment Points : General Supply : US Class II Supply Point;25321708,icon is MAIN;image file does not exist;
{Symbols_Root}\Appendices\ControlMeasures\25321709.emf,32,Sustainment Points : General Supply : US Class III Supply Point,Control Measure : Main Icon,Control Measure;Sustainment Points;General Supply Point;US Class III Supply Point;Appendices\ControlMeasures\25321709.svg;Point;Sustainment Points : General Supply : US Class III Supply Point;25321709,icon is MAIN;image file does not exist;
{Symbols_Root}\Appendices\ControlMeasures\25321710.emf,32,Sustainment Points : General Supply : US Class IV Supply Point,Control Measure : Main Icon,Control Measure;Sustainment Points;General Supply Point;US Class IV Supply Point;Appendices\ControlMeasures\25321710.svg;Point;Sustainment Points : General Supply : US Class IV Supply Point;25321710,icon is MAIN;image file does not exist;
{Symbols_Root}\Appendices\ControlMeasures\25321711.emf,32,Sustainment Points : General Supply : US Class V Supply Point,Control Measure : Main Icon,Control Measure;Sustainment Points;General Supply Point;US Class V Supply Point;Appendices\ControlMeasures\25321711.svg;Point;Sustainment Points : General Supply : US Class V Supply Point;25321711,icon is MAIN;image file does not exist;
{Symbols_Root}\Appendices\ControlMeasures\25321712.emf,32,Sustainment Points : General Supply : US Class VI Supply Point,Control Measure : Main Icon,Control Measure;Sustainment Points;General Supply Point;US Class VI Supply Point;Appendices\ControlMeasures\25321712.svg;Point;Sustainment Points : General Supply : US Class VI Supply Point;25321712,icon is MAIN;image file does not exist;
{Symbols_Root}\Appendices\ControlMeasures\25321713.emf,32,Sustainment Points : General Supply : US Class VII Supply Point,Control Measure : Main Icon,Control Measure;Sustainment Points;General Supply Point;US Class VII Supply Point;Appendices\ControlMeasures\25321713.svg;Point;Sustainment Points : General Supply : US Class VII Supply Point;25321713,icon is MAIN;image file does not exist;
{Symbols_Root}\Appendices\ControlMeasures\25321714.emf,32,Sustainment Points : General Supply : US Class VIII Supply Point,Control Measure : Main Icon,Control Measure;Sustainment Points;General Supply Point;US Class VIII Supply Point;Appendices\ControlMeasures\25321714.svg;Point;Sustainment Points : General Supply : US Class VIII Supply Point;25321714,icon is MAIN;image file does not exist;
{Symbols_Root}\Appendices\ControlMeasures\25321715.emf,32,Sustainment Points : General Supply : US Class IX Supply Point,Control Measure : Main Icon,Control Measure;Sustainment Points;General Supply Point;US Class IX Supply Point;Appendices\ControlMeasures\25321715.svg;Point;Sustainment Points : General Supply : US Class IX Supply Point;25321715,icon is MAIN;image file does not exist;
{Symbols_Root}\Appendices\ControlMeasures\25321716.emf,32,Sustainment Points : General Supply : US Class X Supply Point,Control Measure : Main Icon,Control Measure;Sustainment Points;General Supply Point;US Class X Supply Point;Appendices\ControlMeasures\25321716.svg;Point;Sustainment Points : General Supply : US Class X Supply Point;25321716,icon is MAIN;image file does not exist;
{Symbols_Root}\Appendices\ControlMeasures\25321800.emf,32,Sustainment Points : Medical Supply Point,Control Measure : Main Icon,Control Measure;Sustainment Points;Medical Supply Point;Appendices\ControlMeasures\25321800.svg;Point;Sustainment Points : Medical Supply Point;25321800,icon is MAIN;image file does not exist;
{Symbols_Root}\Appendices\ControlMeasures\25341600.emf,32,Mission Tasks : Neutralize,Control Measure : Main Icon,Control Measure;Mission Tasks;Neutralize;Appendices\ControlMeasures\25341600.svg;Point;Mission Tasks : Neutralize;25341600,icon is MAIN;image file does not exist;
